chroma_stft,rmse,spectral_centroid,spectral_bandwidth,rolloff,zero_crossing_rate,mfcc1,mfcc2,mfcc3,mfcc4,mfcc5,mfcc6,mfcc7,mfcc8,mfcc9,mfcc10,mfcc11,mfcc12,mfcc13,mfcc14,mfcc15,mfcc16,mfcc17,mfcc18,mfcc19,mfcc20,genre,filename
0.34995052218437195,0.13019199669361115,1784.416545970319,2002.6571063943209,3806.4186497738488,0.08306639113293343,-113.619384765625,121.55301666259766,-19.15105628967285,42.345767974853516,-6.3711676597595215,18.613033294677734,-13.692060470581055,15.339378356933594,-12.28361701965332,10.973774909973145,-8.322409629821777,8.806787490844727,-3.665801763534546,5.745938777923584,-5.1617112159729,0.750298023223877,-1.6883580684661865,-0.40932849049568176,-2.2988688945770264,1.219947099685669,blues,blues.00000.wav
0.3409450948238373,0.09589168429374695,1529.8713140945188,2038.6121427572907,3548.9868730952494,0.056044256724071206,-207.58151245117188,123.99714660644531,8.939114570617676,35.870758056640625,2.9199705123901367,21.518787384033203,-8.555368423461914,23.355937957763672,-10.10103702545166,11.906444549560547,-5.558122634887695,5.375942230224609,-2.23783278465271,4.217124938964844,-6.01104736328125,0.9326680302619934,-0.7170279026031494,0.29233336448669434,-0.2857168912887573,0.53214430809021,blues,blues.00001.wav
0.36356186866760254,0.17549368739128113,1552.6377863181908,1747.3820283016653,3041.0899442784926,0.07630074799245357,-90.7763442993164,140.4486083984375,-29.10055923461914,31.687339782714844,-13.975971221923828,25.74168586730957,-13.644712448120117,11.623111724853516,-11.775920867919922,9.70046615600586,-13.115348815917969,5.785763263702393,-8.89973258972168,-1.0870236158370972,-9.216773986816406,2.453648328781128,-7.721793174743652,-1.8164970874786377,-3.4343533515930176,-2.231391191482544,blues,blues.00002.wav
0.4048483371734619,0.1411392092704773,1070.1100585189854,1596.244204184935,2185.0617872303114,0.03330894446594427,-199.46200561523438,150.09474182128906,5.649167060852051,26.87014389038086,1.755440592765808,14.2368803024292,-4.8288726806640625,9.29784870147705,-0.7531418800354004,8.147393226623535,-3.1952357292175293,6.085353374481201,-2.4761881828308105,-1.0762245655059814,-2.876056432723999,0.776908814907074,-3.3200554847717285,0.6372628211975098,-0.6175069212913513,-3.40693998336792,blues,blues.00003.wav
0.3085981607437134,0.09154040366411209,1835.5070084014953,1748.3674767249413,3581.003346162684,0.1015001421004257,-160.29185485839844,126.19576263427734,-35.602500915527344,22.151168823242188,-32.487640380859375,10.862022399902344,-23.357162475585938,0.5005232095718384,-11.804770469665527,1.203877568244934,-13.085074424743652,-2.8098487854003906,-6.9356207847595215,-7.559293746948242,-9.172151565551758,-4.510408401489258,-5.453736305236816,-0.9244677424430847,-4.40807580947876,-11.70183277130127,blues,blues.00004.wav
0.30241402983665466,0.10343772172927856,1831.9900685948742,1729.4562589469804,3480.8539517523704,0.09403986975135449,-177.88876342773438,118.18952941894531,-17.550729751586914,30.753101348876953,-21.732107162475586,11.898545265197754,-20.732280731201172,3.17616868019104,-8.575770378112793,-0.9401844143867493,-11.773798942565918,-2.4260759353637695,-9.342486381530762,-9.947081565856934,-3.9053468704223633,-5.568540573120117,-1.839969277381897,-2.784175157546997,-3.046112060546875,-8.115227699279785,blues,blues.00005.wav
0.29140564799308777,0.14168789982795715,1459.0353761872718,1388.7255154687855,2795.67476160386,0.07302790308146284,-190.17501831054688,130.29241943359375,-36.348472595214844,33.029090881347656,11.085680961608887,-0.5963724851608276,-20.882356643676758,0.277116060256958,-6.500870704650879,-5.515623092651367,-7.8452887535095215,-3.123599052429199,-6.5957159996032715,-9.947578430175781,-6.540925025939941,-10.071380615234375,-10.912118911743164,-6.970003128051758,-3.4485127925872803,-6.498457431793213,blues,blues.00006.wav
0.3073144555091858,0.13174523413181305,1451.8494584581754,1577.5518583197493,2955.7654602239745,0.06143500266060371,-179.42007446289062,136.4420928955078,-26.644338607788086,39.979591369628906,5.301814556121826,10.921236991882324,-20.555347442626953,8.507476806640625,-11.35435962677002,-3.4690980911254883,-8.414113998413086,-6.956976890563965,-3.5483484268188477,-8.05168342590332,-8.960484504699707,-8.421076774597168,-10.558598518371582,-10.790192604064941,-4.700794696807861,-8.638815879821777,blues,blues.00007.wav
0.40899816155433655,0.1423606276512146,1719.2739373344168,2031.6873439502422,3781.5188003398316,0.06402757957623839,-121.38711547851562,122.5053939819336,-14.739394187927246,46.135292053222656,-8.160384178161621,20.170509338378906,-19.169321060180664,23.050188064575195,-11.825940132141113,21.173410415649414,-6.720290660858154,7.005018711090088,-12.739911079406738,5.064208984375,-5.173075199127197,-1.4469950199127197,-7.036928176879883,2.6948745250701904,3.409332275390625,-2.699190855026245,blues,blues.00008.wav
0.2740142345428467,0.08132097870111465,1817.529546414671,1973.69030921519,3944.584480970637,0.0792153184258901,-213.20452880859375,115.154541015625,-11.720502853393555,39.032554626464844,-20.357818603515625,13.089925765991211,-9.180814743041992,9.023638725280762,-14.101022720336914,4.283337116241455,-6.044196128845215,3.786367893218994,0.22368746995925903,-5.114480972290039,-0.414536714553833,-1.1848984956741333,-1.9183391332626343,-2.2957963943481445,2.8912301063537598,-4.234532833099365,blues,blues.00009.wav
0.30396515130996704,0.14286480844020844,1410.675357056213,1512.9717892723413,2767.5082652561437,0.06298072271671827,-173.7158660888672,137.14024353027344,-23.76764678955078,26.99173927307129,-16.68766212463379,4.214374542236328,-12.58261775970459,5.854559421539307,-2.8846731185913086,-1.1866811513900757,-1.9771541357040405,1.8001550436019897,-3.004411458969116,-1.8699357509613037,-0.7962682247161865,-3.0132641792297363,-0.43592527508735657,-2.001810073852539,-0.7466385960578918,-5.001237869262695,blues,blues.00010.wav
0.36580705642700195,0.06568456441164017,1353.3291189300633,1757.3310044069237,2882.31590436339,0.04395891785990712,-287.9235534667969,123.97102355957031,5.456121921539307,33.68454360961914,1.0892010927200317,14.704721450805664,-4.898605823516846,8.653276443481445,0.782797634601593,6.566735744476318,-4.879439830780029,-3.1806588172912598,-5.557003498077393,-6.78662109375,-2.644232988357544,-2.982431411743164,-3.381138324737549,-1.861497402191162,1.8359204530715942,-4.896511554718018,blues,blues.00011.wav
0.2693325877189636,0.1190238893032074,1361.1004062354928,1567.6007717770153,2739.791766187355,0.06912392064144737,-207.208740234375,132.79708862304688,-15.460705757141113,60.9948616027832,0.7102411985397339,12.461278915405273,1.160927653312683,-1.5278946161270142,-17.90181541442871,8.369234085083008,-2.4538185596466064,-0.5966886281967163,0.3688165247440338,2.6052277088165283,-5.193014621734619,-9.530149459838867,-9.23740005493164,-2.8406758308410645,-1.4114445447921753,-5.931028842926025,blues,blues.00012.wav
0.26472628116607666,0.1131889671087265,1324.3317542217217,1827.3844642890322,2710.3669441152283,0.051417300575657895,-209.78219604492188,124.4659194946289,10.285804748535156,47.030174255371094,6.482385635375977,15.417020797729492,-2.010077714920044,6.735785961151123,-21.548620223999023,10.728498458862305,-5.5324320793151855,-2.202038049697876,-3.051727056503296,8.64401912689209,-0.3108457624912262,-0.6361448764801025,-2.9359381198883057,-1.7065969705581665,-1.7654228210449219,-7.7559638023376465,blues,blues.00013.wav
0.32904088497161865,0.06693624705076218,1172.2763008557504,1705.8583767615448,2345.777482071159,0.045045834945820436,-305.6985778808594,113.0416259765625,12.114900588989258,45.03944396972656,17.739238739013672,14.594630241394043,4.157128810882568,0.24009793996810913,-7.013088226318359,13.649843215942383,8.923057556152344,1.3016899824142456,5.9521284103393555,8.542282104492188,1.1171257495880127,0.5882185697555542,0.06007753685116768,-3.7065188884735107,-1.0018839836120605,-1.804413914680481,blues,blues.00014.wav
0.2703465521335602,0.08063894510269165,1420.4114787701458,1730.9171016184662,2930.240614569224,0.0637176797116873,-238.5330352783203,120.08828735351562,-4.224555492401123,42.31004333496094,5.916329383850098,13.91418170928955,5.357577323913574,1.903708577156067,-16.929880142211914,12.339309692382812,3.94096040725708,-1.3906768560409546,0.01479203812777996,3.580495834350586,-4.504993438720703,-5.5419511795043945,-6.883077144622803,-4.826390266418457,1.7385828495025635,-1.8840166330337524,blues,blues.00015.wav
0.30829644203186035,0.08141902089118958,1455.0424713768246,1825.9090251785303,3009.9651324859715,0.061350725014512386,-233.79489135742188,120.66705322265625,-3.167560577392578,39.539268493652344,3.8588550090789795,18.839672088623047,-3.6889171600341797,4.431844711303711,-14.975374221801758,17.571033477783203,1.8447446823120117,2.538606643676758,-1.2386858463287354,8.439362525939941,-0.20983853936195374,-3.906785249710083,-4.478641033172607,-0.012232198379933834,1.2932648658752441,-2.0874292850494385,blues,blues.00016.wav
0.30223947763442993,0.09325911104679108,1088.7781161784512,1410.8359525015335,2134.7537581027477,0.04832397083010836,-245.75413513183594,140.48092651367188,-2.7714390754699707,60.42012023925781,18.925399780273438,9.8371000289917,3.5665769577026367,0.536187469959259,-16.367361068725586,6.629854679107666,7.269148826599121,-4.015730857849121,1.6074535846710205,5.898682117462158,-3.0176076889038086,-4.774899482727051,-3.0270700454711914,-1.9985328912734985,-0.058759115636348724,-3.9718897342681885,blues,blues.00017.wav
0.2700793147087097,0.07964064180850983,1537.56091926741,2054.224165444145,3495.4621967516446,0.056131935710139316,-252.51876831054688,104.9369888305664,15.316827774047852,42.67346954345703,6.762617588043213,21.623577117919922,-1.3132768869400024,5.691933631896973,-16.619516372680664,12.161626815795898,-1.9679499864578247,1.9697649478912354,-0.8889585137367249,7.771046161651611,2.386951446533203,1.7799875736236572,1.3449865579605103,3.637112617492676,4.9108076095581055,-2.6554036140441895,blues,blues.00018.wav
0.25735950469970703,0.09763429313898087,1195.4133983085592,1480.9442638678327,2235.2114839819565,0.05887114817143963,-236.68890380859375,138.40428161621094,-4.923574924468994,47.64771270751953,5.152376174926758,8.895283699035645,0.48285630345344543,-3.8016679286956787,-14.97489070892334,10.432586669921875,-0.3539615869522095,0.7883455753326416,1.7829304933547974,4.230210781097412,-0.4710170328617096,-6.105654239654541,-5.3870768547058105,-1.3430606126785278,-3.7227933406829834,-4.362499713897705,blues,blues.00019.wav
0.30279943346977234,0.07535404711961746,1389.9522837601053,1911.3143992689456,3005.7401580338137,0.05256015080785604,-230.42657470703125,127.10052490234375,7.145354270935059,39.78431701660156,1.9449424743652344,17.40534019470215,-5.639428615570068,8.252129554748535,-18.104385375976562,13.842513084411621,-3.7609128952026367,2.571859836578369,-4.320805549621582,6.81239128112793,-6.159838676452637,-6.215454578399658,-4.511592388153076,-1.8506044149398804,-0.5394864678382874,1.5043970346450806,blues,blues.00020.wav
0.3211421072483063,0.10111809521913528,1046.7275070203577,1480.5791610107556,1831.1222607875386,0.04793735185274768,-264.678466796875,138.85833740234375,11.156023025512695,48.53825378417969,14.89592456817627,20.584367752075195,3.2051422595977783,1.2625881433486938,-15.847021102905273,15.986576080322266,3.3616716861724854,-1.51374089717865,1.8921548128128052,6.3119215965271,-0.9948620796203613,-2.41672420501709,-3.684751272201538,0.4993973970413208,5.050746917724609,-0.7867031097412109,blues,blues.00021.wav
0.306441992521286,0.11343149840831757,1156.2023631215009,1497.7588839195664,2170.511875211639,0.05861340218653251,-233.85751342773438,136.17208862304688,3.2713184356689453,48.93121337890625,8.685133934020996,13.979510307312012,5.354867935180664,0.39087018370628357,-13.5045747756958,16.85610580444336,5.1309380531311035,-2.231879949569702,3.9640331268310547,5.318362236022949,0.8122656941413879,-1.0979139804840088,-4.539752006530762,-2.434786081314087,3.313448905944824,-0.6142793893814087,blues,blues.00022.wav
0.280720978975296,0.1019149050116539,1210.4571260262846,1498.054609339013,2522.5430798604393,0.052482675841718264,-227.26885986328125,137.73069763183594,-14.4934663772583,63.555702209472656,5.612640857696533,11.984639167785645,1.8855520486831665,-1.863376498222351,-7.620555400848389,-2.447174310684204,-2.8867249488830566,-9.429529190063477,-10.92391300201416,3.5625579357147217,4.1377058029174805,0.09554386138916016,-2.9725446701049805,-1.3788750171661377,7.541175842285156,-3.0374627113342285,blues,blues.00023.wav
0.2631080746650696,0.08696161210536957,1120.3909802285903,1447.85262505518,2325.127606938129,0.047297899937113,-274.3118591308594,130.41371154785156,-6.392799377441406,70.40501403808594,13.26914119720459,9.461283683776855,7.725641250610352,-1.2474907636642456,-0.5775884389877319,-2.30258846282959,3.783147096633911,0.08482318371534348,-0.9394359588623047,2.2965147495269775,4.288378715515137,-1.661861777305603,-10.444594383239746,-6.7975335121154785,-1.0660518407821655,-1.5959948301315308,blues,blues.00024.wav
0.29098066687583923,0.08917960524559021,1109.721378629315,1463.539070397656,2243.744765715702,0.05172493288022446,-249.28939819335938,130.98703002929688,0.6773900985717773,66.68578338623047,17.89780616760254,4.62373685836792,6.5983076095581055,1.2490499019622803,1.4163893461227417,-1.5791418552398682,-0.962662935256958,-3.571995735168457,-2.9279816150665283,4.596817970275879,7.478900909423828,-0.1831369251012802,-2.825326681137085,-2.678844690322876,0.7485471367835999,-0.5342602133750916,blues,blues.00025.wav
0.27866604924201965,0.07693855464458466,1198.754498572217,1573.0851132732241,2478.8266775408765,0.051987591911764705,-284.6973571777344,108.8051986694336,9.088282585144043,51.222740173339844,18.09175682067871,7.612260818481445,8.779499053955078,2.3628289699554443,0.005786246154457331,2.2509663105010986,4.205099582672119,-3.2933170795440674,1.6082983016967773,2.6657817363739014,3.3244853019714355,3.2600789070129395,-4.5583109855651855,0.47801902890205383,5.929787635803223,3.2283401489257812,blues,blues.00026.wav
0.288704514503479,0.09572528302669525,1391.4439037459135,1494.8508338204408,2811.1413347462753,0.07235897288602941,-228.2506561279297,130.3444061279297,-23.291290283203125,70.1720962524414,1.1422709226608276,7.602447509765625,0.9099381566047668,1.9782512187957764,-6.167007923126221,-9.396023750305176,-2.562840461730957,-4.522894382476807,-0.2629503607749939,0.17933404445648193,-1.5074474811553955,1.4652515649795532,-6.9718475341796875,-8.322179794311523,4.23895263671875,0.9814861416816711,blues,blues.00027.wav
0.2760109007358551,0.09958247095346451,1115.541195251936,1398.5093836910733,2290.3194840847523,0.04802843217879257,-248.9867401123047,139.06719970703125,-16.282499313354492,57.117984771728516,20.19265365600586,10.188037872314453,4.543976306915283,0.3312791883945465,-7.877950668334961,-3.4479153156280518,-2.646488904953003,-2.8313822746276855,-0.902166485786438,-2.4017205238342285,2.567502975463867,-5.855443954467773,-12.398049354553223,-7.310065269470215,-0.9439506530761719,-2.68737530708313,blues,blues.00028.wav
0.28055399656295776,0.12466930598020554,1649.2877536970097,2190.221833503233,3761.610587388738,0.05292636174535604,-233.75082397460938,101.17827606201172,17.64976692199707,23.733776092529297,2.082033157348633,25.941923141479492,-16.95884895324707,15.098033905029297,-22.278715133666992,4.395122528076172,-23.2074031829834,-6.057175159454346,-5.068857192993164,1.067392110824585,-5.785367012023926,-8.31113052368164,-11.38913631439209,-6.727950096130371,-10.025586128234863,-14.0328950881958,blues,blues.00029.wav
0.2631293833255768,0.1700301468372345,1378.96577648813,2003.5852163311854,3015.0567683642125,0.03937580120452786,-206.96807861328125,117.79298400878906,23.23587989807129,28.297826766967773,-1.1239153146743774,18.862035751342773,-21.949682235717773,17.849985122680664,-25.585643768310547,2.129925012588501,-17.794416427612305,-8.01590347290039,-17.607276916503906,-8.139436721801758,-8.648126602172852,-15.528326034545898,-15.317337036132812,-9.663829803466797,-10.09868049621582,-17.8337345123291,blues,blues.00030.wav
0.2536383867263794,0.15153230726718903,1331.0365912698594,1973.6486462859361,2900.174129710478,0.04296723829334365,-221.8311309814453,110.83949279785156,18.6168212890625,30.920137405395508,3.2959229946136475,22.58736228942871,-20.416349411010742,12.11873722076416,-26.35049819946289,-4.3674845695495605,-26.413198471069336,-13.045098304748535,-12.654766082763672,-1.8243434429168701,-7.258695125579834,-6.66108512878418,-14.686605453491211,-11.720062255859375,-11.023768424987793,-13.388402938842773,blues,blues.00031.wav
0.27626824378967285,0.10115690529346466,1309.6646971460584,1883.0626115012408,2765.658276442773,0.03939318583107585,-288.8077087402344,105.89604187011719,18.77703857421875,23.710391998291016,5.711881160736084,25.549087524414062,-13.473759651184082,12.428972244262695,-11.942033767700195,1.5714256763458252,-15.63591194152832,-6.650615692138672,-11.713253021240234,-2.9383888244628906,-7.372579574584961,-15.69748306274414,-10.974153518676758,-10.889544486999512,-18.505475997924805,-19.103351593017578,blues,blues.00032.wav
0.26082009077072144,0.13312429189682007,1430.5981944868504,2075.6524158312614,3246.7553673144835,0.04196988982681889,-239.03807067871094,108.6572036743164,34.15188980102539,30.23917007446289,-0.4757433533668518,27.29263687133789,-21.379398345947266,14.150508880615234,-24.510177612304688,-1.8840460777282715,-28.050291061401367,-11.256650924682617,-16.476930618286133,-7.637184143066406,-12.79912281036377,-15.357240676879883,-13.729804039001465,-7.397777557373047,-10.089319229125977,-13.29153823852539,blues,blues.00033.wav
0.26211869716644287,0.13591797649860382,1536.7310778930728,2157.0586117243593,3600.91989239672,0.04570040392801858,-217.23867797851562,105.79236602783203,15.617069244384766,25.25638198852539,-1.4402743577957153,30.1898193359375,-17.715219497680664,17.318172454833984,-27.20952796936035,4.33916711807251,-20.059492111206055,-10.695944786071777,-14.220666885375977,-5.156217575073242,-3.4732658863067627,-6.189413070678711,-15.326929092407227,-6.845921039581299,-9.827670097351074,-13.943093299865723,blues,blues.00034.wav
0.2882498800754547,0.17330875992774963,1507.1047288496127,2096.717628469328,3405.4127412683824,0.045430186363196595,-171.81019592285156,120.28062438964844,15.327536582946777,21.090450286865234,-5.4192962646484375,24.189464569091797,-24.138221740722656,18.55198097229004,-22.34890365600586,1.3031774759292603,-20.763931274414062,-4.988852024078369,-17.118925094604492,-7.886534214019775,-15.308929443359375,-9.351314544677734,-8.91386604309082,-8.525090217590332,-14.333635330200195,-19.93372344970703,blues,blues.00035.wav
0.23319606482982635,0.1977485865354538,1247.4080160193944,1907.7056718339709,2621.5758143563758,0.03690378289473684,-200.1960906982422,116.34013366699219,18.006210327148438,25.313560485839844,0.2917344272136688,24.19247817993164,-22.255908966064453,11.18642520904541,-26.848731994628906,-7.6384596824646,-24.889928817749023,-12.015525817871094,-17.017953872680664,-8.120277404785156,-11.956442832946777,-12.609148979187012,-14.181589126586914,-8.206692695617676,-15.028045654296875,-10.327058792114258,blues,blues.00036.wav
0.24868349730968475,0.06912996619939804,1188.1011591132924,1682.7073903752769,2339.3941873367357,0.04816032858455882,-328.6808776855469,102.71112823486328,19.895551681518555,26.732681274414062,7.1514811515808105,22.704803466796875,-6.9743266105651855,12.781993865966797,-10.725780487060547,-0.43366092443466187,-12.373165130615234,-8.90705394744873,-9.240108489990234,-9.106372833251953,-9.001112937927246,-7.636345386505127,-7.189153671264648,-9.366815567016602,-4.469685077667236,-3.6831247806549072,blues,blues.00037.wav
0.2658964991569519,0.16808560490608215,1513.5200525685514,2140.7028237761865,3449.8458059210525,0.044378038530379256,-192.69381713867188,111.18816375732422,21.373310089111328,26.39214324951172,-0.6483754515647888,23.480880737304688,-25.470796585083008,16.924428939819336,-16.979984283447266,5.790150165557861,-25.72524642944336,-5.045351982116699,-17.632244110107422,-7.9208664894104,-15.15027904510498,-12.345927238464355,-17.235107421875,-7.781933307647705,-13.042010307312012,-17.948871612548828,blues,blues.00038.wav
0.2553582489490509,0.0858374685049057,1151.3780299215705,1709.3165900923666,2312.5276831281444,0.03533878857875387,-301.7071533203125,111.53472137451172,21.896408081054688,16.14818000793457,8.196240425109863,22.08507537841797,-8.614954948425293,1.4815573692321777,-17.084373474121094,-8.345808982849121,-17.013063430786133,-10.5756196975708,-15.689096450805664,-12.605565071105957,-12.25390338897705,-14.553242683410645,-10.102509498596191,-5.785534381866455,-7.775144100189209,-7.186196327209473,blues,blues.00039.wav
0.39779356122016907,0.13483501970767975,2272.517619263623,2356.8453843678935,5108.277444278493,0.09765700585332818,-110.2843246459961,90.70560455322266,-2.528311252593994,74.052734375,-11.7467679977417,39.214576721191406,-13.174300193786621,20.531587600708008,-17.1676082611084,12.827254295349121,-21.434446334838867,5.952132225036621,-8.032604217529297,4.243276119232178,-16.482643127441406,6.545287132263184,-5.693635940551758,-3.637852191925049,-4.857603073120117,1.8532673120498657,blues,blues.00040.wav
0.38709408044815063,0.12912002205848694,2390.7715766040615,2463.374815737768,5403.758990875339,0.10228887504837461,-107.18975067138672,88.47057342529297,-4.177787780761719,55.48548889160156,-8.010379791259766,38.416542053222656,-6.4025750160217285,28.576522827148438,-19.82078742980957,13.252738952636719,-19.239791870117188,12.076225280761719,-4.583087921142578,3.7897160053253174,-16.99370002746582,11.624960899353027,-7.362244129180908,-3.657815456390381,-7.179123401641846,1.9747294187545776,blues,blues.00041.wav
0.3776853680610657,0.1109512597322464,2302.0756478879343,2367.7204426147664,5188.535292303599,0.09786448759191177,-159.56771850585938,69.78482055664062,-4.391879558563232,76.85113525390625,3.9159083366394043,45.16753005981445,-4.8673529624938965,32.20051574707031,-9.796340942382812,7.812511920928955,-21.826967239379883,9.682440757751465,-2.5915892124176025,3.304537773132324,-14.970441818237305,10.232260704040527,-4.089529991149902,-5.8507585525512695,-2.4700005054473877,6.661131381988525,blues,blues.00042.wav
0.3990493714809418,0.12724722921848297,2155.6312958781195,2372.2914028592495,5011.978026587896,0.08716538373161764,-109.19499969482422,100.6270523071289,-8.620549201965332,47.364219665527344,-6.559237003326416,39.620792388916016,-8.523994445800781,29.56473731994629,-16.583515167236328,13.170684814453125,-24.209320068359375,6.591902732849121,-8.641899108886719,4.917565822601318,-15.44278335571289,1.5376118421554565,-6.7392730712890625,1.4151818752288818,-3.9658138751983643,3.287877321243286,blues,blues.00043.wav
0.3901600241661072,0.13617800176143646,2279.265543032408,2375.0847954510327,5198.476898854731,0.09257049088138544,-109.53234100341797,86.92649841308594,-8.62498950958252,64.489501953125,-6.306035041809082,43.64582061767578,-8.293103218078613,28.54642677307129,-14.081591606140137,8.136634826660156,-21.490427017211914,11.086616516113281,-5.094467639923096,3.9787721633911133,-12.864776611328125,12.342427253723145,0.02058553509414196,-0.7392383217811584,-5.130451202392578,3.307131290435791,blues,blues.00044.wav
0.42972078919410706,0.14830446243286133,1739.0461604116058,2290.4006079789,4551.180812965606,0.048051863631965945,-163.24313354492188,89.7848892211914,12.977458953857422,80.6924819946289,3.6667745113372803,39.7451286315918,-5.400378704071045,26.49867057800293,-13.163736343383789,2.7070133686065674,-20.552906036376953,6.0071892738342285,-2.9081320762634277,-0.4348350465297699,-17.545372009277344,4.154167652130127,-5.990098476409912,-7.862035751342773,-8.565295219421387,1.8571712970733643,blues,blues.00045.wav
0.38791006803512573,0.10253710299730301,1912.443629773089,2361.3904727614045,4776.687782689145,0.05842595056114551,-182.66500854492188,90.68653869628906,14.118145942687988,67.5545883178711,2.687610626220703,38.43161392211914,-8.420626640319824,24.123554229736328,-13.787511825561523,4.844969272613525,-16.67662239074707,5.8230791091918945,-5.149289131164551,0.1937885582447052,-14.486602783203125,6.86480188369751,-4.444830894470215,-2.986877679824829,-4.821169376373291,5.3993239402771,blues,blues.00046.wav
0.33643755316734314,0.11219596117734909,2013.364449506875,2310.256346927857,4849.570675309597,0.07534497145897832,-149.9758758544922,93.64075469970703,6.336243629455566,71.51114654541016,-8.113178253173828,36.21202087402344,-9.78497314453125,17.641597747802734,-21.119003295898438,-0.1259031444787979,-22.20098876953125,5.435663223266602,-7.467779636383057,-4.3329644203186035,-12.409764289855957,9.624794006347656,-5.024240016937256,-3.706312894821167,2.335940361022949,4.162243366241455,blues,blues.00047.wav
0.3794104754924774,0.12392562627792358,2148.749819335174,2204.3524129166544,4673.621739248742,0.09881232766544118,-106.34815216064453,102.64147186279297,-20.172258377075195,59.375205993652344,-9.967278480529785,33.706119537353516,-14.182174682617188,23.516733169555664,-13.329085350036621,16.026071548461914,-18.92317771911621,7.831767559051514,-7.800383567810059,4.0504374504089355,-11.348731994628906,2.0717623233795166,-5.742274761199951,0.4652978777885437,-1.9167938232421875,-3.1317524909973145,blues,blues.00048.wav
0.27759212255477905,0.0885634496808052,1318.6237037811225,1904.407867651936,3046.8565760751258,0.03997292533378483,-255.9738311767578,110.82752227783203,21.460573196411133,67.588134765625,4.288311958312988,43.11846160888672,-4.508347988128662,10.442597389221191,-8.718591690063477,1.6548898220062256,-20.587791442871094,-2.430673837661743,-7.144061088562012,-11.172762870788574,-12.612459182739258,2.741722583770752,-8.942420959472656,-7.946156978607178,-2.3538341522216797,-0.7147953510284424,blues,blues.00049.wav
0.4009089469909668,0.18233932554721832,1945.6207939267476,2082.1764771287803,4175.766416378435,0.08580598152089783,-83.00167846679688,107.06743621826172,-25.323680877685547,57.122074127197266,0.08129866421222687,34.70890426635742,-11.047215461730957,20.533279418945312,-11.2201509475708,14.839781761169434,-10.229966163635254,12.542858123779297,-9.772625923156738,2.560520887374878,-6.298748970031738,3.008488655090332,-8.717000961303711,-0.32524624466896057,-2.984734296798706,0.7146167755126953,blues,blues.00050.wav
0.3937113285064697,0.19665054976940155,1977.1089040094187,1927.4390139416107,3942.8761579672987,0.1066270952254257,-55.59663009643555,114.95120239257812,-37.06935119628906,64.90438079833984,-7.164943218231201,15.2547025680542,-16.23533058166504,18.64357566833496,-9.752285957336426,21.465389251708984,-5.652097702026367,12.784239768981934,-16.537031173706055,3.797079086303711,-7.895241737365723,8.477640151977539,-4.067899227142334,3.206017255783081,-5.180142402648926,-1.2800464630126953,blues,blues.00051.wav
0.3390606939792633,0.09887826442718506,1443.2688618053,1670.2395750483747,3069.306440323868,0.06719384916795666,-225.30030822753906,117.64151763916016,-14.544607162475586,64.80238342285156,12.931656837463379,19.02923583984375,10.688533782958984,9.883125305175781,-2.3828370571136475,11.688009262084961,1.5453438758850098,3.0493671894073486,-7.628482818603516,-8.961091995239258,-4.351271152496338,-0.06528475135564804,-2.5532407760620117,-3.436927080154419,-3.867452383041382,1.3170225620269775,blues,blues.00052.wav
0.4124909043312073,0.16826628148555756,2171.1586190945404,1954.1375650548994,4237.0993788397345,0.13280229598006965,-76.75776672363281,105.77047729492188,-43.20883560180664,60.95010757446289,-8.791271209716797,21.246782302856445,-12.877674102783203,18.6212158203125,-11.399116516113281,14.550057411193848,-6.057422161102295,12.740340232849121,-9.374366760253906,1.3606244325637817,-3.6204464435577393,7.00457763671875,-4.0630011558532715,-0.26885953545570374,-3.7049412727355957,-0.4966115653514862,blues,blues.00053.wav
0.45287561416625977,0.20081737637519836,2030.3725287964605,1987.0908589175308,4062.6921001233554,0.10338599615421827,-58.0010986328125,109.01412200927734,-36.218387603759766,64.04035949707031,1.4301584959030151,26.31511878967285,-17.48267936706543,20.43101692199707,-9.543068885803223,18.177133560180664,-6.057142734527588,13.878271102905273,-11.297562599182129,4.668997764587402,-6.410600662231445,3.2177231311798096,-8.079231262207031,-1.7114862203598022,-5.424765110015869,-2.581413984298706,blues,blues.00054.wav
0.43283748626708984,0.1577526181936264,2032.120014161525,1976.2784101797834,4023.509003724845,0.11316673822078173,-98.69757080078125,104.8011703491211,-35.10866928100586,60.695045471191406,-2.839327335357666,22.231002807617188,-7.837456703186035,19.030719757080078,-11.578804016113281,17.021759033203125,-5.3873515129089355,12.199110984802246,-9.960819244384766,0.35878807306289673,-4.261345386505127,6.137922286987305,-4.830240249633789,1.4995237588882446,-1.4942469596862793,3.505638360977173,blues,blues.00055.wav
0.3923787772655487,0.13766218721866608,1810.9603368829585,2052.0430152756694,3927.2429191660217,0.07547951335139319,-145.42918395996094,102.85956573486328,-12.542129516601562,56.96205139160156,2.247262716293335,26.607046127319336,-4.267034530639648,17.337631225585938,-7.997035503387451,15.232125282287598,-6.937478065490723,7.460383415222168,-10.4683256149292,-2.3522398471832275,-6.785083770751953,2.6685791015625,-4.779871463775635,-0.9447567462921143,0.030942650511860847,-2.0021631717681885,blues,blues.00056.wav
0.42432162165641785,0.17587894201278687,1886.705706255258,1913.2319286636473,3828.0685188600523,0.08992387045278638,-92.76853942871094,115.34077453613281,-35.06004333496094,57.85359573364258,1.8453195095062256,26.612060546875,-14.544861793518066,22.132043838500977,-8.207085609436035,11.007706642150879,-5.6440935134887695,7.272861480712891,-10.202146530151367,1.32712721824646,-4.106721878051758,0.9749597311019897,-6.550568103790283,-0.6835874915122986,-2.125002145767212,-1.5218052864074707,blues,blues.00057.wav
0.3566683530807495,0.16195586323738098,2068.327653288622,2033.7527183133286,4231.51607926785,0.10437162889415634,-95.45585632324219,105.2293701171875,-26.96267318725586,60.83698272705078,-4.847294807434082,21.545209884643555,-13.523774147033691,12.135233879089355,-20.232872009277344,12.151344299316406,-5.229753017425537,10.264025688171387,-9.453709602355957,3.8617472648620605,-10.193070411682129,3.585900068283081,-3.0982797145843506,0.20068100094795227,0.8410298824310303,-3.4205219745635986,blues,blues.00058.wav
0.40606847405433655,0.1699414849281311,2235.921973430139,2100.0368055794934,4390.048453977603,0.14228825524864552,-86.2509765625,91.94210052490234,-23.403499603271484,68.24949645996094,-3.890127658843994,22.742177963256836,-9.895618438720703,16.891765594482422,-11.39383316040039,18.42901611328125,-7.011847972869873,10.766728401184082,-11.93729019165039,1.0025737285614014,-5.922303199768066,5.314186096191406,-6.1398444175720215,1.9491450786590576,-5.0979905128479,-0.6654878258705139,blues,blues.00059.wav
0.43093037605285645,0.19614176452159882,1946.5344115984576,1979.7546736384302,3955.776079963235,0.09745368130804953,-67.80553436279297,111.70936584472656,-34.65730285644531,61.34178924560547,0.0451812744140625,30.57109260559082,-12.704325675964355,21.166828155517578,-13.134889602661133,16.287799835205078,-6.343270778656006,12.295477867126465,-12.48300552368164,1.6834176778793335,-5.147794246673584,4.646902084350586,-6.918056488037109,1.048274040222168,-4.739019393920898,-0.6583495736122131,blues,blues.00060.wav
0.45192986726760864,0.14170721173286438,2503.952796432079,2180.283243535687,5077.135965920085,0.16758439858262383,-82.48588562011719,94.17034149169922,-27.13920783996582,75.66252136230469,-27.529983520507812,35.58903503417969,-20.298961639404297,25.12131690979004,-15.379855155944824,11.34678840637207,-13.402289390563965,8.1533842086792,-8.504351615905762,8.285465240478516,-10.359801292419434,-3.460236072540283,-5.2261528968811035,-2.5910985469818115,-8.365251541137695,-6.978115081787109,blues,blues.00061.wav
0.3118191361427307,0.10619285702705383,2279.808618295741,2119.6717332041376,4732.271384602361,0.11714895148026316,-144.99365234375,95.74280548095703,-21.610319137573242,49.62971115112305,-29.898345947265625,29.358598709106445,-18.84994125366211,17.890138626098633,-9.674272537231445,5.5135674476623535,-9.554563522338867,6.369012355804443,-21.091815948486328,2.459829092025757,-9.537454605102539,-1.4153432846069336,-9.326942443847656,5.140727996826172,-8.113003730773926,-2.4492149353027344,blues,blues.00062.wav
0.33039847016334534,0.09628279507160187,2839.267572265232,2443.9434801361367,5710.907133592541,0.15435583155959753,-129.1139678955078,72.11976623535156,-7.765846252441406,49.26091003417969,-32.72197723388672,21.60843276977539,-27.3746395111084,15.00284194946289,-10.25877571105957,12.437438011169434,-17.034568786621094,7.118173122406006,-18.020404815673828,2.9276602268218994,-14.486263275146484,4.062062740325928,-14.537421226501465,7.258291721343994,-8.208020210266113,-1.9981062412261963,blues,blues.00063.wav
0.33248457312583923,0.11736053973436356,2553.2225631938227,2280.079407033503,5148.04387048302,0.14685171971749225,-85.17353057861328,88.81204986572266,-16.331642150878906,59.223236083984375,-35.99360275268555,14.391534805297852,-22.306257247924805,9.651897430419922,-14.8239164352417,11.181605339050293,-14.808832168579102,8.478196144104004,-19.590890884399414,6.413429260253906,-13.782541275024414,6.1157636642456055,-13.15479564666748,3.9341371059417725,-7.617099761962891,3.752704381942749,blues,blues.00064.wav
0.29269593954086304,0.10030478239059448,2816.7459196931127,2372.144439490832,5614.507716506628,0.14631846519446595,-118.37033081054688,74.86731719970703,-19.86946678161621,46.94758605957031,-32.569053649902344,23.83513641357422,-26.37411117553711,17.692514419555664,-13.826244354248047,11.946739196777344,-17.88878059387207,7.5559821128845215,-22.900585174560547,4.7644171714782715,-12.797207832336426,5.620266437530518,-14.738749504089355,6.682402610778809,-9.169973373413086,-2.2361934185028076,blues,blues.00065.wav
0.37484151124954224,0.1104695200920105,2340.3362115325717,2256.322435520963,4972.26993336397,0.1217751517753483,-116.5463638305664,97.44462585449219,-13.895613670349121,48.974853515625,-22.594566345214844,27.765439987182617,-20.240068435668945,18.63935089111328,-14.6516695022583,8.481433868408203,-16.65589714050293,11.001678466796875,-13.869424819946289,9.742047309875488,-5.094329833984375,2.6373724937438965,-9.890765190124512,6.1601152420043945,-7.689135551452637,-4.851008415222168,blues,blues.00066.wav
0.33793774247169495,0.12903934717178345,2258.530501284298,2175.8838042087823,4755.35457835478,0.11276500217685759,-95.46324920654297,101.38037872314453,-20.697004318237305,48.66807174682617,-30.27181053161621,20.812763214111328,-18.31358528137207,14.146871566772461,-12.798890113830566,13.444279670715332,-14.078200340270996,7.732656002044678,-19.23227310180664,2.8622491359710693,-9.816176414489746,6.917914390563965,-11.309343338012695,8.943025588989258,-2.960887908935547,-0.9738648533821106,blues,blues.00067.wav
0.2895238995552063,0.10304808616638184,2513.747081320468,2345.239509313882,5247.468269277283,0.13514619715073528,-113.19473266601562,88.70586395263672,-8.925186157226562,49.48269271850586,-34.57383346557617,15.86412525177002,-17.74479103088379,14.710541725158691,-11.20199966430664,15.367768287658691,-15.076569557189941,8.747663497924805,-18.631790161132812,5.469971656799316,-9.263916969299316,8.017120361328125,-9.55217456817627,5.8719987869262695,-4.401514053344727,3.614706039428711,blues,blues.00068.wav
0.2919829785823822,0.11654019355773926,2370.9632922676196,2209.514583707105,5004.08640764077,0.12514096664570434,-121.4295425415039,96.12303161621094,-19.616804122924805,48.020565032958984,-38.808189392089844,24.758066177368164,-32.945823669433594,8.104194641113281,-17.811519622802734,6.113285541534424,-19.998334884643555,6.793924331665039,-19.340662002563477,-0.10921187698841095,-12.248764991760254,-4.920229911804199,-10.407991409301758,-2.048969030380249,-1.7652130126953125,-3.9528493881225586,blues,blues.00069.wav
0.32268738746643066,0.10612648725509644,2159.5483196611644,2130.34934530605,4685.038336880805,0.0983489895752709,-133.04440307617188,105.72738647460938,-22.146265029907227,41.81864929199219,-26.996667861938477,19.124523162841797,-26.569320678710938,19.24604034423828,-15.334524154663086,6.989655494689941,-10.818551063537598,6.793742656707764,-11.729827880859375,4.40093994140625,-6.044507026672363,1.9662836790084839,-12.32630443572998,3.2550435066223145,-8.81142807006836,-3.3753583431243896,blues,blues.00070.wav
0.30524951219558716,0.12049466371536255,2429.3359591758494,2286.6949825737365,5065.152705047891,0.13468663832720587,-89.39149475097656,93.78778839111328,-14.571089744567871,54.39153289794922,-33.515018463134766,19.421157836914062,-19.763673782348633,13.022462844848633,-13.86949634552002,14.61171817779541,-14.970264434814453,10.589299201965332,-18.023412704467773,6.658278942108154,-10.205866813659668,6.529358863830566,-10.848846435546875,3.321632146835327,-6.187530517578125,2.999420642852783,blues,blues.00071.wav
0.3070265054702759,0.10387337952852249,2595.2893633321164,2519.1202667337648,5660.282439713139,0.12924562814434984,-118.68192291259766,87.62361907958984,6.558794021606445,45.09804916381836,-38.915706634521484,20.813007354736328,-26.86333656311035,13.798008918762207,-17.238609313964844,5.110157489776611,-15.709853172302246,3.981842041015625,-27.549043655395508,3.0477700233459473,-15.956565856933594,10.867772102355957,-12.651909828186035,2.82370924949646,-13.335965156555176,-4.375289440155029,blues,blues.00072.wav
0.34202733635902405,0.2596552073955536,2094.775833910308,2158.1057474122117,4482.2562297431305,0.10056968665344428,-30.129287719726562,103.74479675292969,-19.765731811523438,56.411624908447266,-12.724869728088379,20.19422721862793,-17.34809684753418,16.30915641784668,-18.444427490234375,8.932051658630371,-11.661623001098633,11.210427284240723,-8.85125732421875,9.101228713989258,-3.5740456581115723,4.384885787963867,-2.830827474594116,4.72611665725708,0.482423335313797,1.477394461631775,blues,blues.00073.wav
0.3671739995479584,0.19690310955047607,2515.8691600222824,2531.4200010553727,5771.615099833108,0.12091612446787926,-56.03289031982422,87.84066772460938,-1.6012412309646606,41.20536422729492,-5.6202712059021,27.784927368164062,-24.00258445739746,21.76812171936035,-18.42898941040039,12.328123092651367,-13.717034339904785,11.850818634033203,-3.982272148132324,7.098529815673828,-4.4685869216918945,5.1225457191467285,-6.652360916137695,5.871457576751709,-3.6964025497436523,-1.964761734008789,blues,blues.00074.wav
0.4664575457572937,0.19203044474124908,2225.176865828166,2255.135044259995,4703.588224712171,0.10858664497871517,-86.33547973632812,92.70050048828125,-15.399187088012695,54.05200958251953,0.8667874932289124,31.560293197631836,-14.622711181640625,23.32544708251953,-14.978636741638184,15.339353561401367,-7.049361705780029,12.182225227355957,-6.110911846160889,7.021336078643799,-5.812697410583496,7.440920829772949,-6.074191570281982,3.377699136734009,-4.2786126136779785,1.2500927448272705,blues,blues.00075.wav
0.3655874729156494,0.2189701944589615,2645.5300364910313,2426.0057919712367,5611.974398491921,0.1364685625483746,-52.70116424560547,74.45541381835938,-18.715457916259766,56.30721664428711,-3.95932674407959,31.98715591430664,-16.45779037475586,22.41769027709961,-12.262028694152832,27.228351593017578,-9.233884811401367,7.807102680206299,-10.567174911499023,6.944951057434082,-9.136491775512695,13.02267837524414,-9.857319831848145,3.6924514770507812,-4.954326152801514,4.422500133514404,blues,blues.00076.wav
0.40887606143951416,0.24310125410556793,2206.7704721917903,2191.456936364498,4657.321837812016,0.11152578064531733,-29.039146423339844,104.53732299804688,-30.97895622253418,38.1544303894043,-7.991591930389404,30.89167022705078,-20.596235275268555,25.830780029296875,-12.959671020507812,16.941612243652344,-12.26368236541748,10.786707878112793,-10.564545631408691,6.876256465911865,-10.298928260803223,6.968209743499756,-10.256610870361328,0.7044422030448914,-6.006501197814941,1.3486156463623047,blues,blues.00077.wav
0.41425758600234985,0.25794896483421326,2333.7163897098894,2227.415627258667,4942.928444121275,0.12386319659442724,-2.551016330718994,101.25788116455078,-33.92729187011719,41.518402099609375,-13.815157890319824,31.92072296142578,-21.868602752685547,24.458948135375977,-15.881363868713379,15.794474601745605,-14.372410774230957,12.507440567016602,-13.373969078063965,6.11275053024292,-9.069669723510742,5.033295631408691,-11.333126068115234,3.1684956550598145,-4.571701526641846,-4.033880710601807,blues,blues.00078.wav
0.4215344786643982,0.2707482874393463,2443.2389164951205,2358.384491758394,5267.559814453125,0.12473545133513932,-3.5590715408325195,92.92778778076172,-25.11854362487793,45.18721008300781,-10.871893882751465,31.86241912841797,-18.05792236328125,28.62801170349121,-10.234053611755371,14.673486709594727,-14.906988143920898,14.75164794921875,-15.609781265258789,9.549894332885742,-14.79872989654541,2.074836254119873,-13.824647903442383,3.571469783782959,-5.97164249420166,-1.647438645362854,blues,blues.00079.wav
0.36825618147850037,0.24234187602996826,1827.1513096464714,1898.4550593881818,3743.635696080447,0.09403873597136223,-54.74724197387695,119.48587799072266,-34.86473846435547,37.537147521972656,-15.886235237121582,22.081096649169922,-14.668314933776855,18.534313201904297,-9.643756866455078,11.2588529586792,-11.732051849365234,11.539119720458984,-6.430719375610352,1.7856675386428833,-5.876253128051758,0.3802909851074219,-9.06358528137207,-2.0153257846832275,-5.416968822479248,0.028836017474532127,blues,blues.00080.wav
0.38028278946876526,0.2481762170791626,2116.8942510812694,1956.5811797368515,4195.97462751548,0.12727247303115324,-26.955238342285156,107.34024047851562,-46.81220626831055,40.932655334472656,-21.469863891601562,24.81685447692871,-18.947702407836914,15.260985374450684,-15.04425048828125,12.270949363708496,-15.23953914642334,14.331287384033203,-13.830044746398926,7.565649032592773,-6.183370590209961,0.33221086859703064,-6.835121154785156,0.9706789255142212,-7.5713791847229,2.9214706420898438,blues,blues.00081.wav
0.33888640999794006,0.251253217458725,2141.332015271235,2167.7740825306,4627.63035068571,0.10515129160216719,-29.400257110595703,108.69148254394531,-25.589895248413086,38.44014358520508,-18.353866577148438,21.78569984436035,-25.172714233398438,22.406967163085938,-17.60605812072754,14.675622940063477,-12.086358070373535,5.462190628051758,-7.706029891967773,7.410017967224121,-11.327916145324707,7.235922336578369,-9.4705228805542,1.936698079109192,-6.331344127655029,-1.301733136177063,blues,blues.00082.wav
0.427356094121933,0.25118035078048706,2314.8192389666888,2261.702666159041,5036.269546367066,0.11795053393479102,-19.8935489654541,98.89588165283203,-24.476659774780273,49.585853576660156,-16.200876235961914,30.19780921936035,-18.029512405395508,27.55483055114746,-11.405635833740234,14.8779935836792,-8.908681869506836,11.671263694763184,-10.88602066040039,9.310544967651367,-5.832061290740967,9.25865650177002,-4.049496650695801,3.2510271072387695,-3.4661641120910645,2.379258394241333,blues,blues.00083.wav
0.396300733089447,0.23509325087070465,2061.202741434345,2085.186746503955,4221.307807662539,0.11339689555921052,-38.994842529296875,112.03825378417969,-31.817707061767578,38.24067687988281,-6.320669174194336,23.330562591552734,-18.77887725830078,23.932188034057617,-10.934215545654297,13.234858512878418,-14.381190299987793,13.326929092407227,-10.922000885009766,9.794658660888672,-5.032708644866943,7.201395034790039,-6.755035400390625,2.6630876064300537,-4.382441997528076,0.41451114416122437,blues,blues.00084.wav
0.31538674235343933,0.15017585456371307,1312.3500760815823,1674.1613162853585,2637.734049983069,0.059416496347716716,-180.14874267578125,131.41078186035156,0.5733358860015869,43.165672302246094,14.1355562210083,25.621374130249023,-5.315874099731445,12.03432846069336,-13.538714408874512,-1.0941216945648193,-7.614391803741455,2.718074321746826,0.774272084236145,1.998146653175354,-6.090059280395508,3.4880549907684326,-8.337550163269043,3.2056517601013184,-0.9303995370864868,-2.253037214279175,blues,blues.00085.wav
0.36590296030044556,0.12492372840642929,1245.5817719137372,1634.2884053266514,2517.6097763581174,0.04882661329334365,-212.81539916992188,139.06922912597656,9.454340934753418,35.44626998901367,12.70954418182373,20.41766357421875,-5.573953628540039,10.893662452697754,-8.73171329498291,8.055455207824707,0.16379709541797638,2.641746759414673,-1.025734782218933,-1.4032177925109863,-4.704832553863525,1.1418107748031616,-9.476273536682129,-2.1909120082855225,-4.098109722137451,-3.3432798385620117,blues,blues.00086.wav
0.33674198389053345,0.15801171958446503,1441.9992540972155,1870.2391907800102,3083.26468925358,0.050889337025928794,-155.51651000976562,125.65575408935547,1.5753217935562134,45.82986831665039,0.9089944958686829,25.3912410736084,-10.813492774963379,15.574149131774902,-11.929205894470215,1.2717782258987427,-6.661503314971924,-0.7791248559951782,-7.749224662780762,0.4193073809146881,-7.029631614685059,4.009108066558838,-6.26602840423584,0.9513339996337891,2.0064611434936523,-5.735762596130371,blues,blues.00087.wav
0.37787389755249023,0.14201056957244873,1006.8779768813248,1530.6145862499275,2075.0707856641834,0.03206556574109907,-194.27951049804688,151.85118103027344,-1.1928876638412476,39.19459915161133,16.58248519897461,18.25238609313965,-1.3991609811782837,14.877710342407227,-11.616781234741211,2.4488766193389893,-5.079173564910889,3.9416005611419678,-0.9037843942642212,0.6356109380722046,-8.353414535522461,-7.513248443603516,-8.047445297241211,-5.409146308898926,-2.5346593856811523,0.1295507550239563,blues,blues.00088.wav
0.3486931025981903,0.05277162417769432,798.568445037982,1284.9474803692003,1455.816196878628,0.025639678671633127,-346.8868713378906,139.24795532226562,24.084861755371094,22.264015197753906,18.647842407226562,11.657902717590332,9.017679214477539,6.977828025817871,-2.023301124572754,5.420398235321045,1.6508171558380127,-2.353006362915039,3.193639039993286,0.7052995562553406,-3.092132091522217,-2.110178232192993,-2.212080717086792,-4.576662540435791,-4.726688861846924,0.059275317937135696,blues,blues.00089.wav
0.37789058685302734,0.13184188306331635,1613.4333911575964,1972.2597417173224,3470.72901297649,0.058235853449109906,-177.4873504638672,115.33374786376953,9.963013648986816,54.056209564208984,7.615619659423828,28.31572914123535,-9.070212364196777,20.058439254760742,-15.045547485351562,6.222492218017578,-5.688930988311768,1.3798960447311401,-5.843506813049316,5.011322498321533,-0.7552969455718994,5.057277202606201,-5.084397792816162,-2.797168731689453,2.4293882846832275,-5.372905731201172,blues,blues.00090.wav
0.4219493269920349,0.09938009083271027,991.1502533354555,1396.2619542380908,1943.2882492018189,0.03605269204721362,-236.3834686279297,161.69500732421875,-1.1533348560333252,27.288705825805664,9.581351280212402,20.61904525756836,0.23412774503231049,13.796686172485352,-0.500919759273529,10.185429573059082,-4.45461893081665,5.5080885887146,-3.716721773147583,-0.8915269374847412,-4.904811859130859,-2.872342348098755,-3.7585268020629883,-3.345785617828369,-2.4161059856414795,-3.783830165863037,blues,blues.00091.wav
0.39106515049934387,0.0630437433719635,918.3602069536549,1436.6652243994815,1601.531982421875,0.03231802075270898,-332.3079833984375,128.0807647705078,28.82521629333496,41.8360595703125,31.234668731689453,23.358219146728516,5.787222862243652,8.99620246887207,-3.8611278533935547,3.739000082015991,-0.8690584301948547,-0.43693074584007263,1.4746557474136353,-1.5670478343963623,-0.8314688801765442,2.168971061706543,-3.8919129371643066,-4.197279453277588,-5.932182788848877,-3.447434902191162,blues,blues.00092.wav
0.3777357041835785,0.06589096784591675,570.1506880585581,995.0934725815811,928.8527166880322,0.021700549051857584,-350.35888671875,169.54632568359375,31.780227661132812,16.713754653930664,28.661758422851562,19.24909019470215,7.846699237823486,10.039794921875,4.742694854736328,2.9156229496002197,3.8965418338775635,1.8103498220443726,-5.970981121063232,-5.2587480545043945,-0.22888240218162537,-1.7753275632858276,-3.708839178085327,0.17516908049583435,2.0766782760620117,-2.8920040130615234,blues,blues.00093.wav
0.37671542167663574,0.14092092216014862,1239.687998670662,1659.9856287006803,2519.0431010243324,0.05090785543246904,-206.28115844726562,126.62033081054688,10.590662956237793,43.215721130371094,12.49489974975586,19.413660049438477,0.3519679605960846,12.73094367980957,-4.57928991317749,4.058011531829834,-4.409212589263916,3.6634230613708496,-1.4560471773147583,-1.7015554904937744,-7.154653549194336,1.1864166259765625,-6.225800514221191,0.6012725234031677,-1.604264259338379,-0.5392200946807861,blues,blues.00094.wav
0.36996734142303467,0.18706326186656952,1388.4454872380973,1772.8422645104083,2754.6166765431503,0.05714742465654025,-130.58154296875,139.9748992919922,-1.2707360982894897,39.3104248046875,-6.353665351867676,19.767845153808594,-11.213424682617188,27.24368667602539,-16.5345401763916,7.021878719329834,-1.2004069089889526,1.6136364936828613,-6.629040718078613,4.9524617195129395,-1.6338690519332886,0.9539638161659241,-4.841609954833984,-5.9705891609191895,-2.786720037460327,-6.49281644821167,blues,blues.00095.wav
0.260613352060318,0.051327649503946304,1132.5184226709684,1582.765487529276,2066.2458390274282,0.048313766810178016,-314.5821838378906,139.91444396972656,11.862516403198242,30.10210609436035,-7.539035320281982,14.907038688659668,-2.680899143218994,6.701543807983398,-6.395509243011475,2.8176138401031494,-11.70648193359375,2.06302809715271,-11.438628196716309,-9.510526657104492,-15.18669319152832,-9.362388610839844,-5.665494441986084,1.562117338180542,0.8971253633499146,-7.956727504730225,blues,blues.00096.wav
0.37528419494628906,0.19820396602153778,1236.606352338598,1602.3014812209672,2604.350918512964,0.04462595842202012,-148.647705078125,145.73776245117188,-9.363346099853516,48.45144271850586,10.543868064880371,18.014604568481445,-2.634578227996826,16.95808219909668,-11.506823539733887,8.731703758239746,-8.173254013061523,3.2235357761383057,-0.6797587871551514,-0.7301852703094482,-6.821439266204834,-3.937920570373535,-15.737845420837402,-5.596368312835693,-5.797905921936035,-0.04746796563267708,blues,blues.00097.wav
0.443195104598999,0.12533903121948242,2310.1410834053427,2206.528237593986,4829.08746583543,0.12842590520994582,-90.70722198486328,100.10758209228516,-23.924428939819336,52.58830642700195,-20.928014755249023,31.502182006835938,-11.213112831115723,20.094327926635742,-10.915236473083496,17.563922882080078,-14.097335815429688,12.994507789611816,-11.420426368713379,2.9118449687957764,-12.017497062683105,4.8276472091674805,-11.165410041809082,1.1622110605239868,-3.921332597732544,3.253201723098755,blues,blues.00098.wav
0.37024569511413574,0.10503795742988586,1538.9317922233738,1703.6876933572125,3175.4391318873354,0.07479924535603716,-177.19161987304688,136.21420288085938,-26.91071319580078,36.372779846191406,-18.75942611694336,20.905872344970703,-1.7765746116638184,3.015932559967041,-5.599410057067871,5.6345953941345215,-8.114802360534668,5.645383834838867,-10.786548614501953,-2.416138172149658,-6.942407131195068,-2.5089991092681885,-5.207820892333984,-3.4113264083862305,-3.2499489784240723,-2.6840240955352783,blues,blues.00099.wav
0.25237950682640076,0.036243971437215805,1505.3776997189811,1559.0859496035152,2717.316902089783,0.09824505974264706,-268.1800231933594,135.68788146972656,-34.07107162475586,25.634862899780273,-12.97032356262207,17.894695281982422,-9.997608184814453,5.629223823547363,-14.14646053314209,7.497625827789307,-3.970524787902832,8.258683204650879,-1.3527374267578125,-0.3773990869522095,1.0275253057479858,3.808354139328003,-0.3020308315753937,1.7795612812042236,0.8909794688224792,-0.8330714702606201,classical,classical.00000.wav
0.21504712104797363,0.03061455488204956,1360.5964481029573,1441.3899483512648,2387.9772268950755,0.0877715781008127,-324.0919494628906,133.59413146972656,-25.021385192871094,24.567686080932617,-11.939837455749512,17.66022491455078,-5.5225830078125,1.720238447189331,-10.571335792541504,-0.8508675694465637,-7.797244071960449,3.5256078243255615,5.0467987060546875,1.3635532855987549,3.003166675567627,-3.1203181743621826,-4.2890625,0.5890149474143982,2.868589162826538,0.36918067932128906,classical,classical.00001.wav
0.2778478264808655,0.0438406728208065,1490.0147947114058,1599.8034153175129,2784.9498264560757,0.09004972003192724,-235.30642700195312,141.13674926757812,-34.679046630859375,30.997169494628906,-16.40024185180664,23.120685577392578,-11.043703079223633,7.6586432456970215,-19.01723861694336,4.236545562744141,-11.835343360900879,8.91806411743164,-1.4424690008163452,4.288448810577393,1.475748896598816,3.1938703060150146,-1.3142380714416504,2.9318149089813232,-1.668386697769165,-2.8998587131500244,classical,classical.00002.wav
0.23423358798027039,0.029436051845550537,1526.5606707346662,1499.5337307080847,2915.6907025505516,0.10895172213622291,-326.8998718261719,127.39418029785156,-30.584468841552734,37.47574996948242,-5.291165828704834,20.806989669799805,-1.7857136726379395,-4.6031646728515625,-4.048745155334473,5.238034725189209,-0.6428714990615845,2.8008627891540527,7.245894908905029,3.9837851524353027,-2.3909740447998047,1.481999397277832,0.5834610462188721,-0.6063217520713806,2.3340649604797363,2.652209997177124,classical,classical.00003.wav
0.22157979011535645,0.042288221418857574,1705.7324266471085,1646.2565077961117,3176.230793766931,0.1128666644494969,-259.9622802734375,118.93238067626953,-35.606529235839844,31.99001693725586,-16.535491943359375,10.620697975158691,-15.655909538269043,7.442337989807129,-5.810464382171631,8.26894760131836,-18.01859474182129,-1.199492335319519,-6.346673011779785,2.766038179397583,-2.5898237228393555,4.387975215911865,-4.136651515960693,-4.7818193435668945,-4.776668071746826,-4.610076427459717,classical,classical.00004.wav
0.2685529291629791,0.043250638991594315,1431.5423062932691,1558.4876922187398,2836.7578465133997,0.07523877406636997,-264.27740478515625,138.1509246826172,-30.101551055908203,37.82422637939453,-7.180178165435791,6.782935619354248,-11.818900108337402,4.712040901184082,-9.843632698059082,5.863747596740723,-9.573777198791504,2.670395851135254,-4.79644250869751,-1.4033819437026978,-2.0961945056915283,2.977522134780884,3.355778694152832,4.811315059661865,1.762569785118103,-1.827073097229004,classical,classical.00005.wav
0.26145097613334656,0.03322203829884529,1372.8214993768145,1579.2639771327893,2738.0917764669603,0.07292321739551083,-295.7435302734375,134.538330078125,-22.44930648803711,40.759246826171875,-5.875980377197266,9.276347160339355,-11.87594223022461,6.294928550720215,-8.866929054260254,4.406289100646973,-9.378153800964355,4.061379909515381,1.6256829500198364,5.1374664306640625,5.440423965454102,2.281028985977173,-1.8154348134994507,-2.9235117435455322,0.13862068951129913,3.195671558380127,classical,classical.00006.wav
0.2765798270702362,0.040846772491931915,1358.926260249797,1516.129630615493,2668.167199291312,0.07314694998065016,-286.86822509765625,135.91835021972656,-24.436616897583008,36.661170959472656,-6.245214462280273,6.962934494018555,-8.168272018432617,3.844066619873047,-4.398345470428467,6.432785511016846,-4.1305766105651855,1.5490410327911377,-4.352837562561035,-3.0135414600372314,-0.005728281568735838,5.649238586425781,3.429658889770508,2.8336727619171143,1.0971845388412476,-0.2909146249294281,classical,classical.00007.wav
0.2547597587108612,0.03403140604496002,1516.6480402419818,1629.285125800053,2974.0070165864454,0.07878788336880804,-292.1529235839844,127.76366424560547,-29.90902328491211,37.44208526611328,-9.556901931762695,5.113048553466797,-13.823928833007812,7.0317277908325195,-7.032632350921631,6.492002487182617,-9.904400825500488,4.713663101196289,0.3748314380645752,1.4678970575332642,3.392585039138794,6.072781562805176,0.9615311026573181,-0.7544364333152771,-2.097944974899292,0.7595847845077515,classical,classical.00008.wav
0.27050480246543884,0.0237893033772707,1216.426225125279,1582.7629083386116,2560.8928479646383,0.05627025686919505,-356.1439514160156,139.79286193847656,-6.2867655754089355,43.18829345703125,-8.879337310791016,11.050313949584961,-8.393050193786621,4.418519973754883,-8.283711433410645,8.682831764221191,-8.135775566101074,3.4271080493927,-1.4406310319900513,-0.4118332862854004,-1.7198922634124756,-0.2948947548866272,-0.6548905968666077,1.1565771102905273,-0.6220704913139343,-0.2581346929073334,classical,classical.00009.wav
0.24500221014022827,0.029503611847758293,1497.0762956940562,1570.2741279362524,2868.049323964783,0.08621640987809598,-315.0445251464844,128.7392578125,-28.93490982055664,30.839513778686523,-8.996638298034668,7.990107536315918,-9.846988677978516,1.4414119720458984,-8.973623275756836,6.04984188079834,-3.320935010910034,7.609508037567139,3.7989611625671387,2.9383373260498047,1.8396776914596558,5.203798294067383,1.0788432359695435,0.14129534363746643,-4.532042980194092,-2.3126301765441895,classical,classical.00010.wav
0.24491912126541138,0.021498119458556175,949.3765619854879,1112.0248096618204,1695.8730786208398,0.06072601223877709,-385.265869140625,177.27786254882812,-9.337662696838379,24.373218536376953,5.805440902709961,-4.5630621910095215,-6.3569488525390625,-6.957894325256348,-4.12742805480957,3.858067274093628,-0.35820192098617554,-0.9461219310760498,-3.6705594062805176,-2.098604440689087,3.644704818725586,0.7326292395591736,-1.2266602516174316,-0.7459250092506409,2.7860496044158936,1.5408989191055298,classical,classical.00011.wav
0.23568680882453918,0.0314069502055645,1179.9891396444557,1332.024770424303,2154.0036417013353,0.06593875471652477,-362.7138671875,143.93861389160156,-18.981813430786133,30.657846450805664,1.028146505355835,0.28484535217285156,-7.989743232727051,-3.8509774208068848,-8.944669723510742,3.249770164489746,-4.45463752746582,3.649625062942505,4.933547019958496,3.2838127613067627,6.36060094833374,6.067239761352539,3.8507258892059326,-0.24739736318588257,1.1675682067871094,1.7840001583099365,classical,classical.00012.wav
0.23204602301120758,0.03172163665294647,1388.2456582676334,1456.5571823960315,2599.025950712316,0.08088953354779412,-343.13555908203125,140.08688354492188,-20.911033630371094,32.33219528198242,-3.686810255050659,2.9435575008392334,-10.669529914855957,0.31910303235054016,-5.784346103668213,7.688078880310059,-3.677107334136963,2.5538179874420166,-3.498067617416382,-2.240953207015991,-0.8364202976226807,0.878919780254364,0.4735558032989502,0.9455657005310059,1.8694177865982056,-0.6390267610549927,classical,classical.00013.wav
0.23408201336860657,0.03160187974572182,1279.5500532331514,1370.4138585933788,2389.4272181271767,0.0684731309258901,-324.63909912109375,147.82701110839844,-31.937816619873047,27.408855438232422,-4.508828163146973,-4.165104389190674,-12.588298797607422,-5.118296146392822,-7.741826057434082,0.8432942032814026,-8.19558334350586,-0.8224470019340515,1.004500150680542,3.6744754314422607,6.201358318328857,4.714147567749023,-0.04455282911658287,-2.3374502658843994,2.2290115356445312,-0.5509061813354492,classical,classical.00014.wav
0.2165992259979248,0.011429042555391788,1371.6170328582264,1562.0159889035801,2619.859158070095,0.07575237640286378,-449.5143737792969,124.9736099243164,-19.919233322143555,27.45220947265625,-5.775594234466553,2.22729754447937,-6.552791595458984,10.601104736328125,3.3547377586364746,14.393793106079102,1.9887378215789795,5.250284194946289,4.426794528961182,5.072791576385498,7.173084259033203,6.192041873931885,7.158780574798584,3.8522369861602783,2.6193506717681885,4.950331211090088,classical,classical.00015.wav
0.2192428708076477,0.008008791133761406,1054.4585145386827,1455.4498536124795,1947.2048921850812,0.04766448880127709,-482.6763610839844,154.86114501953125,-5.02598237991333,29.737667083740234,-1.868744134902954,8.22309684753418,-4.765954494476318,9.646514892578125,-3.335390567779541,4.532223701477051,-10.103473663330078,-0.6667129397392273,-2.4448437690734863,-0.1645912230014801,1.870721459388733,3.48020076751709,3.3868608474731445,1.1131744384765625,1.2773035764694214,-0.6721354126930237,classical,classical.00016.wav
0.25641191005706787,0.03737134858965874,1358.9070916597766,1417.5458835574248,2418.1770442809116,0.08111553369291796,-311.51123046875,148.661376953125,-33.50911331176758,10.361734390258789,-12.907805442810059,1.232577919960022,-12.908660888671875,0.8045730590820312,-9.738698959350586,2.068979501724243,-5.106062889099121,6.744292736053467,4.615776538848877,3.765486001968384,1.2712039947509766,1.248694896697998,-0.08448579162359238,1.4975203275680542,0.37977081537246704,-2.9951374530792236,classical,classical.00017.wav
0.2391088455915451,0.018668027594685555,1158.0012026973075,1320.9789237314496,2182.0034723901895,0.07066888484423374,-405.68310546875,145.6948699951172,-0.8267263174057007,23.06764793395996,9.225309371948242,-2.6439387798309326,-5.7504730224609375,-2.0919251441955566,-0.6470629572868347,6.7592291831970215,2.807607650756836,2.446449041366577,5.084672451019287,2.3814897537231445,1.8640758991241455,2.5028793811798096,1.5279220342636108,-2.2602875232696533,-1.4472851753234863,2.610208749771118,classical,classical.00018.wav
0.28404712677001953,0.0079903369769454,1184.5272815945475,1524.9012907885733,2289.252823868034,0.057591488486842105,-475.8676452636719,141.53086853027344,-8.475215911865234,33.9920654296875,0.5255779027938843,6.034852981567383,0.027931425720453262,9.53715705871582,2.1625168323516846,7.082099437713623,-8.048425674438477,-0.10827343910932541,0.7882738709449768,3.8774938583374023,5.309873580932617,4.664308547973633,6.874410629272461,5.399283409118652,1.0468252897262573,-6.493711471557617,classical,classical.00019.wav
0.2689726650714874,0.038409098982810974,1218.4372978528554,1353.7509040158095,2295.311120567676,0.0698128809500774,-300.94049072265625,161.0862579345703,-24.240718841552734,27.966188430786133,-2.862255573272705,2.387561559677124,-11.273425102233887,0.22528113424777985,-6.841876983642578,6.094606876373291,-8.138311386108398,-1.805325984954834,-4.110150337219238,-2.045598268508911,-1.6021353006362915,0.6482636332511902,1.4507607221603394,-0.22119523584842682,-1.291216254234314,-7.10175895690918,classical,classical.00020.wav
0.26681941747665405,0.0454455241560936,1371.3696318927568,1440.9709987339681,2570.159458597378,0.07956679022349071,-278.2295227050781,147.87562561035156,-31.567955017089844,20.352279663085938,-9.582643508911133,-6.244678974151611,-13.601203918457031,-0.6661553382873535,-7.274476051330566,1.0198699235916138,-11.7584810256958,-0.9619852304458618,-2.216409206390381,-0.5725285410881042,1.8691946268081665,5.144383907318115,2.6245880126953125,0.824502170085907,-1.6428110599517822,-0.10273473709821701,classical,classical.00021.wav
0.2762817144393921,0.0478903129696846,1211.2151185706325,1367.1077107608928,2237.4698036595396,0.06844629813273993,-278.7824401855469,160.0192413330078,-28.398984909057617,23.062633514404297,-2.6952755451202393,3.009983777999878,-11.293976783752441,-0.5086696147918701,-11.364047050476074,3.173475503921509,-5.1071953773498535,4.339189052581787,-4.070891380310059,-0.15333013236522675,-1.6684712171554565,1.6420276165008545,1.0030910968780518,-0.7636374831199646,-3.8361165523529053,-3.553893804550171,classical,classical.00022.wav
0.2671792805194855,0.01712404377758503,983.7618406456091,1404.1321893997351,1852.522131385449,0.044227245791408666,-406.9654235839844,163.13946533203125,-2.41381573677063,32.45665740966797,7.907837867736816,9.677142143249512,-5.489042282104492,9.523496627807617,-3.1028213500976562,10.209687232971191,-10.385391235351562,-5.3867082595825195,-8.08006477355957,-2.0578997135162354,0.3721492886543274,3.411155939102173,3.488295316696167,7.395569801330566,6.434970378875732,0.18093641102313995,classical,classical.00023.wav
0.2533399760723114,0.06666339933872223,1253.132223438827,1371.3366093300513,2293.0278010412635,0.07164771490421827,-223.17724609375,163.24624633789062,-34.41622543334961,24.187868118286133,-10.304306983947754,3.2287347316741943,-12.88459300994873,0.805069088935852,-14.284255027770996,1.6726216077804565,-10.143485069274902,0.2441568225622177,-4.54510498046875,0.10906283557415009,-2.868452310562134,1.3458036184310913,-0.34404289722442627,-1.0627355575561523,-1.0944879055023193,-8.057165145874023,classical,classical.00024.wav
0.29736655950546265,0.06411320716142654,1184.0658218421813,1304.6126692322334,2139.1537314967104,0.068293993687113,-221.283447265625,173.33663940429688,-37.45654296875,24.36245346069336,-8.687614440917969,3.385791778564453,-12.84117603302002,1.0815359354019165,-15.328134536743164,0.4232371747493744,-9.623608589172363,2.292809009552002,-4.4855637550354,0.3625776469707489,-1.4866271018981934,1.8132915496826172,0.22892378270626068,-0.9652814865112305,-0.48393934965133667,-6.263660907745361,classical,classical.00025.wav
0.24567784368991852,0.038869526237249374,1278.574558748878,1311.8194362471925,2233.2198293585525,0.08174818292859908,-319.3323669433594,143.66473388671875,-31.164365768432617,10.90886402130127,-5.553890705108643,-4.265030860900879,-8.952561378479004,-5.583489894866943,-8.020538330078125,2.3426132202148438,-4.477271556854248,-0.31978708505630493,0.9748612642288208,1.1464473009109497,-0.48819205164909363,-1.306125283241272,0.1389736533164978,1.4960646629333496,3.709078788757324,3.0729024410247803,classical,classical.00026.wav
0.24073408544063568,0.028412971645593643,901.7856877463795,1171.7473217395366,1456.6161920411669,0.05344941224845201,-366.25018310546875,181.59939575195312,-5.526270389556885,27.008371353149414,-4.832132339477539,4.610715389251709,-10.542601585388184,0.16762115061283112,-11.139511108398438,3.584805965423584,-10.332783699035645,-1.0784339904785156,-4.5973076820373535,-0.47885727882385254,0.8356918692588806,0.25169605016708374,2.1313154697418213,0.6989119052886963,1.025192379951477,-3.0680041313171387,classical,classical.00027.wav
0.26292380690574646,0.06258048862218857,1313.7853629984959,1371.0449454528034,2397.4188364696206,0.08109777113970588,-228.95733642578125,153.97128295898438,-30.685277938842773,20.812599182128906,-6.080230236053467,1.1724140644073486,-10.788690567016602,-3.8824687004089355,-11.589583396911621,0.8821475505828857,-8.279237747192383,-0.7267745137214661,-3.1044509410858154,-3.4343466758728027,-2.6240341663360596,0.7225611209869385,-1.966041922569275,-2.515880823135376,1.5716060400009155,-1.48976731300354,classical,classical.00028.wav
0.24696631729602814,0.04157528653740883,1558.898531652407,1578.5925974538188,2922.2156630950076,0.09221523981714397,-297.24658203125,130.2744140625,-30.589977264404297,27.486968994140625,-7.05499267578125,1.9900563955307007,-11.125770568847656,4.752086162567139,-8.77153491973877,5.415232181549072,-5.375332832336426,4.464271545410156,1.7346497774124146,1.8842244148254395,-1.3122164011001587,1.087245225906372,-0.9889346957206726,-1.466126799583435,0.6302651762962341,1.1544709205627441,classical,classical.00029.wav
0.2783278524875641,0.029729722067713737,1243.720620928661,1358.6088246693332,2353.2857700029026,0.06372448239164087,-315.6780700683594,149.6684112548828,-30.59499168395996,23.221498489379883,-8.699831008911133,-10.104395866394043,-15.733573913574219,-4.047280788421631,-7.652163028717041,0.046231769025325775,-11.14389705657959,-7.670450210571289,-5.870634078979492,-4.864973068237305,-5.148458480834961,-5.414719104766846,-3.167381763458252,1.4542385339736938,0.13058140873908997,-4.175836563110352,classical,classical.00030.wav
0.3031798005104065,0.026797184720635414,822.4267361319853,1135.925475390758,1434.199660924197,0.03945743336397059,-374.00750732421875,172.4423370361328,6.4029860496521,20.150894165039062,5.85180139541626,1.5909552574157715,-6.710564136505127,-1.1913427114486694,-0.2905022203922272,0.33312544226646423,-6.551819801330566,-7.30025053024292,-7.328370571136475,-10.215596199035645,-6.1451334953308105,-2.4330475330352783,-2.674384832382202,-2.2819082736968994,-1.1540518999099731,-3.8159146308898926,classical,classical.00031.wav
0.2831994593143463,0.008043456822633743,792.835553815877,1205.092938566625,1207.3843657785894,0.03658178937693499,-498.6087341308594,177.5231170654297,11.209715843200684,27.63433074951172,-2.8418262004852295,5.090956211090088,-6.604384899139404,-1.0570545196533203,-4.14449405670166,-3.053373336791992,-9.909939765930176,-8.573807716369629,-9.189355850219727,-11.935738563537598,-9.192497253417969,-10.894248962402344,-8.854791641235352,-3.9375076293945312,-2.393970489501953,-2.2963571548461914,classical,classical.00032.wav
0.3039742410182953,0.01235747430473566,1128.3232351038582,1375.9555481090727,2165.7952370658377,0.05439309512867647,-429.1031494140625,120.74545288085938,-1.6823533773422241,17.948556900024414,7.733590602874756,-2.0437238216400146,-3.941744565963745,-2.5360472202301025,-0.5834435820579529,-0.7965370416641235,-9.05119800567627,-3.689939022064209,-0.9829521179199219,-5.001314640045166,-3.8112943172454834,-2.4115169048309326,-1.8980625867843628,-0.3137710988521576,3.4164838790893555,3.1428825855255127,classical,classical.00033.wav
0.2740989625453949,0.038916073739528656,1369.6932279666041,1465.917051580696,2655.325610275977,0.07356796028444272,-309.2428283691406,138.64112854003906,-29.713258743286133,33.6187858581543,-0.3782573640346527,5.243738174438477,-6.33231258392334,3.280733108520508,-6.714090824127197,-0.6922032237052917,-13.243885040283203,-8.528504371643066,-9.668246269226074,-4.297957420349121,0.2503371238708496,1.0183244943618774,1.9202208518981934,3.7188305854797363,2.558863639831543,-4.92592716217041,classical,classical.00034.wav
0.31925109028816223,0.04057171195745468,1016.4245653368089,1152.1288725873783,1823.9389708905767,0.06115495900251548,-319.7822265625,165.987548828125,-11.918571472167969,27.24034309387207,7.8435587882995605,1.7273006439208984,-7.8498430252075195,-2.4120852947235107,-2.9088757038116455,-2.53113055229187,-11.365740776062012,-4.613610744476318,-4.487359523773193,-7.455167293548584,-5.580018520355225,-1.8725944757461548,-1.2823328971862793,-1.4261753559112549,-0.48846757411956787,-4.100781440734863,classical,classical.00035.wav
0.23929829895496368,0.016008371487259865,1281.8143785370296,1502.891671249433,2440.3352436266446,0.059410449521091334,-419.2631530761719,127.44508361816406,-3.7823569774627686,23.20021629333496,-4.334699630737305,4.030427932739258,-8.209102630615234,-7.618860721588135,-7.07568883895874,-2.9239516258239746,-7.409897804260254,-5.437335968017578,-9.099494934082031,-10.6193208694458,-5.739374160766602,-0.3930984437465668,7.029701232910156,5.59324836730957,-3.4755454063415527,-5.17416524887085,classical,classical.00036.wav
0.2842068076133728,0.04150091111660004,1534.2936138496052,1465.0945248545136,2838.866167098007,0.09395219076528638,-275.3759765625,125.30792999267578,-41.05128860473633,24.607311248779297,-4.788928031921387,-4.253848075866699,-15.021034240722656,-5.0450921058654785,-5.001837253570557,2.473059892654419,-10.89470100402832,-8.017638206481934,-5.166378498077393,-4.615466594696045,0.7097464799880981,6.520473957061768,5.900393486022949,2.6877105236053467,-2.030905246734619,-8.056194305419922,classical,classical.00037.wav
0.294544517993927,0.04430226981639862,1279.1711367505463,1338.7980926482364,2377.393957557324,0.07583589819562693,-276.0390319824219,146.35081481933594,-36.59162139892578,24.200796127319336,-2.5551605224609375,-2.1697466373443604,-13.303984642028809,-6.504971027374268,-9.398983001708984,-3.1274783611297607,-11.537067413330078,-4.187116622924805,-1.6895955801010132,-1.5234591960906982,-3.1928930282592773,-1.7647349834442139,-2.2486400604248047,-3.5386929512023926,-2.9891889095306396,-3.2949249744415283,classical,classical.00038.wav
0.27088746428489685,0.012813881039619446,1633.4096731773413,1734.7827973318526,3161.49754952351,0.10895928066950464,-409.5344543457031,116.80004119873047,-16.16423225402832,11.717684745788574,0.7060146927833557,6.006948471069336,-4.274456024169922,0.49547669291496277,0.43389052152633667,12.597705841064453,-1.1140985488891602,-1.140323281288147,4.957851886749268,1.7595057487487793,-3.9088549613952637,3.5054750442504883,2.7971115112304688,3.102605104446411,0.6603811383247375,-0.2396521270275116,classical,classical.00039.wav
0.25055691599845886,0.01974106952548027,1396.6924270627298,1525.255382611543,2652.8339586759867,0.0726431737374226,-358.65673828125,129.0874786376953,-30.397640228271484,19.889530181884766,-10.386380195617676,-0.6520448327064514,-10.61114501953125,1.5420539379119873,-3.975386381149292,1.8689038753509521,-8.833539962768555,-7.167654514312744,-8.212757110595703,-5.9410624504089355,-0.11584009975194931,4.276390075683594,8.967238426208496,12.802728652954102,14.691520690917969,11.507996559143066,classical,classical.00040.wav
0.26820534467697144,0.02129671350121498,1329.2649559947513,1415.4533805033204,2462.0767788252224,0.07881698372194272,-368.4659423828125,124.2659912109375,-31.582448959350586,17.601762771606445,2.3229305744171143,-5.949597358703613,-11.807772636413574,-5.547481060028076,-5.407887935638428,-1.305171251296997,-8.4271821975708,-3.613823890686035,2.206169605255127,-0.045435383915901184,0.2375720739364624,2.5061416625976562,3.09285044670105,4.838547229766846,6.225342273712158,8.735003471374512,classical,classical.00041.wav
0.2617236375808716,0.13462316989898682,1327.3486451321814,1326.8652104399382,2172.5785293815306,0.09385279605263158,-160.3394317626953,164.12074279785156,-48.875038146972656,1.5913547277450562,-7.591043949127197,-2.6314709186553955,-11.077547073364258,-7.027632713317871,-8.120848655700684,1.2311882972717285,-5.4963483810424805,-4.2221760749816895,-5.458137035369873,-1.7106261253356934,-3.0879979133605957,-1.2898569107055664,-6.098766803741455,-0.9284121990203857,-4.041813850402832,-1.555535912513733,classical,classical.00042.wav
0.19094546139240265,0.11537951976060867,1063.472218094083,1552.579922603203,1611.1902573529412,0.051040885618227554,-249.5494384765625,161.568359375,10.129533767700195,-3.0705642700195312,-0.5965175628662109,-2.0836589336395264,-12.1917724609375,-8.601490020751953,-14.638914108276367,-12.049384117126465,-12.30034065246582,-7.174556732177734,-7.891678810119629,-2.0824661254882812,-2.9097530841827393,-0.8680994510650635,-3.972529172897339,-0.8842936754226685,-3.98361873626709,-3.891573667526245,classical,classical.00043.wav
0.2520444691181183,0.01792784593999386,1181.5125561645536,1412.1789063254485,2032.8127078596654,0.07170553768382353,-402.2223205566406,154.00491333007812,-15.21134090423584,15.294041633605957,-3.0777785778045654,-3.1944375038146973,-9.778081893920898,-17.31020736694336,-12.306559562683105,-7.914641380310059,-7.08275842666626,-0.28117215633392334,1.5458184480667114,-1.4655557870864868,-1.7400692701339722,1.858735203742981,5.029232025146484,-0.7410971522331238,-0.13983286917209625,-2.859311580657959,classical,classical.00044.wav
0.23626498878002167,0.1385897547006607,1175.9242233254756,1502.8373915929649,1901.2301701879353,0.0622955416747291,-170.88658142089844,157.0391387939453,-21.966075897216797,5.244653701782227,-4.092411994934082,-3.6912693977355957,-8.810494422912598,-4.857596397399902,-7.874581813812256,-5.411010265350342,-9.373977661132812,-6.6236138343811035,-7.811285972595215,-1.4611748456954956,-3.5911331176757812,-2.857344388961792,-3.9215784072875977,0.20077204704284668,-3.43263578414917,-0.8309018015861511,classical,classical.00045.wav
0.34679076075553894,0.11510277539491653,1878.7740300458224,1965.0287149176995,3634.0696919444176,0.11161308170472137,-85.2649917602539,118.42305755615234,-31.47277069091797,20.282014846801758,-4.4177093505859375,6.922598361968994,-10.950942039489746,-1.6200852394104004,-7.367900848388672,-3.0172996520996094,-4.437201499938965,-1.4064465761184692,-4.246368885040283,-4.164332866668701,-3.979649305343628,0.27656078338623047,-3.392483711242676,1.693798542022705,-3.685389280319214,-3.441532850265503,classical,classical.00046.wav
0.25846490263938904,0.009494158439338207,1173.9310654516082,1517.8561599088844,2083.120736987229,0.06632537369388544,-436.84234619140625,154.1132049560547,-19.859338760375977,20.183603286743164,3.1647443771362305,0.4463925063610077,-6.530638694763184,-4.60333776473999,-10.056252479553223,-6.153286933898926,-4.52944278717041,-2.7835943698883057,-5.235320091247559,-7.384833812713623,-6.99330997467041,-3.1899664402008057,-0.35129886865615845,2.2267849445343018,2.572539806365967,4.476176738739014,classical,classical.00047.wav
0.29686394333839417,0.16088607907295227,1516.0858565701667,1642.8335042267165,2771.5582407664956,0.087271581124226,-123.7633056640625,148.4300079345703,-21.551395416259766,17.444747924804688,-1.4088044166564941,4.178294658660889,-6.990444660186768,-5.103336334228516,-5.795701026916504,5.063121318817139,-6.247765064239502,-1.9818285703659058,-0.96844083070755,-2.453077554702759,-4.326207637786865,-0.8754564523696899,-4.704871654510498,-2.2297258377075195,-5.140934467315674,-3.2070841789245605,classical,classical.00048.wav
0.3116151988506317,0.12373418360948563,2224.8938399288413,2274.325029414401,4467.456319236165,0.10944642813951239,-98.35357666015625,98.35549926757812,-20.49053192138672,18.82003402709961,-2.095781087875366,2.665036916732788,-7.311517238616943,-3.590113639831543,-7.989523887634277,-1.9183744192123413,-4.731997489929199,0.6237758994102478,-2.5930845737457275,-1.4701573848724365,-3.1693437099456787,0.6580322980880737,-4.818465232849121,-2.221544027328491,-3.8104963302612305,0.23409155011177063,classical,classical.00049.wav
0.2861015796661377,0.007965068332850933,1170.1422672261847,1595.6359965659155,2360.427393485149,0.049492898002128485,-449.6217956542969,151.5031280517578,-12.74668025970459,44.270389556884766,6.2447590827941895,4.053897857666016,-1.4805392026901245,-1.6240757703781128,-2.486776828765869,-4.28238582611084,-9.653202056884766,-1.3421050310134888,0.1463838517665863,3.728250741958618,5.285778522491455,1.208081841468811,-2.303915500640869,-4.125618934631348,-1.8161486387252808,1.2358323335647583,classical,classical.00050.wav
0.3814571797847748,0.08052823692560196,1527.645526264714,2079.667989385167,3220.8305240784634,0.06010507872968266,-230.27236938476562,119.15338134765625,-1.0512242317199707,28.38448715209961,10.008779525756836,16.125822067260742,4.793945789337158,6.192378520965576,0.9515956044197083,5.915187358856201,-1.1755236387252808,3.573916435241699,-2.09965443611145,-0.9072917699813843,-1.8530503511428833,-0.006134080234915018,-2.797701597213745,2.3327786922454834,-1.4417098760604858,2.7387938499450684,classical,classical.00051.wav
0.3880297839641571,0.05548110976815224,2411.9327529379098,2436.324834166332,4994.561465236794,0.12697013169988391,-186.42808532714844,86.65457153320312,-15.711973190307617,14.741792678833008,-2.215898036956787,6.271489143371582,-0.8879222869873047,0.6650469303131104,-6.088321685791016,-5.2136735916137695,-7.865933418273926,-1.7187312841415405,-4.704501628875732,-2.05436635017395,1.4163774251937866,2.7643516063690186,3.3012959957122803,3.1100239753723145,-4.4082932472229,-5.035370349884033,classical,classical.00052.wav
0.3047126829624176,0.13980983197689056,1465.595382672086,1554.8186019545137,2749.3833748548764,0.0879189694998065,-119.30437469482422,149.57778930664062,-43.31768035888672,24.636247634887695,-5.6093878746032715,10.784379005432129,-2.8926942348480225,0.7833024263381958,-6.545638561248779,4.3880391120910645,-1.2940493822097778,1.360091209411621,-1.0813605785369873,-2.439028024673462,-1.937148094177246,1.295331358909607,-1.385102391242981,1.0407941341400146,-5.606300354003906,-1.989935278892517,classical,classical.00053.wav
0.31949472427368164,0.17533352971076965,1712.466255822982,1607.5252142235886,2833.499532882643,0.11627820844620743,-106.22087860107422,127.37078094482422,-45.2861328125,31.2772159576416,4.305440902709961,-5.068432331085205,-16.129375457763672,14.690695762634277,-7.912097454071045,-1.2216625213623047,2.9819393157958984,17.464767456054688,-4.0720086097717285,1.7858331203460693,0.5945658683776855,4.609092712402344,-9.991413116455078,-3.341979503631592,-3.105374574661255,1.908514142036438,classical,classical.00054.wav
0.1864788681268692,0.01304979994893074,1079.9035739320507,1389.2655701491935,1764.9809940680632,0.059341288941563465,-484.0267028808594,144.12991333007812,1.39647376537323,8.075530052185059,4.933926105499268,-2.3170042037963867,-2.746943712234497,-6.84481143951416,-10.147136688232422,-8.056598663330078,-7.151670455932617,-10.563925743103027,-7.787431240081787,-2.953303098678589,-0.2671809196472168,4.285379409790039,5.302438735961914,0.1988566517829895,-4.530798435211182,-1.8802833557128906,classical,classical.00055.wav
0.3128756880760193,0.18984760344028473,1680.101088819283,1706.9703104342384,3077.8397220576144,0.09672579455301858,-81.13433074951172,129.09852600097656,-42.534828186035156,33.17631149291992,5.66361665725708,-6.402249336242676,-2.261098623275757,7.373443603515625,-18.71800994873047,2.4979705810546875,3.786280632019043,1.9323546886444092,-10.066779136657715,0.9437217116355896,-3.5698189735412598,-6.16629695892334,-8.030749320983887,3.774270534515381,-5.029472827911377,-0.854152262210846,classical,classical.00056.wav
0.2538497745990753,0.016770323738455772,1751.7302668488421,1930.4928791166583,3236.6554283874325,0.09525792738970588,-367.15606689453125,112.80696105957031,-18.74736785888672,10.16273021697998,-1.604724645614624,3.8029534816741943,0.9223538041114807,5.0671491622924805,-5.372570514678955,-9.522553443908691,-8.495644569396973,-1.7838283777236938,1.2991321086883545,-3.867570638656616,-2.6413092613220215,-1.0574461221694946,-1.2753583192825317,-2.5051798820495605,-2.569392681121826,-4.069761276245117,classical,classical.00057.wav
0.26571419835090637,0.02998761273920536,1137.9529528789749,1480.584417430825,1821.2139873681792,0.08186836360777863,-349.95245361328125,161.8511199951172,-3.3711888790130615,14.167043685913086,5.733972072601318,3.5160558223724365,2.9774909019470215,-7.090641975402832,-7.917532444000244,-0.36460116505622864,2.849557876586914,-2.481045722961426,-6.791949272155762,-8.835341453552246,-6.662252902984619,-4.901682376861572,0.09311990439891815,4.2603325843811035,5.096891403198242,2.610582113265991,classical,classical.00058.wav
0.2825833857059479,0.06915130466222763,1551.8652270368914,1651.7061355226538,2841.9578150699012,0.09329951141640867,-197.15272521972656,137.3531036376953,-34.18893051147461,25.36216163635254,-5.266597270965576,-2.777787923812866,-9.506929397583008,-7.609986305236816,-7.644684791564941,-5.667839527130127,-4.386776447296143,-5.430217266082764,-3.5417912006378174,-5.667922019958496,-1.894371747970581,-2.8863933086395264,-3.475986957550049,-4.022116184234619,-7.300358772277832,-4.204055309295654,classical,classical.00059.wav
0.30526578426361084,0.06874039769172668,1803.525958968436,1898.0267311684952,3366.3129776993032,0.10401637782991487,-166.43154907226562,122.13554382324219,-32.10679244995117,16.685277938842773,-5.400679588317871,-2.4871227741241455,-9.832805633544922,-4.900509357452393,-6.974421977996826,-4.571056842803955,-6.66841459274292,-5.497281074523926,-5.372569561004639,-4.962301254272461,-2.7911629676818848,-3.1922194957733154,-4.085200786590576,-3.5495975017547607,-4.630347728729248,-1.1654059886932373,classical,classical.00060.wav
0.2817520797252655,0.04817867651581764,1322.6998486991345,1591.2842180370199,2474.968367538216,0.07612614587364551,-274.3863830566406,148.3533935546875,-20.334354400634766,21.812437057495117,7.930837154388428,3.7759368419647217,-2.232815980911255,-6.101349353790283,-5.629293918609619,-6.689497947692871,-5.906604766845703,-4.594999313354492,-1.5465235710144043,-3.0266494750976562,-4.695847034454346,-7.721310615539551,-7.214270114898682,-5.406589984893799,-5.247942924499512,-5.273998260498047,classical,classical.00061.wav
0.32029327750205994,0.03892679885029793,1474.8137600109778,1813.3646552075554,2809.8330093242066,0.07404603751451239,-305.422607421875,135.92340087890625,-11.75271224975586,18.21502113342285,10.389049530029297,3.0129587650299072,-5.5959153175354,0.14172545075416565,-1.3495618104934692,-1.867753267288208,-3.205263614654541,-6.7425217628479,-2.694417715072632,-5.59718132019043,-4.52363920211792,-4.78450870513916,-5.3687052726745605,-2.621713876724243,-5.836191654205322,-6.929955005645752,classical,classical.00062.wav
0.2267465889453888,0.020152481272816658,690.354003458877,1358.3864436297902,749.5288010352167,0.036054203753869966,-465.86431884765625,180.2053985595703,56.636234283447266,11.02556037902832,5.844780445098877,0.7319182753562927,-3.974208116531372,-5.88804817199707,-8.464273452758789,-9.792966842651367,-7.692700386047363,-3.2534186840057373,-1.8652483224868774,-4.019154071807861,-4.109025478363037,-2.4697329998016357,-2.3577725887298584,-2.9964194297790527,-3.2231650352478027,-1.7109012603759766,classical,classical.00063.wav
0.198929101228714,0.012561124749481678,1118.511667300541,1945.0334998903925,1876.2136547927148,0.04229906395123839,-498.68023681640625,145.6677703857422,46.470741271972656,15.253131866455078,3.0677740573883057,-0.8257449865341187,-5.210668087005615,-6.198704242706299,-3.8057751655578613,0.08864203840494156,2.718318462371826,2.218207359313965,0.24392756819725037,-0.45965173840522766,-0.8728471398353577,0.587340235710144,3.275944709777832,2.299961566925049,-2.5685794353485107,-4.8113203048706055,classical,classical.00064.wav
0.20719388127326965,0.029191138222813606,828.825494001674,1326.0473265268795,1013.5772043706463,0.047511806428986066,-421.71588134765625,172.79299926757812,28.108295440673828,-2.576975107192993,-3.5656776428222656,-4.865173816680908,-8.889883995056152,-10.696762084960938,-7.6852006912231445,-7.957629680633545,-7.334867000579834,-2.717174768447876,-0.9175328016281128,-4.206839084625244,-8.415390014648438,-8.393857955932617,-4.1280903816223145,-0.4183664619922638,0.08662485331296921,-0.26054707169532776,classical,classical.00065.wav
0.18708832561969757,0.03171597048640251,795.1394730921776,1296.1593175882567,1007.5022411051181,0.04503222958591331,-429.3504333496094,175.13577270507812,31.911319732666016,4.282115459442139,1.0457515716552734,-5.7668776512146,-9.477814674377441,-11.283073425292969,-10.58198070526123,-8.66474723815918,-6.333889484405518,-1.6819392442703247,0.8189265727996826,-0.1823025643825531,0.03587062656879425,0.2054048478603363,-1.8460841178894043,-4.415224075317383,-4.967982769012451,-4.601113796234131,classical,classical.00066.wav
0.2675058841705322,0.03167726472020149,1117.9494607534973,1702.2297462979504,1993.387946255805,0.046355350836880804,-413.571533203125,143.42080688476562,31.35431671142578,14.031839370727539,1.5281579494476318,-2.2939953804016113,-6.480336666107178,-8.104997634887695,-5.927911281585693,-4.468453884124756,-2.7899303436279297,-0.814875066280365,-1.2128331661224365,-2.3862698078155518,-3.815169334411621,-3.519500970840454,-2.714951753616333,-2.386343002319336,0.6211231350898743,2.6633341312408447,classical,classical.00067.wav
0.2572881877422333,0.057378534227609634,1559.8986812117996,1616.1274908762382,2812.9663237108166,0.09520237217008513,-234.41783142089844,130.2551727294922,-39.53114700317383,19.33563804626465,-6.793274879455566,-5.130112648010254,-3.7073678970336914,-4.036016464233398,-5.0718770027160645,-1.3683322668075562,-7.735770225524902,-4.382000923156738,0.46520504355430603,0.7849734425544739,5.450737476348877,8.77423095703125,7.039175987243652,2.4160001277923584,-2.3088343143463135,-0.2456999570131302,classical,classical.00068.wav
0.23668897151947021,0.02914920635521412,1349.5963387962488,1523.0865015769245,2443.718556501548,0.079280321812113,-321.17950439453125,136.2966766357422,-28.29936408996582,31.011459350585938,0.5664154887199402,0.23202675580978394,0.6554857492446899,-1.3426684141159058,-0.05769707262516022,-0.42475154995918274,-6.180905342102051,-0.14451797306537628,-0.4561171531677246,-0.7306297421455383,7.474552154541016,10.973123550415039,7.834254264831543,4.325320243835449,2.985389232635498,5.8490071296691895,classical,classical.00069.wav
0.2442457526922226,0.03190400078892708,1355.999780696475,1615.8946768160638,2522.8430780463914,0.07085595854295666,-321.192626953125,134.5342559814453,-18.235279083251953,22.179880142211914,0.4295409619808197,-3.805614948272705,0.4953530728816986,-1.1447423696517944,-1.9025487899780273,-0.10540185868740082,-2.7555181980133057,0.5932068824768066,2.4970192909240723,0.30708184838294983,1.6812912225723267,2.8881428241729736,2.084486484527588,1.1636719703674316,-2.393688678741455,-3.407902956008911,classical,classical.00070.wav
0.20815393328666687,0.051699068397283554,1396.7861186062223,1574.0882214689257,2615.034187246033,0.07585706208881579,-269.6988220214844,136.47506713867188,-25.001760482788086,26.395002365112305,0.687004804611206,-5.381706237792969,-1.1201947927474976,-1.5102574825286865,-0.16106204688549042,-3.7851603031158447,-9.287220001220703,-3.1484405994415283,1.6416064500808716,0.6754728555679321,1.8981232643127441,2.2316877841949463,-2.1227548122406006,-3.663179397583008,-1.0772647857666016,3.531794548034668,classical,classical.00071.wav
0.2794419527053833,0.020721398293972015,1285.1523138296154,1660.0260788422988,2477.143354386368,0.06374980347813468,-360.8370361328125,138.98072814941406,-12.931410789489746,33.80207061767578,7.593800067901611,-1.709073543548584,1.035847544670105,4.076970100402832,3.931011438369751,0.9335501194000244,0.5041115880012512,4.6821160316467285,3.3401989936828613,-2.2543888092041016,-1.8542650938034058,2.2155046463012695,1.7880183458328247,-1.515918254852295,-3.2511210441589355,3.9964301586151123,classical,classical.00072.wav
0.21632729470729828,0.04381232708692551,1211.3527919075634,1337.8952917810352,2104.7456062246033,0.07093910240905572,-306.7855529785156,152.90353393554688,-27.58682632446289,16.31919288635254,-3.1550989151000977,-8.931758880615234,-5.431834697723389,-9.781289100646973,-7.1121745109558105,0.2934659421443939,0.8718292117118835,5.4160614013671875,8.19581413269043,4.202756881713867,2.0560662746429443,3.0276265144348145,-0.3908749520778656,-2.813807725906372,-2.9029147624969482,1.3315635919570923,classical,classical.00073.wav
0.23741012811660767,0.037271156907081604,1360.0001055902917,1572.5229886349002,2568.7761336288218,0.07211672189434984,-289.8247985839844,143.9031524658203,-26.996417999267578,24.0676212310791,-1.1449987888336182,-6.298980712890625,-2.7494168281555176,-3.5280802249908447,-3.0203988552093506,-3.1464948654174805,-7.256324768066406,-1.6778028011322021,3.0785977840423584,2.6800529956817627,2.5299103260040283,4.6131744384765625,2.374803066253662,-1.278894305229187,-3.5456931591033936,-2.8067147731781006,classical,classical.00074.wav
0.21740314364433289,0.016478458419442177,1171.8444805151357,1467.2055609007757,2235.9864792956655,0.0608847414376935,-412.9592590332031,138.51983642578125,-19.26238250732422,34.14667892456055,8.975064277648926,-4.294471263885498,4.152583122253418,0.8819504380226135,3.079378604888916,0.12249632924795151,-4.057185173034668,3.7797231674194336,5.917003631591797,3.4958462715148926,6.6319780349731445,6.744745254516602,2.467975378036499,-1.881108283996582,-0.05864592641592026,2.730015754699707,classical,classical.00075.wav
0.2604590654373169,0.05884205922484398,1340.3686109090386,1539.119153209508,2522.134748996227,0.07171347414376934,-238.59634399414062,149.7830810546875,-28.872142791748047,28.239665985107422,-0.8014046549797058,-3.924771547317505,-2.1356680393218994,-4.334019184112549,-4.187281131744385,-3.438997983932495,-5.771542549133301,-0.12075097113847733,2.519979476928711,0.6888362765312195,0.07483968138694763,1.7069905996322632,0.649694561958313,1.4659429788589478,-1.8280259370803833,-6.239790916442871,classical,classical.00076.wav
0.2190336287021637,0.016752148047089577,811.9966754623425,1009.4095310881751,1236.3091908741292,0.04834475679663313,-477.97784423828125,155.3107147216797,12.760652542114258,5.525207042694092,2.377073049545288,-10.652257919311523,-16.64824104309082,-12.547405242919922,-11.19011116027832,-9.378249168395996,-3.2180299758911133,-2.7673490047454834,-6.468446254730225,-8.300396919250488,-7.093544960021973,-7.472573280334473,-5.324363708496094,1.2635611295700073,1.8797900676727295,-1.6579896211624146,classical,classical.00077.wav
0.22515062987804413,0.006631079129874706,715.4772961169858,1030.6024311736385,1037.702058490954,0.04129340109810371,-552.1063232421875,173.3629608154297,26.354450225830078,14.122475624084473,7.259275913238525,-7.0849690437316895,-5.859200954437256,-10.342716217041016,-11.022790908813477,-9.200838088989258,-8.82726764678955,-4.930299758911133,-3.654700517654419,-4.282814979553223,-3.4607012271881104,-4.821430206298828,-5.679627895355225,-6.546865940093994,-8.206827163696289,-6.450839519500732,classical,classical.00078.wav
0.21772773563861847,0.018843520432710648,790.4782247441857,899.9797791775832,1159.4013225921537,0.05211230771091331,-437.5252380371094,170.97140502929688,7.386170864105225,-3.1087050437927246,0.7773014903068542,-11.135055541992188,-12.523804664611816,-6.9009270668029785,-5.850052356719971,-8.455719947814941,-8.472509384155273,-8.329373359680176,-7.373799800872803,-6.733424186706543,-6.088367462158203,-7.060067653656006,-6.6525068283081055,-4.2910237312316895,-4.399242877960205,-4.9159979820251465,classical,classical.00079.wav
0.43804651498794556,0.005269665736705065,973.5547961720958,1617.4354313658503,1911.3134425491003,0.031537602191369966,-549.623779296875,156.95286560058594,6.6107096672058105,34.415283203125,13.258631706237793,5.755012035369873,5.051405429840088,-3.0009751319885254,2.0665762424468994,3.077338218688965,2.016796112060547,3.2401437759399414,5.666260719299316,5.703945636749268,3.631915330886841,4.0980305671691895,4.334258079528809,3.3654844760894775,2.628941059112549,1.6571872234344482,classical,classical.00080.wav
0.2668413519859314,0.016512703150510788,1214.3345474841144,1540.2928528467166,2164.4285786631676,0.06055896865325077,-374.7354431152344,153.8209228515625,-21.555330276489258,20.8302059173584,7.00356912612915,-3.9481635093688965,-2.521589994430542,-2.8035054206848145,-4.2827653884887695,-4.499873161315918,-5.7614006996154785,-4.25962495803833,-3.843543291091919,-4.585760593414307,-3.638986349105835,-2.290348529815674,-3.12754487991333,-0.21475942432880402,2.629516363143921,1.8175369501113892,classical,classical.00081.wav
0.2827168107032776,0.042963139712810516,1415.3111880468286,1449.108896449823,2489.984943401703,0.08737929022349071,-264.05682373046875,142.12022399902344,-51.3542594909668,5.018921852111816,-20.266204833984375,-17.137807846069336,-16.06991958618164,-20.31136703491211,-15.042227745056152,-9.73814582824707,-8.40202808380127,-11.775307655334473,-6.880457401275635,-4.6050214767456055,-2.0530011653900146,-2.374722719192505,0.9640727043151855,3.017725706100464,1.3792967796325684,5.554171085357666,classical,classical.00082.wav
0.24464237689971924,0.04187244549393654,853.4404819807542,998.6102747134514,1401.899856236697,0.05079296572658669,-338.78729248046875,190.1043701171875,-16.3048152923584,3.704448938369751,-0.4479043185710907,-8.88447380065918,-10.400300979614258,-16.366039276123047,-13.285848617553711,-10.799825668334961,-8.649679183959961,-8.285074234008789,-4.618802547454834,-3.7925779819488525,-4.550195693969727,-3.6639328002929688,-0.9426807165145874,0.5389653444290161,-0.2644282579421997,-1.5641770362854004,classical,classical.00083.wav
0.24545788764953613,0.021968716755509377,1002.3644432557223,1152.462681781211,1733.6895166166796,0.05794825125773994,-369.1368713378906,171.89466857910156,-27.269670486450195,6.017666816711426,-0.14046438038349152,-10.66923713684082,-11.915658950805664,-10.193319320678711,-11.368732452392578,-10.511279106140137,-8.3776216506958,-9.789240837097168,-5.0547614097595215,-5.081165790557861,-3.033825635910034,-1.7272464036941528,-1.8499658107757568,-2.2594447135925293,-1.2759857177734375,-0.43458467721939087,classical,classical.00084.wav
0.3096400201320648,0.03887804597616196,1525.6012665401886,1588.1610240876316,2732.8751413445725,0.09158788155476007,-246.21836853027344,149.44387817382812,-41.97381591796875,11.60641098022461,-10.287586212158203,-4.018404483795166,-7.138945579528809,-10.1370267868042,-9.425965309143066,-7.176623344421387,-3.1531362533569336,-5.6295013427734375,-2.581601142883301,-4.516515731811523,-6.163600444793701,-4.971900463104248,-3.3493165969848633,-3.3441109657287598,-0.6730955243110657,0.21787972748279572,classical,classical.00085.wav
0.3121316730976105,0.031511254608631134,1356.517262209537,1495.192128266221,2496.8682351127127,0.07686121323529412,-283.4352111816406,159.55325317382812,-29.51896858215332,18.540626525878906,-9.879667282104492,-3.4205968379974365,-10.990983009338379,-9.784339904785156,-8.296976089477539,-4.242829322814941,-2.8664071559906006,-5.969814777374268,-4.0209269523620605,-3.3497474193573,-3.3910906314849854,-1.8592801094055176,-0.44662174582481384,1.8976353406906128,-0.11035146564245224,-2.822331666946411,classical,classical.00086.wav
0.2744481563568115,0.02143675647675991,876.9626952356745,1108.6920910513554,1457.2911879595588,0.051046554518188854,-393.0342102050781,190.77561950683594,-13.312164306640625,8.263632774353027,1.5518677234649658,-11.080791473388672,-11.244869232177734,-13.998270988464355,-10.620688438415527,-9.390382766723633,-4.6135573387146,-10.067734718322754,-4.8152570724487305,-1.749236822128296,-4.678669452667236,-2.12736177444458,1.0223783254623413,1.3087286949157715,-0.15664078295230865,-1.4133813381195068,classical,classical.00087.wav
0.29419055581092834,0.02822987549006939,1302.9045959121115,1455.72172901185,2347.3024728497485,0.07053623258513932,-299.79180908203125,157.32382202148438,-37.352020263671875,15.766813278198242,-5.756936073303223,-4.454066276550293,-6.815182685852051,-10.736592292785645,-9.884847640991211,-8.15744400024414,-5.422234058380127,-7.840023517608643,-2.730618715286255,-1.1097304821014404,1.6480835676193237,3.6400811672210693,3.0835530757904053,0.10869992524385452,-0.7964850664138794,-2.7367734909057617,classical,classical.00088.wav
0.21732555329799652,0.035119738429784775,2423.3992282999484,1884.7467025103792,4296.815684410071,0.16668644482875386,-301.928466796875,57.542442321777344,-59.133270263671875,33.54234313964844,-20.912109375,17.741281509399414,-0.6430503726005554,49.02375793457031,19.130111694335938,27.0985050201416,-17.633901596069336,-0.26254943013191223,-3.75183367729187,18.160436630249023,9.950029373168945,11.609912872314453,11.278923034667969,15.38670539855957,-7.402153491973877,-5.847583770751953,classical,classical.00089.wav
0.21933525800704956,0.023853911086916924,2172.514738800756,1883.3803923812784,4066.9587409902283,0.151986231375774,-326.3167419433594,85.90869903564453,-42.98692321777344,31.837812423706055,-19.5760555267334,9.992609024047852,-16.461275100708008,10.00037956237793,-8.599359512329102,25.513212203979492,6.538747310638428,16.400178909301758,3.5028574466705322,9.59518051147461,5.922759056091309,9.28564739227295,9.96387767791748,9.199150085449219,2.7899363040924072,-5.384016036987305,classical,classical.00090.wav
0.2258007526397705,0.0447186604142189,2192.7057790195913,1912.0379428207473,4066.492077145414,0.1524378537393576,-251.31829833984375,88.73773956298828,-41.75239944458008,37.90864562988281,-12.024273872375488,21.624099731445312,-5.853931427001953,25.719711303710938,-5.185972213745117,14.301179885864258,-7.5509514808654785,10.4647798538208,-4.928892612457275,5.2614264488220215,0.29795023798942566,3.3115899562835693,1.2643407583236694,4.768489837646484,-2.0682451725006104,1.1370710134506226,classical,classical.00091.wav
0.18112929165363312,0.08413399010896683,1807.4309138096603,1438.824668287956,3072.531420822852,0.13095801385932662,-299.71258544921875,103.67623138427734,-27.657272338867188,51.02833557128906,12.27966022491455,16.5087833404541,-10.941352844238281,-0.8949336409568787,3.835167169570923,12.960476875305176,-12.398089408874512,2.464722156524658,5.178436279296875,-0.7386148571968079,-0.6141989231109619,-1.1869741678237915,5.920295238494873,9.812801361083984,-2.6650850772857666,-3.0841171741485596,classical,classical.00092.wav
0.22696709632873535,0.08248694241046906,1623.829997897825,1551.4812346920505,2732.100146030863,0.10825822670762383,-207.37747192382812,117.60778045654297,-41.40425491333008,13.253087043762207,-1.6882401704788208,15.532319068908691,-10.36276912689209,-1.8636897802352905,-12.762170791625977,7.0103325843811035,-0.7813689708709717,2.071812868118286,-8.2644681930542,-1.4701029062271118,-7.088128089904785,0.9346849918365479,-5.539218425750732,-8.502518653869629,-1.4875589609146118,5.3800530433654785,classical,classical.00093.wav
0.36893218755722046,0.013991358689963818,1424.1018503760445,1697.0207079079732,2927.490631197997,0.07015490458107586,-385.7943115234375,128.62301635742188,-26.73168182373047,39.48326110839844,-2.173461675643921,16.760435104370117,-5.734195709228516,14.72441577911377,-3.090663194656372,12.311254501342773,-5.892706871032715,2.7925820350646973,3.6800177097320557,10.92579460144043,10.535346984863281,9.917289733886719,6.108796119689941,3.532785177230835,-3.3188178539276123,-3.675153970718384,classical,classical.00094.wav
0.22755931317806244,0.01356380246579647,1800.6383191622836,1780.9021871187188,3426.4376141338525,0.12435714674438854,-422.6080322265625,89.84973907470703,-18.71620750427246,37.78641128540039,6.016749858856201,4.161734580993652,-1.9914648532867432,12.111291885375977,4.167896747589111,13.791265487670898,2.8296854496002197,5.886289119720459,6.122228145599365,8.14163589477539,12.356574058532715,7.095122814178467,2.4118735790252686,0.7801642417907715,-3.425889730453491,-0.7502803206443787,classical,classical.00095.wav
0.2930351495742798,0.05697670951485634,1932.8371720042155,1740.2334653481375,3573.161726913216,0.11752045339106038,-203.619384765625,111.2059555053711,-51.53665542602539,39.48582077026367,-10.562026023864746,11.913712501525879,-13.181607246398926,15.123318672180176,-7.29170036315918,13.37704849243164,-7.313064098358154,3.84040904045105,-3.7820065021514893,5.303999423980713,4.108333587646484,6.645054340362549,2.9929215908050537,3.541689157485962,-3.3619320392608643,-3.6787824630737305,classical,classical.00096.wav
0.2223227620124817,0.036704182624816895,1494.1405636701372,1670.8326004789872,2781.1748492828465,0.08592124915344428,-280.7255859375,122.72235107421875,-14.398865699768066,26.855798721313477,1.3519738912582397,5.994227409362793,-13.104070663452148,3.375361680984497,-11.554337501525879,5.1937947273254395,-1.0517687797546387,2.7634670734405518,0.06284410506486893,1.3419089317321777,1.5190892219543457,-2.2132608890533447,0.7730354070663452,-3.969127893447876,-9.13571548461914,-6.925153732299805,classical,classical.00097.wav
0.2899729311466217,0.029099641367793083,1953.012399218445,1865.851544296656,3780.5438062354874,0.1234924505369582,-287.52099609375,101.73793029785156,-35.36899948120117,41.28276443481445,-12.745121955871582,17.284992218017578,-13.97829818725586,16.3118839263916,-5.599029064178467,13.66428279876709,-8.790592193603516,-0.05710599571466446,-13.769375801086426,6.480290412902832,6.707885265350342,6.985263347625732,7.031875133514404,8.390630722045898,-5.6107707023620605,1.3771220445632935,classical,classical.00098.wav
0.3338888883590698,0.010497971437871456,1524.8987119782062,1868.9287955615346,3325.1048935456174,0.08068318558920279,-378.73931884765625,126.49873352050781,-18.81513023376465,42.87580871582031,-14.30518913269043,25.342689514160156,-14.641030311584473,18.704288482666016,-10.188718795776367,21.108089447021484,4.437037467956543,18.22564697265625,-10.274280548095703,8.953815460205078,1.2109159231185913,6.280114650726318,2.5284433364868164,4.386152744293213,1.705409049987793,9.987648963928223,classical,classical.00099.wav
0.38354596495628357,0.24838431179523468,2797.969870734425,2847.657470456079,6220.629051373839,0.10713729622194272,-23.184358596801758,70.25887298583984,3.818911075592041,28.329025268554688,13.764470100402832,5.72591495513916,3.9781453609466553,7.4515557289123535,2.64951753616333,8.495177268981934,-2.2885162830352783,2.079876661300659,-3.378119707107544,5.123692512512207,-0.17641890048980713,0.35927143692970276,0.5841994881629944,4.0280022621154785,0.9243895411491394,4.088009834289551,country,country.00000.wav
0.4138754606246948,0.23043084144592285,2937.8328051469803,2839.590747196393,6279.203697180969,0.12698751632643188,-8.00119686126709,62.72800064086914,-1.458080768585205,28.115848541259766,9.972362518310547,9.353734970092773,5.420156002044678,9.82502269744873,3.0283052921295166,8.42697811126709,0.31103774905204773,6.545156002044678,0.7390595078468323,-1.7741018533706665,0.8506020903587341,2.982779026031494,-2.7668254375457764,2.8226826190948486,-1.7435718774795532,0.970940113067627,country,country.00001.wav
0.2972470819950104,0.146108016371727,2307.5397576425735,2618.0952399297303,5187.343632842734,0.0741337165005805,-120.72672271728516,79.31613159179688,5.453444957733154,34.8121337890625,16.550336837768555,13.15254020690918,6.239587306976318,9.98454475402832,-1.9874377250671387,6.765197277069092,-6.290685176849365,0.27700409293174744,-6.701879501342773,1.6440436840057373,-1.7412105798721313,-0.6663896441459656,-4.842761993408203,-0.2831709384918213,-5.389650821685791,-1.9393584728240967,country,country.00002.wav
0.3769876956939697,0.20427070558071136,2174.1604935047117,2281.058760714112,4348.07370779315,0.1025643835864938,-57.759788513183594,95.7664794921875,-10.109318733215332,40.97963333129883,13.979035377502441,-0.9898583292961121,-0.18847127258777618,7.425077438354492,-3.6333374977111816,9.54513931274414,-2.9410643577575684,2.436251163482666,1.9947800636291504,-1.2870498895645142,1.356539249420166,4.423684597015381,-6.520480632781982,-0.03459857031702995,-1.4115793704986572,-3.0789082050323486,country,country.00003.wav
0.3827643096446991,0.20939329266548157,2966.1571589936843,2848.1234947138532,6349.4199392596265,0.12416100280572756,-20.781349182128906,62.9504280090332,2.3044402599334717,30.773717880249023,6.973462104797363,6.50581169128418,6.323636531829834,9.873085975646973,3.4352967739105225,9.372201919555664,-0.40415799617767334,7.519415378570557,-0.9842737913131714,4.019150257110596,-0.6624487638473511,-0.0612519197165966,-0.1667647659778595,0.24374011158943176,-5.438193321228027,1.8272818326950073,country,country.00004.wav
0.4173520803451538,0.20384074747562408,2926.865766278933,2736.268564740949,6172.429342830882,0.13645079999516255,-24.69242286682129,62.38838195800781,-7.768985748291016,28.530288696289062,10.947265625,5.609288692474365,0.032920826226472855,13.834209442138672,3.01373028755188,9.866081237792969,0.8187443614006042,5.870721340179443,-1.2669297456741333,2.9947969913482666,0.9407645463943481,2.0843098163604736,3.043879508972168,3.053063154220581,-0.13393764197826385,3.6150691509246826,country,country.00005.wav
0.42083364725112915,0.21448013186454773,2800.214423030315,2773.173156404822,6004.497024961301,0.12843724300986842,-23.146039962768555,71.35540771484375,1.3973157405853271,24.474510192871094,16.3499698638916,4.516972541809082,-3.9798617362976074,18.03827476501465,-3.3584671020507812,2.474036931991577,2.979959726333618,0.8368246555328369,-1.1464859247207642,0.16857768595218658,-3.3017210960388184,0.18618391454219818,-1.2149606943130493,-1.5663673877716064,-2.7524983882904053,-2.1101040840148926,country,country.00006.wav
0.42144912481307983,0.24406008422374725,2898.787368032488,2878.9661651993006,6400.052966421972,0.11293582502902477,-20.817459106445312,64.90751647949219,6.767101764678955,26.357126235961914,11.665423393249512,13.185628890991211,-1.9791069030761719,8.582197189331055,0.47289520502090454,7.44109582901001,-0.4149094223976135,6.945586204528809,3.660606622695923,2.0337164402008057,0.6502081155776978,4.382773399353027,-2.8027639389038086,2.9757540225982666,-1.8402822017669678,-2.363252639770508,country,country.00007.wav
0.355350524187088,0.2741972506046295,2506.169376457896,2573.5151280626237,5478.791870495114,0.10473972946497678,-19.723819732666016,76.66848754882812,-4.849720001220703,32.247581481933594,7.670154571533203,17.224525451660156,-1.4669177532196045,9.143320083618164,2.7177042961120605,9.111842155456543,-2.6976072788238525,7.503505706787109,0.33303114771842957,4.930000305175781,2.801466941833496,1.8928755521774292,2.454538345336914,6.401708126068115,-3.3361027240753174,6.3192243576049805,country,country.00008.wav
0.42975279688835144,0.23653283715248108,3191.4845774083215,2948.097882896547,6926.349783977119,0.15687886996904024,12.163200378417969,58.977378845214844,0.9188626408576965,26.749128341674805,9.254704475402832,3.576305627822876,1.58315110206604,8.648173332214355,0.9710415601730347,11.627410888671875,-2.15972638130188,1.1948515176773071,0.47236940264701843,4.408359050750732,-0.1711004674434662,3.0999486446380615,-1.1844648122787476,4.5455241203308105,0.865001380443573,1.2720962762832642,country,country.00009.wav
0.29136452078819275,0.07468149065971375,1861.184983990783,2127.1802137761574,3768.960542944563,0.07651125314434984,-197.73265075683594,106.50902557373047,-4.434540748596191,37.64393997192383,-0.8606548309326172,-0.9555023312568665,-3.448014736175537,-0.051242224872112274,-9.299325942993164,-5.164658069610596,-4.245077133178711,-3.5471112728118896,-1.3499807119369507,-7.123562335968018,-1.6197428703308105,-2.486811637878418,-5.053232669830322,0.30241525173187256,1.069149374961853,-1.6592696905136108,country,country.00010.wav
0.30093860626220703,0.07848472148180008,2838.2033521252542,2798.4000706520005,6046.530104126355,0.11010515431501548,-199.09449768066406,61.1867790222168,9.970172882080078,23.455228805541992,10.26604175567627,0.021369297057390213,8.005173683166504,1.1249685287475586,-4.887679576873779,9.501937866210938,-6.344292163848877,3.86122727394104,1.628353476524353,-1.346118688583374,2.60319185256958,-3.5718612670898438,1.9763373136520386,2.5352303981781006,1.0390567779541016,-0.9814773201942444,country,country.00011.wav
0.2964994013309479,0.1268782764673233,1667.8626239303642,2053.1917197851853,3440.6958612495164,0.06406763980263158,-141.02310180664062,123.89308166503906,-2.4948010444641113,27.972536087036133,0.012813225388526917,1.2166239023208618,-11.020721435546875,-1.3764036893844604,-7.020709037780762,-6.118951797485352,-5.19248628616333,-2.1684279441833496,-4.593888759613037,-2.340559482574463,-1.1824415922164917,-3.964282989501953,-4.234257698059082,-7.8137969970703125,-1.6731255054473877,-1.084656000137329,country,country.00012.wav
0.3681032061576843,0.08002934604883194,2812.414612083667,2842.082595520709,6062.846672128967,0.12956497617550308,-126.18547058105469,77.63613891601562,3.1659162044525146,19.950847625732422,10.833182334899902,0.7266966700553894,5.217695713043213,-0.49295204877853394,-0.999363124370575,5.389013290405273,-3.735502004623413,-3.5004708766937256,-5.331846714019775,0.28486114740371704,-2.010887622833252,0.8345813155174255,0.32884520292282104,-1.1148979663848877,-4.3870038986206055,-2.6085503101348877,country,country.00013.wav
0.3647681474685669,0.09264680743217468,2951.9486784809105,3036.2061234055395,6568.8436124346945,0.12474225401509288,-124.63310241699219,72.52176666259766,16.713680267333984,18.248218536376953,12.224787712097168,8.088154792785645,7.982229232788086,-0.5219014883041382,2.3674657344818115,-0.5643610954284668,-5.573391437530518,0.5387731194496155,-5.0671539306640625,-1.1601871252059937,-3.5754244327545166,-3.689436435699463,-0.16906028985977173,-0.6420815587043762,-4.143894672393799,-3.999882936477661,country,country.00014.wav
0.3796985149383545,0.10473949462175369,1959.337324250709,2147.1033968251777,4208.8912160773025,0.09426624782314241,-116.17637634277344,111.72994995117188,-5.24551248550415,33.995697021484375,-12.458563804626465,4.250616550445557,-14.428153038024902,8.494949340820312,-8.198229789733887,-1.3456504344940186,-12.559846878051758,-5.005492210388184,-2.149932384490967,-1.8379671573638916,-8.2723970413208,-3.021101236343384,-5.472165107727051,-2.94153094291687,-2.636676073074341,-3.371675729751587,country,country.00015.wav
0.3225773572921753,0.07976905256509781,1425.8089845409772,1648.61482287627,2880.507581964735,0.06017386138254644,-210.17332458496094,139.61767578125,-16.979991912841797,58.00302505493164,-9.65481185913086,-1.964507818222046,-18.00123405456543,-8.20750617980957,-11.778446197509766,-7.882442951202393,0.6071054339408875,-9.965226173400879,-6.466773986816406,-3.8483526706695557,-12.045269966125488,0.3174675703048706,-8.042389869689941,-6.793089866638184,-1.846335530281067,-5.938521385192871,country,country.00016.wav
0.35718655586242676,0.08870291709899902,1469.7849502285726,1959.9876648535565,2966.873726387142,0.06385600087074303,-171.33900451660156,137.3545684814453,7.964578628540039,28.53956413269043,2.7081968784332275,-0.5015100240707397,-2.9561004638671875,-1.1593421697616577,-6.159660816192627,-2.4005284309387207,-5.853388786315918,-2.166609287261963,-5.343712329864502,-2.7834224700927734,-1.5698565244674683,1.2948379516601562,-3.412444591522217,-0.8946278095245361,2.633025646209717,-0.09977292269468307,country,country.00017.wav
0.3699391782283783,0.09677968919277191,2068.772763718777,2370.0194416842432,4098.033553085091,0.09561053296729877,-131.1485595703125,102.99636840820312,-11.533306121826172,17.739639282226562,16.96238899230957,4.435607433319092,1.296534538269043,3.41845965385437,-1.4990544319152832,1.6171722412109375,-7.983499050140381,-0.8249754309654236,-8.876750946044922,-3.842363119125366,-4.4875874519348145,-8.93865966796875,-6.380393981933594,-1.5118131637573242,-5.409955978393555,-8.043466567993164,country,country.00018.wav
0.3157433569431305,0.08205685764551163,1138.6702901800775,1462.0454419306657,2117.4705292787344,0.050959631385448914,-256.0635681152344,163.1016082763672,-22.872879028320312,26.93337059020996,15.301941871643066,-3.5052199363708496,4.217087268829346,-0.7930167317390442,-9.463186264038086,1.756961464881897,-4.423062324523926,-3.6401736736297607,-4.252334117889404,-8.109074592590332,-2.3760170936584473,-5.14559268951416,-11.161295890808105,-2.4129879474639893,-0.5396905541419983,-4.778741359710693,country,country.00019.wav
0.3655446469783783,0.10520260781049728,2409.267879260446,2533.230941226111,5215.735127829915,0.08685812935371517,-161.0912322998047,74.7069091796875,22.421598434448242,46.01198959350586,5.269035816192627,25.112390518188477,-0.5864291787147522,10.375497817993164,-6.83021879196167,5.049812316894531,-0.7697864770889282,1.402241826057434,-6.011288642883301,-4.006099700927734,-4.793629169464111,-2.866936445236206,-4.986898899078369,-3.6081995964050293,-7.58842134475708,-3.228184223175049,country,country.00020.wav
0.288941353559494,0.10983680188655853,1043.9737111043523,1393.023731509997,1945.0382386198723,0.04559534031540248,-209.38938903808594,167.13980102539062,-20.86545181274414,36.81765365600586,10.305033683776855,3.9740636348724365,-5.662354469299316,-4.638091564178467,-6.23797082901001,-4.1778645515441895,-6.688475131988525,-3.263476848602295,-7.967005252838135,-4.053321838378906,-4.987052917480469,-4.496615886688232,-4.010354042053223,-6.397800445556641,-5.9167399406433105,-8.175597190856934,country,country.00021.wav
0.3214172124862671,0.07503542304039001,1719.3372066856614,2141.9342898901655,3448.595813479586,0.06805325440208979,-195.12416076660156,114.29300689697266,0.001429602038115263,38.178550720214844,11.291479110717773,-6.07515811920166,1.218828558921814,-0.004193096421658993,-15.420768737792969,-3.570899724960327,-6.125418186187744,-4.500051021575928,-0.12475661188364029,-4.386220932006836,-9.412581443786621,-10.71687126159668,-6.541958808898926,-10.051359176635742,-7.262731552124023,-4.007445812225342,country,country.00022.wav
0.30551111698150635,0.038845717906951904,1496.56913504939,2333.0838753541902,3056.189852971411,0.03548126693111455,-353.0542297363281,110.63209533691406,32.743377685546875,24.164182662963867,18.746185302734375,5.924889087677002,-1.7401655912399292,3.8813748359680176,-2.9872539043426514,-1.9034862518310547,-2.8664543628692627,-0.9788744449615479,-6.4891204833984375,-4.252442359924316,-3.750518798828125,-6.011934280395508,-7.1998748779296875,-2.5195584297180176,-4.0325608253479,-3.4128341674804688,country,country.00023.wav
0.2704443037509918,0.09660106897354126,1739.3211961592144,1907.3936481055603,3425.5292862930532,0.0824598188370743,-199.98284912109375,109.12154388427734,-5.546024322509766,48.13289260864258,1.2039802074432373,4.597491264343262,-9.15217399597168,-1.471274971961975,-11.665060043334961,-5.204099178314209,-11.550537109375,4.978348255157471,-4.9808197021484375,-6.047306537628174,-0.6872891187667847,-8.536200523376465,-8.461552619934082,-7.943484306335449,-7.613287925720215,-0.3859531581401825,country,country.00024.wav
0.34731099009513855,0.07990662008523941,1565.7683179567373,2016.5056375841798,3190.1057098672118,0.05730313044214396,-200.5531768798828,119.65538024902344,-3.6046814918518066,31.952964782714844,9.957965850830078,15.293296813964844,0.6486002802848816,0.23646211624145508,-4.4767165184021,-2.310882329940796,-5.255605220794678,-2.473747730255127,-6.0480217933654785,-0.8033077716827393,-4.706508159637451,-11.291830062866211,-8.867358207702637,-8.068558692932129,-3.1603546142578125,0.3303137719631195,country,country.00025.wav
0.32973623275756836,0.10049913078546524,1270.4148783967134,1702.296029495803,2498.2598933642125,0.05483186798568111,-194.26962280273438,151.78431701660156,-3.034252643585205,29.480587005615234,9.101757049560547,5.985580921173096,3.78444504737854,3.7657220363616943,-5.869409561157227,1.5940247774124146,-3.766415596008301,0.9295918941497803,1.972303867340088,-2.231949806213379,3.3600001335144043,3.75465989112854,-1.1347994804382324,2.2319846153259277,3.3677234649658203,-4.1374101638793945,country,country.00026.wav
0.3917749226093292,0.11655924469232559,2012.1998825497253,2140.5495163521114,3908.3263668851587,0.0973951026751161,-100.73442840576172,106.97025299072266,-27.180389404296875,29.091337203979492,5.039496898651123,-5.429043292999268,3.2457468509674072,-5.1666436195373535,-5.103821277618408,-0.8067116737365723,-3.8309824466705322,-2.7171008586883545,-6.651432037353516,-4.67035436630249,-5.697048664093018,-5.9915313720703125,-10.22157096862793,-10.535934448242188,-5.731104373931885,-7.291665554046631,country,country.00027.wav
0.31836503744125366,0.09411101788282394,1474.0010327537864,1885.7963023939287,2925.3573107645607,0.05981898824496904,-169.19261169433594,132.806640625,-13.484966278076172,31.18226432800293,6.335588455200195,-3.7656242847442627,-2.057462692260742,-3.6175503730773926,-4.556713104248047,1.2857978343963623,-6.986225128173828,-7.255015850067139,-1.387317180633545,-9.508182525634766,-5.418510913848877,-1.906521201133728,-7.168160915374756,-1.4283392429351807,0.15933099389076233,-4.114242076873779,country,country.00028.wav
0.309946209192276,0.11707953363656998,1214.054895968694,1555.3850334761114,2274.1112487604005,0.054208666916602165,-171.28872680664062,160.4967041015625,-17.804439544677734,30.512203216552734,7.514743804931641,-8.25604248046875,-5.670382499694824,0.13195087015628815,-8.836377143859863,-2.6552681922912598,0.7057316303253174,-3.7849600315093994,-6.500515460968018,3.784128189086914,-5.431031227111816,-3.076478958129883,-6.254770755767822,-1.94001305103302,-0.8349334597587585,-1.4339760541915894,country,country.00029.wav
0.22133958339691162,0.07961926609277725,1240.5895174256275,1996.8404273431884,2412.9187427438083,0.042844034200851394,-277.1022033691406,128.25643920898438,42.4285888671875,37.69783401489258,12.78097152709961,9.599224090576172,-5.98311710357666,-7.538271903991699,-8.034318923950195,-4.942378044128418,-6.530047416687012,-3.627953052520752,-7.228426456451416,-7.452904224395752,-1.5747140645980835,1.3907408714294434,3.080537796020508,2.5106265544891357,-1.0542906522750854,-2.752324342727661,country,country.00030.wav
0.31330618262290955,0.10080858319997787,2052.937539079165,2187.74961377564,4094.358575307179,0.09529609798277863,-130.4947052001953,104.13706970214844,-19.26140022277832,34.15361785888672,5.413920879364014,-2.166884183883667,-0.726879894733429,-2.8929858207702637,-5.459535598754883,4.080211162567139,-4.462240695953369,3.5235819816589355,2.147012710571289,0.18757638335227966,2.681889533996582,-3.075350046157837,-3.1991117000579834,1.6599615812301636,-0.680653989315033,-4.373586654663086,country,country.00031.wav
0.33104121685028076,0.06050447002053261,1823.4330215874613,2206.257974253683,4016.8007109556406,0.0676016320385062,-237.99351501464844,97.70346069335938,6.526741981506348,45.97761535644531,2.154768466949463,16.221973419189453,8.825113296508789,7.767008304595947,-0.5937919616699219,4.480260372161865,0.14091596007347107,3.0210769176483154,-1.663800597190857,-5.422940731048584,-2.8296823501586914,-3.053650379180908,-0.4980621933937073,-0.11182405799627304,-3.859504222869873,-2.6508047580718994,country,country.00032.wav
0.3167600631713867,0.10454683005809784,2456.555660328323,2387.529908663669,4914.728614641786,0.12361565462945047,-133.3365020751953,78.99036407470703,-5.6506476402282715,35.522865295410156,-7.547708511352539,7.92803955078125,2.7298073768615723,0.396453857421875,-1.1331301927566528,-1.1071385145187378,-7.8454437255859375,-1.1711784601211548,-4.8140177726745605,-3.139932632446289,-5.044814586639404,-1.0937082767486572,-0.9636330604553223,-2.4559502601623535,1.1548453569412231,-1.839248538017273,country,country.00033.wav
0.3592577874660492,0.07824791222810745,2614.1281512828127,2655.9181746441463,5435.150467722039,0.11928688261900154,-153.8673553466797,83.68424987792969,-8.418766975402832,13.969093322753906,13.551850318908691,3.773253917694092,3.0063745975494385,6.347874164581299,2.066796064376831,2.075455665588379,3.195274591445923,-0.47532394528388977,-3.025930643081665,-4.537770748138428,-5.048807621002197,-4.925892353057861,-6.135663032531738,-1.666015386581421,0.4654977023601532,-1.5515390634536743,country,country.00034.wav
0.3759380877017975,0.09997189790010452,2322.0772479079756,2545.6257559133423,4581.230631258465,0.10437125096749227,-120.38322448730469,95.34891510009766,-6.00827169418335,25.168930053710938,20.961814880371094,-7.139915466308594,8.552629470825195,2.440011978149414,-14.663630485534668,9.296396255493164,-2.3618507385253906,-3.15647292137146,0.6094833612442017,-4.425830364227295,-7.452153205871582,-0.4442456066608429,-3.5879828929901123,-5.025635719299316,-2.523358106613159,-4.751410484313965,country,country.00035.wav
0.3446478247642517,0.022713258862495422,1827.093958381686,2050.585534980529,3647.25294556042,0.0848248839009288,-339.7991027832031,97.781005859375,-9.69590950012207,50.98689651489258,7.824944496154785,11.747367858886719,0.684760570526123,2.4938347339630127,-4.775411605834961,0.19351886212825775,-5.974664688110352,-2.8948965072631836,-6.157009124755859,-1.8445805311203003,-5.35518217086792,-8.30634880065918,-10.728058815002441,-7.740845203399658,-3.443732500076294,-6.962086200714111,country,country.00036.wav
0.37397298216819763,0.07204184681177139,2069.180155621707,2437.8452686900728,4234.307729053792,0.08500288735971362,-173.44410705566406,105.05278015136719,1.155316948890686,24.11484146118164,22.125150680541992,2.5424928665161133,-1.5812402963638306,0.1749143749475479,-5.323044300079346,3.8141825199127197,-4.523899555206299,-4.587282657623291,-1.5664961338043213,-2.257190465927124,-3.8579087257385254,-6.458282947540283,-7.468571662902832,-5.533387184143066,-2.1898677349090576,-2.4518628120422363,country,country.00037.wav
0.36715516448020935,0.09092474728822708,2860.3399496357706,2919.8629475089024,6247.037225020559,0.12115799753289473,-118.028564453125,74.16700744628906,8.28813648223877,15.46252155303955,6.154968738555908,8.443999290466309,4.118831157684326,5.738997459411621,-1.9503189325332642,3.1639111042022705,5.040856838226318,-1.1298937797546387,2.4367032051086426,-1.4256318807601929,-4.740827560424805,-6.369538307189941,-5.747557640075684,-6.266189098358154,-4.516868591308594,-1.0093791484832764,country,country.00038.wav
0.4378194212913513,0.09631170332431793,3760.4244872923673,3053.0667721793766,7442.646662000532,0.21237475510352166,-89.73638153076172,36.28620147705078,11.469534873962402,37.49559020996094,9.199135780334473,3.740518569946289,2.840357780456543,6.811539173126221,1.4674553871154785,0.0973382517695427,1.0258601903915405,1.1755473613739014,-3.5642974376678467,-2.0911779403686523,1.7115148305892944,-1.3672682046890259,-4.3769636154174805,-2.6016087532043457,-3.5284464359283447,-4.227249622344971,country,country.00039.wav
0.37339210510253906,0.1089937686920166,2449.9415972837987,2560.4616825468997,5043.0028389851,0.10633306828076626,-102.89669799804688,85.32916259765625,-4.324985027313232,30.583778381347656,3.0101559162139893,-1.9592187404632568,4.445295333862305,3.420520544052124,-4.253562927246094,-1.7713998556137085,-3.970628023147583,-1.3591872453689575,-3.7630884647369385,-5.177252292633057,-2.8950467109680176,-0.26965051889419556,-7.421148777008057,-4.096378326416016,-3.4501848220825195,-10.11428451538086,country,country.00040.wav
0.39776524901390076,0.11318445205688477,2634.0466588107224,2898.654345079428,5807.6232154302925,0.09585618529895511,-111.69470977783203,82.26009368896484,13.068495750427246,31.930076599121094,23.683029174804688,-0.5323793292045593,12.029793739318848,3.6602060794830322,-5.738521575927734,3.3330349922180176,1.4207491874694824,0.7725831270217896,0.5596442818641663,-1.1348551511764526,-1.7467116117477417,0.5584442615509033,-2.3236961364746094,-4.612611770629883,-0.6200669407844543,-4.944746971130371,country,country.00041.wav
0.3916036784648895,0.11769700050354004,2386.8223453587584,2715.9968533779856,5389.550743457334,0.08702592879256967,-101.28809356689453,84.1390151977539,7.751808166503906,30.383913040161133,13.85435962677002,11.632600784301758,-0.11175929009914398,-4.939070701599121,-2.370659589767456,-1.9748867750167847,-8.187719345092773,2.825073719024658,0.5467092394828796,-6.795642852783203,-4.311102390289307,-4.57783317565918,-9.847293853759766,-5.6903605461120605,-10.40599536895752,-7.51329231262207,country,country.00042.wav
0.4032820165157318,0.09496325254440308,2530.853994149147,2491.487169319094,5071.785998270608,0.1343000193498452,-101.19902801513672,85.43054962158203,-19.695709228515625,20.584856033325195,9.973623275756836,7.594192981719971,0.10405601561069489,3.40543794631958,0.04641164466738701,1.5777521133422852,-1.4500951766967773,-1.2814346551895142,2.1464107036590576,-4.794342994689941,-0.31705379486083984,-0.4299643337726593,-4.887641429901123,-3.000009536743164,1.0770748853683472,-1.456903338432312,country,country.00043.wav
0.3600381910800934,0.11366552859544754,1730.559357956436,2248.639954888259,3360.9380102009964,0.0665200059258901,-162.72116088867188,119.81047821044922,-2.8799524307250977,20.506134033203125,27.80887222290039,5.4853668212890625,6.040956020355225,1.204543948173523,-3.6995325088500977,0.34238559007644653,4.411624908447266,-0.40806129574775696,2.459360122680664,2.135385513305664,-1.6038624048233032,3.629128932952881,-3.4621622562408447,-2.5598268508911133,5.641790390014648,-3.654726505279541,country,country.00044.wav
0.3455454707145691,0.14661237597465515,2777.1145172614247,2647.662214458651,5621.632673422988,0.13296442651896284,-61.23540115356445,71.2633285522461,-17.042137145996094,17.118322372436523,5.0581464767456055,-4.204789161682129,-1.667630672454834,1.173366665840149,-0.8542969822883606,4.976346969604492,-1.6956690549850464,4.845418453216553,-0.1578167825937271,-2.079404354095459,-0.27295634150505066,-5.311601638793945,0.23376081883907318,-0.10088109970092773,-3.9376580715179443,-0.9228174686431885,country,country.00045.wav
0.3741157650947571,0.10333061963319778,2109.4728877007824,1933.8739158319513,3843.9517561496227,0.11589196739551083,-126.89159393310547,103.4920654296875,-31.892566680908203,58.719329833984375,-1.9583549499511719,-3.130634069442749,-2.9370546340942383,0.36575213074684143,-3.038083553314209,-0.8297624588012695,5.585165500640869,-10.142878532409668,0.7323166131973267,-1.6198152303695679,-10.05046272277832,-5.210883617401123,-9.042454719543457,-4.7387824058532715,-1.0380154848098755,-2.851498603820801,country,country.00046.wav
0.310234397649765,0.09065508842468262,1784.3451875096134,1840.1470652453863,3556.786825930002,0.09412943837074303,-165.51901245117188,117.87925720214844,-33.60674285888672,42.62331771850586,-1.3848822116851807,3.831390380859375,7.169803142547607,-7.170013904571533,-1.631492257118225,0.8754549026489258,-12.514056205749512,2.89426326751709,-12.372036933898926,-1.323824405670166,-6.636532783508301,-8.864954948425293,-5.1069416999816895,-8.079848289489746,-4.2646636962890625,-0.15898141264915466,country,country.00047.wav
0.31090641021728516,0.1169344037771225,1939.716518680421,2482.432245833719,4126.216715998694,0.0639731581366099,-149.0001678466797,107.24382019042969,11.190145492553711,26.698795318603516,11.405787467956543,-3.808100938796997,14.028653144836426,-5.892951488494873,-11.049588203430176,2.8112707138061523,-8.445196151733398,3.1889078617095947,-0.7737127542495728,-12.404468536376953,-6.286397933959961,-3.2991549968719482,-8.168630599975586,-6.584287643432617,-3.677579164505005,-2.9678540229797363,country,country.00048.wav
0.32361742854118347,0.14357976615428925,1600.3408733031765,1826.545250818989,3007.5151473006968,0.07581624600909442,-109.98737335205078,134.7486114501953,-24.02614402770996,19.394617080688477,-4.4071760177612305,-4.8148884773254395,-7.800572872161865,-0.393700510263443,-5.415931701660156,-2.957000255584717,0.7814668416976929,-4.776980876922607,-0.1722172349691391,-1.6905770301818848,-2.4042227268218994,-1.9624148607254028,-6.938366889953613,-4.073902606964111,-1.9557139873504639,-5.792825222015381,country,country.00049.wav
0.3509872853755951,0.10938402265310287,1779.4961449189584,2035.9825105917735,3873.6182434270995,0.07890693026799536,-143.12673950195312,121.89800262451172,-13.344369888305664,47.77785110473633,-12.660496711730957,23.372251510620117,-10.994921684265137,18.85610008239746,-13.706635475158691,15.95097541809082,-11.356476783752441,10.288700103759766,-6.0024847984313965,2.736147403717041,-9.286325454711914,4.504715919494629,-8.325128555297852,4.5223846435546875,-6.035287857055664,-2.3523778915405273,country,country.00050.wav
0.2746720612049103,0.09027794003486633,1552.7721617035625,1848.6019397530902,3166.9225167194754,0.0592494527621904,-204.71435546875,121.915771484375,-17.7427978515625,46.32460021972656,-1.7955843210220337,17.031993865966797,-14.699763298034668,14.66740608215332,-19.392902374267578,10.903635025024414,-13.474712371826172,1.2002155780792236,-6.213006019592285,-1.690712332725525,-8.696857452392578,-2.5127739906311035,-11.328505516052246,0.16912652552127838,-7.287027835845947,-7.511810779571533,country,country.00051.wav
0.3287540078163147,0.06950384378433228,1115.7881616130558,1662.9965162936762,2348.0441350316855,0.03547446425116099,-265.2758483886719,138.8597869873047,6.141732692718506,47.49591827392578,-2.3968026638031006,21.038162231445312,4.086073398590088,17.653968811035156,-12.02991008758545,15.491059303283691,-1.1331512928009033,7.889359474182129,0.4985816478729248,-0.23055444657802582,-3.869981050491333,4.062502384185791,-3.1115550994873047,3.0031967163085938,-1.4015295505523682,-1.4950988292694092,country,country.00052.wav
0.3733532726764679,0.1335311233997345,2271.2893251438104,2297.1096206412185,4956.728360675068,0.10825444744098298,-84.74407196044922,100.98661041259766,-16.020492553710938,51.76194763183594,-17.082294464111328,22.577102661132812,-20.2999267578125,18.914926528930664,-19.4926815032959,15.328481674194336,-17.741413116455078,8.583118438720703,-15.0005521774292,6.436904430389404,-10.276651382446289,3.2850341796875,-9.550153732299805,4.046603679656982,-5.595067977905273,-0.7083236575126648,country,country.00053.wav
0.312768816947937,0.10426096618175507,1654.614331906288,2105.5250083120295,3908.434699563419,0.06020787478231424,-175.01629638671875,115.70677947998047,5.106450080871582,58.16065216064453,-3.3279542922973633,29.664283752441406,-10.028761863708496,19.655780792236328,-16.303510665893555,13.737743377685547,-8.819840431213379,7.224039554595947,-8.892760276794434,4.749917507171631,-11.493278503417969,0.9123308658599854,-8.153264045715332,1.18642258644104,-7.980874538421631,-5.646860599517822,country,country.00054.wav
0.3570769727230072,0.15497614443302155,1881.161817758554,2116.237657232868,4111.466805189387,0.08110419589299536,-82.96261596679688,122.53279876708984,-16.65855598449707,40.015907287597656,-15.00722885131836,21.670377731323242,-18.256282806396484,18.36186408996582,-17.988773345947266,16.991613388061523,-16.0396728515625,8.533731460571289,-8.70678424835205,10.766551971435547,-4.624802112579346,7.237584590911865,-7.609497547149658,5.294871807098389,-5.517238616943359,-0.17936286330223083,country,country.00055.wav
0.31916454434394836,0.13618691265583038,1468.746159645324,1960.7336227819146,3213.230570034346,0.054941088791602165,-164.79193115234375,123.42044830322266,4.234655380249023,48.788734436035156,-5.151331424713135,22.84454917907715,-7.805298328399658,19.29429817199707,-11.024413108825684,21.256271362304688,-9.740571022033691,5.1541314125061035,-6.141110420227051,5.414101600646973,-9.9237060546875,3.913534641265869,-7.326436519622803,1.3926398754119873,-8.839241981506348,-3.7414536476135254,country,country.00056.wav
0.3150281310081482,0.1300644427537918,1741.8149971403939,1985.7625460094791,3791.6270725498257,0.07543756349167957,-137.88375854492188,121.52389526367188,-13.267189979553223,43.3187255859375,-10.709388732910156,17.85877799987793,-7.949545383453369,9.089491844177246,-19.79267692565918,9.440964698791504,-19.598379135131836,6.90787410736084,-12.54389476776123,-0.755631685256958,-9.149439811706543,1.4457074403762817,-8.303116798400879,-3.752955436706543,-6.8689351081848145,-0.4803476333618164,country,country.00057.wav
0.34798485040664673,0.16375946998596191,1796.1137426759592,2148.3012551703027,4163.80815535507,0.07327015407314241,-101.38996124267578,120.45384979248047,-0.4065871238708496,49.04241943359375,-15.863625526428223,19.87376594543457,-13.094367027282715,18.574188232421875,-15.7069673538208,15.254117965698242,-5.9068427085876465,6.647347450256348,-10.359328269958496,7.085957050323486,-8.217057228088379,6.200713634490967,-8.38956069946289,2.9200687408447266,-6.652833461761475,-1.3233217000961304,country,country.00058.wav
0.2843823730945587,0.14543543756008148,1535.3805435364122,2011.466278916483,3510.4121063515868,0.052538986914667185,-185.11380004882812,120.50994110107422,29.717456817626953,56.40028762817383,-3.0346622467041016,22.222614288330078,-10.344738960266113,20.05401039123535,-13.685050964355469,9.17043685913086,-6.428536415100098,3.296780824661255,-8.737771987915039,5.0113959312438965,-9.227386474609375,3.7786366939544678,-10.201930046081543,5.912036895751953,-4.424709320068359,1.5817281007766724,country,country.00059.wav
0.3420514464378357,0.14100803434848785,1373.0379665331902,1930.2022840004208,3068.9564424402574,0.04291659612035604,-178.51937866210938,130.1326904296875,12.088971138000488,47.05108642578125,2.622490644454956,24.09434700012207,-4.627711772918701,22.772083282470703,-10.941142082214355,13.5391263961792,-6.809722900390625,8.712160110473633,-6.090920448303223,4.0794596672058105,-5.152721881866455,7.859420299530029,-5.2554731369018555,3.956895112991333,-3.139935255050659,-4.387820720672607,country,country.00060.wav
0.3144577145576477,0.10717964917421341,1397.840984804417,1895.9827784828635,3101.314580108359,0.048586629861648606,-186.3923797607422,135.86007690429688,5.928499221801758,45.86050033569336,-5.766275405883789,22.786792755126953,-13.002945899963379,17.122373580932617,-13.756378173828125,9.734512329101562,-8.36888599395752,6.6592278480529785,-9.091540336608887,5.422998428344727,-6.85394811630249,1.5488519668579102,-8.558101654052734,5.447452545166016,-4.363458156585693,-4.706831455230713,country,country.00061.wav
0.3903726637363434,0.130179300904274,2167.0242315710375,2277.7405542601186,4794.804339807469,0.10237579818111456,-94.09416961669922,109.16863250732422,-11.849949836730957,41.56547164916992,-19.475982666015625,23.831954956054688,-19.935585021972656,20.37474822998047,-17.28199005126953,16.585617065429688,-10.199128150939941,9.39206600189209,-10.051932334899902,7.805493354797363,-15.095584869384766,3.2743914127349854,-10.467717170715332,7.5478129386901855,-5.550231456756592,2.2327795028686523,country,country.00062.wav
0.33393725752830505,0.13140647113323212,1615.0641667795348,2016.8360437671106,3659.7028702774282,0.058282716355456655,-185.422607421875,118.46734619140625,17.795289993286133,48.88768768310547,-2.160806179046631,21.37010955810547,-9.0011625289917,20.535987854003906,-11.4166259765625,9.282177925109863,-5.481672286987305,5.754807949066162,-2.9795713424682617,3.451476573944092,-6.077712535858154,1.266960620880127,-5.953243255615234,7.072019100189209,-2.1684470176696777,4.868857383728027,country,country.00063.wav
0.2633034586906433,0.08258095383644104,1512.285769157878,1865.6110493735246,3238.930414630902,0.060115282749613,-217.74221801757812,128.346923828125,-7.513692855834961,39.2650032043457,-2.5556235313415527,18.173011779785156,-15.16671085357666,16.770923614501953,-15.265886306762695,4.899211406707764,-6.513762474060059,2.8973584175109863,-11.506306648254395,-0.10554187744855881,-10.623800277709961,2.2620763778686523,-9.167436599731445,6.866772651672363,6.235955715179443,3.369278907775879,country,country.00064.wav
0.28280285000801086,0.11056768894195557,894.2258292361238,1195.3880118511938,1639.0484222317627,0.038680794069272446,-250.87863159179688,163.0983123779297,-3.8807103633880615,30.153528213500977,5.576422214508057,7.496038436889648,4.024819850921631,-2.110605239868164,-5.4704108238220215,-1.058341145515442,-9.981245994567871,1.818381667137146,-8.760416030883789,-7.0439934730529785,-4.215171813964844,-8.841512680053711,-7.404841899871826,-3.301464080810547,-5.140649795532227,-9.970359802246094,country,country.00065.wav
0.3207148611545563,0.13643474876880646,1701.133231854635,1709.034417820481,3242.2803943740323,0.09886750495839783,-102.51608276367188,135.72169494628906,-46.895442962646484,32.74629592895508,-11.160360336303711,23.465744018554688,-9.7664213180542,16.901647567749023,-11.685101509094238,13.207406044006348,-7.1831440925598145,4.735628128051758,-8.202425003051758,2.6096551418304443,-2.987762451171875,6.806238651275635,-2.078866958618164,3.292024612426758,0.2834379971027374,-4.2187700271606445,country,country.00066.wav
0.32129815220832825,0.05543045699596405,857.9961382033647,1237.6766228928875,1445.8079240639513,0.03538187221845975,-328.7254638671875,167.05113220214844,12.98838996887207,28.820632934570312,11.246061325073242,14.42672348022461,11.70595932006836,7.804121494293213,-11.729083061218262,2.385380983352661,-8.34757137298584,-3.857314109802246,-6.7459235191345215,-5.76408576965332,-8.251606941223145,-4.549577713012695,-1.0538640022277832,-4.606028079986572,-2.8582496643066406,-2.232487678527832,country,country.00067.wav
0.34938734769821167,0.0834927186369896,1130.940763773945,1458.3870780464247,2216.5365969064437,0.050243082430340556,-229.46890258789062,157.3128204345703,-16.762048721313477,31.87986183166504,-0.11036970466375351,16.656442642211914,1.355171799659729,12.223304748535156,-3.8625049591064453,6.839231491088867,-4.263226509094238,1.3375680446624756,-5.895663261413574,-4.034212589263916,-5.254957675933838,-4.548437118530273,-6.80751371383667,-4.406003475189209,-4.179810047149658,-6.349775791168213,country,country.00068.wav
0.3521580994129181,0.08712510019540787,1327.824096106779,1632.8005227389544,2755.9750016628773,0.06108731012964396,-217.1639404296875,136.16940307617188,-10.362345695495605,51.38904571533203,2.612236976623535,15.127789497375488,-0.6809203028678894,12.287425994873047,-6.226423263549805,7.8023223876953125,-5.409078598022461,3.6247036457061768,-2.8072168827056885,-0.36028754711151123,-0.5597209930419922,0.3629967272281647,-2.2528908252716064,-2.4962317943573,4.193676948547363,0.3514585793018341,country,country.00069.wav
0.36496180295944214,0.144246906042099,1935.1584683595631,1970.0773805323784,4048.7838508913023,0.09476964613970588,-99.320068359375,117.56864166259766,-29.88463020324707,40.83229064941406,-15.263144493103027,27.980684280395508,-11.95539665222168,13.331402778625488,-11.367624282836914,10.538833618164062,-8.748048782348633,8.410869598388672,-6.844215393066406,0.4395354092121124,-5.308865547180176,1.6441802978515625,-7.353095531463623,0.5184657573699951,-1.4642422199249268,-5.92699670791626,country,country.00070.wav
0.29230931401252747,0.11840969324111938,1261.3177003596256,1395.9041023199793,2421.243692403976,0.060543095733359135,-185.85665893554688,155.2994384765625,-25.034076690673828,20.532516479492188,-3.834843873977661,-0.6002928614616394,-4.568850994110107,-5.9145917892456055,-16.538049697875977,-0.4521843492984772,-16.3022518157959,-4.2136077880859375,-16.815841674804688,-4.541953086853027,-8.360623359680176,-9.983512878417969,-7.767913818359375,-8.343300819396973,-6.844908714294434,-10.199348449707031,country,country.00071.wav
0.3451366126537323,0.15658940374851227,1711.2104216664566,1873.560298016591,3556.48682774405,0.08227350099167957,-96.2829818725586,131.92025756835938,-26.3221378326416,35.98215866088867,-22.80771255493164,14.489157676696777,-11.834168434143066,11.801549911499023,-21.218061447143555,11.527786254882812,-12.925013542175293,7.176230430603027,-13.9385404586792,2.9490716457366943,-5.027493953704834,1.5300582647323608,-4.385612964630127,2.5454063415527344,-5.366110801696777,-5.970069885253906,country,country.00072.wav
0.37493959069252014,0.09581226855516434,1549.1920056300594,1823.8559848265636,3290.171771448094,0.06975279061048761,-167.00982666015625,132.44342041015625,-17.294891357421875,46.93230438232422,-3.6503565311431885,20.946674346923828,-8.8304443359375,8.546585083007812,-15.151556015014648,8.105513572692871,-16.944101333618164,6.647017478942871,-10.924016952514648,1.1016004085540771,-6.2937397956848145,-3.64147686958313,-7.382185935974121,-2.1708147525787354,-3.849869728088379,-9.66826343536377,country,country.00073.wav
0.35509008169174194,0.08231483399868011,1533.8625889630157,1696.8473504621963,3117.3561497738488,0.07112353062113003,-207.2761688232422,130.9469757080078,-18.496767044067383,33.29912567138672,-3.922163724899292,15.39346694946289,-6.382999897003174,2.951951742172241,-16.78615379333496,7.084848403930664,-8.594070434570312,4.795649528503418,-12.250598907470703,-1.0214048624038696,-4.542040824890137,-6.066711902618408,-5.5392537117004395,-2.3645169734954834,-6.5289387702941895,-5.89557409286499,country,country.00074.wav
0.3718079626560211,0.1797305792570114,2187.464108981419,2242.0976879508016,4841.679056362471,0.11375403625677244,-60.84931182861328,105.47065734863281,-16.914596557617188,40.70117950439453,-15.038137435913086,36.04629898071289,-12.81877326965332,17.48331642150879,-16.75531768798828,11.757575988769531,-10.13022518157959,13.194356918334961,-12.209436416625977,2.357671022415161,-12.200345039367676,6.448178768157959,-1.7883275747299194,6.3295722007751465,-1.3351495265960693,-2.792597532272339,country,country.00075.wav
0.2973077893257141,0.12832628190517426,1321.5897450564107,1409.2266087020455,2590.326003319708,0.0665252968991873,-183.97171020507812,159.8199462890625,-23.171310424804688,43.05397415161133,-9.468153953552246,8.831391334533691,-1.6515100002288818,4.351795673370361,-13.370458602905273,0.8398633003234863,-13.976324081420898,1.4428530931472778,-7.390411853790283,0.6109412312507629,-3.387033462524414,-3.5861692428588867,-9.068071365356445,-3.1647353172302246,-4.070172309875488,-7.053116798400879,country,country.00076.wav
0.33729204535484314,0.13140137493610382,1513.196622643609,1558.1150005356603,2922.698993505708,0.08784300624032508,-118.23319244384766,152.9431915283203,-46.513092041015625,31.120494842529297,-17.28691291809082,6.277331829071045,-3.6798624992370605,13.048770904541016,-13.126936912536621,15.70604419708252,-13.07692813873291,5.701762676239014,-10.694595336914062,0.9979591965675354,-6.701846122741699,2.5876030921936035,-9.803431510925293,0.16060130298137665,-3.454817295074463,-7.419518947601318,country,country.00077.wav
0.3762945234775543,0.043252814561128616,1143.943990289628,1443.341974961158,2222.2448957224747,0.04985797515963622,-302.5818176269531,150.15966796875,-3.7027955055236816,26.92380714416504,-0.2633160650730133,13.522551536560059,7.248563289642334,4.217867851257324,1.7668282985687256,6.5633111000061035,-0.4889707863330841,7.896579742431641,1.3293299674987793,0.47706708312034607,0.07484705001115799,-3.205134868621826,-1.82651686668396,0.8744351863861084,0.574003279209137,-3.1530656814575195,country,country.00078.wav
0.31024566292762756,0.11523082852363586,963.1958805922379,1234.859684338764,1752.8894005176085,0.04576843072755418,-229.14720153808594,180.35635375976562,4.520905494689941,24.184404373168945,1.1109343767166138,3.9924354553222656,-5.99603271484375,1.8722158670425415,-13.136268615722656,0.004707076586782932,-13.499958038330078,1.5836844444274902,-13.435796737670898,-5.694528579711914,-7.607403755187988,-9.802796363830566,-3.7803761959075928,-4.79663610458374,-4.714709281921387,-2.9630823135375977,country,country.00079.wav
0.3873130977153778,0.15323907136917114,2049.894019739639,2188.355870987396,4435.848177032943,0.08940724470297988,-100.9559555053711,111.60762023925781,-13.15213394165039,44.59754943847656,-5.961038589477539,29.337100982666016,-7.956896781921387,19.591026306152344,-22.446842193603516,17.270526885986328,-17.831653594970703,11.408343315124512,-12.451891899108887,1.6513622999191284,-8.525836944580078,2.719050407409668,-7.307456970214844,4.868775367736816,-1.2129418849945068,-1.2930740118026733,country,country.00080.wav
0.37873685359954834,0.167902871966362,2101.538599563589,2152.183984058375,4416.156629438371,0.10102962340363777,-74.14830017089844,107.63804626464844,-21.198165893554688,47.23445510864258,-5.976315975189209,17.81209373474121,-20.399551391601562,14.992423057556152,-15.965242385864258,15.7340726852417,-14.664024353027344,10.681490898132324,-10.128546714782715,4.450296401977539,-7.654798984527588,6.9238200187683105,-9.014678955078125,4.166694641113281,-3.7480404376983643,-3.5929133892059326,country,country.00081.wav
0.38583266735076904,0.16647550463676453,2253.250681954205,2261.407343786666,4798.970981279025,0.10609270692240712,-68.6235122680664,101.3541259765625,-16.908740997314453,51.52635192871094,-10.228339195251465,20.050033569335938,-21.784996032714844,15.524762153625488,-18.795236587524414,16.359054565429688,-17.89385414123535,12.126648902893066,-13.205328941345215,3.8833322525024414,-8.886961936950684,5.021149635314941,-9.827744483947754,6.536147117614746,-4.50694465637207,-1.8084125518798828,country,country.00082.wav
0.31836503744125366,0.13104534149169922,1436.0348088902886,1729.59750206131,2924.248984133127,0.05955141616679566,-148.5599365234375,141.28050231933594,-15.883042335510254,44.655067443847656,0.9918707013130188,13.662191390991211,-13.24034309387207,12.651496887207031,-11.702235221862793,12.159911155700684,-10.476021766662598,9.908224105834961,-5.055812835693359,1.3398414850234985,-0.5577617287635803,2.8566839694976807,-8.097519874572754,2.1134843826293945,-2.4832212924957275,-4.431659698486328,country,country.00083.wav
0.3197316825389862,0.18059872090816498,1965.2766137464205,2036.695092015282,4060.050449430389,0.09301795605166409,-80.23638916015625,108.18648529052734,-23.827436447143555,52.601409912109375,-6.4240851402282715,15.064197540283203,-17.635906219482422,9.739015579223633,-16.176488876342773,8.906126022338867,-15.964033126831055,8.00182819366455,-10.704085350036621,4.569238662719727,-4.960350036621094,3.9968152046203613,-9.807706832885742,2.680426836013794,-8.185659408569336,-5.239687919616699,country,country.00084.wav
0.3379400074481964,0.135407492518425,1596.2209122528527,1853.2491399296675,3291.4800968701625,0.06926526521381579,-146.04881286621094,124.64810180664062,-17.922836303710938,49.22504425048828,-0.17947566509246826,22.789756774902344,-7.173457622528076,16.74798011779785,-9.723663330078125,15.444622993469238,-7.621331214904785,10.908756256103516,-3.455136299133301,5.42226505279541,-4.935969352722168,5.122743129730225,-8.049168586730957,2.635068416595459,-1.849802851676941,-3.417757749557495,country,country.00085.wav
0.3718833923339844,0.13350729644298553,1879.9377906980571,2085.606346373194,4031.9756191950464,0.07831736467202012,-122.42741394042969,111.48313903808594,-13.694293975830078,53.82840347290039,-2.6777656078338623,19.677549362182617,-14.138922691345215,13.74367618560791,-14.016459465026855,14.626712799072266,-13.993216514587402,9.218205451965332,-10.559242248535156,3.0057268142700195,-8.31494140625,5.073639392852783,-9.64663028717041,4.321746826171875,-5.681900501251221,-1.668894648551941,country,country.00086.wav
0.32843276858329773,0.10860428959131241,1589.6339834802307,1805.887270882007,3159.789226520172,0.07391451903541021,-170.9006805419922,124.81326293945312,-19.26219367980957,39.20719909667969,-3.755105495452881,15.289896965026855,-12.972991943359375,8.53016471862793,-11.83366584777832,11.321371078491211,-13.773080825805664,3.102463960647583,-10.078783988952637,2.897005081176758,-5.484683513641357,2.5281567573547363,-9.198529243469238,1.073037028312683,-3.5728163719177246,-6.721492290496826,country,country.00087.wav
0.35364559292793274,0.15263915061950684,1623.0094789002953,1963.444341328731,3527.637002194998,0.06606309258900929,-121.94322204589844,123.23765563964844,-8.495368957519531,51.59637451171875,-0.1035129576921463,20.407001495361328,-11.875410079956055,16.275983810424805,-11.508768081665039,11.847225189208984,-8.08565616607666,9.130350112915039,-8.638808250427246,5.559068202972412,-5.71460485458374,3.9428212642669678,-5.466577053070068,4.975885391235352,-3.035578966140747,-3.3167319297790527,country,country.00088.wav
0.3221209943294525,0.10459916293621063,1321.7303763628809,1667.266319633863,2584.1010409612036,0.05250308388157895,-205.14923095703125,140.98760986328125,-8.957965850830078,36.97944259643555,6.425442695617676,14.875374794006348,-4.318117618560791,12.23244571685791,-11.431656837463379,11.850926399230957,-7.903382301330566,9.912310600280762,-2.351649522781372,4.477266788482666,-5.0110182762146,3.1385374069213867,-4.525136470794678,2.6503336429595947,-3.122873306274414,-10.71269702911377,country,country.00089.wav
0.37119004130363464,0.14735452830791473,1927.4404450221414,1972.1304878159117,3883.326518055824,0.0990303913506192,-91.68522644042969,115.86115264892578,-30.20094871520996,52.27314758300781,-5.0251641273498535,16.953514099121094,-15.656588554382324,13.539406776428223,-12.762941360473633,15.96912670135498,-11.96989631652832,11.058927536010742,-9.962003707885742,2.095536470413208,-7.827020168304443,5.033725261688232,-7.303044319152832,3.0504679679870605,-4.442383766174316,-2.2333905696868896,country,country.00090.wav
0.3533473312854767,0.0894317775964737,1563.4183306021262,1779.217568981513,3233.9637779968075,0.06475622218459752,-193.78868103027344,125.56073760986328,-20.924123764038086,46.3380012512207,-2.685431957244873,12.833367347717285,-6.601934432983398,10.727055549621582,-10.907483100891113,6.1092729568481445,-9.442731857299805,5.163946151733398,-3.6584970951080322,0.3212968111038208,-8.01819896697998,0.39792200922966003,-6.523459434509277,1.183837652206421,0.7200208902359009,-5.210151195526123,country,country.00091.wav
0.3705238401889801,0.17646493017673492,2334.8728689120853,2212.4728152145813,4838.912406425358,0.12121959957914087,-50.776329040527344,96.7171630859375,-24.326112747192383,66.07612609863281,-14.680636405944824,24.391263961791992,-21.017484664916992,12.469586372375488,-18.13181495666504,13.26716423034668,-12.802163124084473,9.79845142364502,-11.344080924987793,4.923646926879883,-7.846177101135254,5.739019870758057,-10.303220748901367,3.7310996055603027,-3.238227605819702,0.381931871175766,country,country.00092.wav
0.25082582235336304,0.09254993498325348,1537.7642290059414,1716.1980066788772,3055.1981923011804,0.068123926688274,-213.60235595703125,117.21269989013672,-21.871768951416016,45.65765380859375,-10.274457931518555,5.0603156089782715,-11.910964965820312,5.5678558349609375,-17.80463218688965,0.1869996190071106,-14.165857315063477,-1.1532572507858276,-10.30638313293457,-4.047060966491699,-6.634066581726074,-5.417384624481201,-9.716231346130371,-3.202913999557495,-4.448394775390625,-9.15206241607666,country,country.00093.wav
0.3667725920677185,0.20664183795452118,1474.927396796844,1745.8524867489689,3108.406203892947,0.06299281636996903,-104.37175750732422,136.39382934570312,-20.940237045288086,52.86117172241211,2.0258889198303223,20.427709579467773,-11.619366645812988,17.663803100585938,-15.735387802124023,11.049824714660645,-11.320436477661133,3.6714112758636475,-6.496494293212891,0.03771141171455383,-2.041167736053467,2.193798780441284,-7.112239837646484,1.845024585723877,1.6776916980743408,-1.4936904907226562,country,country.00094.wav
0.3286711573600769,0.1753358095884323,1555.9530444453296,1761.5697042735578,3218.1472069707816,0.0672293742743808,-124.83956909179688,127.38223266601562,-23.38180923461914,47.3604621887207,0.5631108283996582,15.991254806518555,-9.954187393188477,16.18013572692871,-16.729549407958984,6.78519868850708,-8.187068939208984,3.2049856185913086,-1.5920391082763672,-2.1546216011047363,-3.5263736248016357,2.207130193710327,-1.4075697660446167,-1.68927800655365,-1.026139497756958,-2.6274633407592773,country,country.00095.wav
0.32571616768836975,0.21798330545425415,1754.1360136048195,1861.99874061818,3504.895473043247,0.09739925986842106,-69.88548278808594,124.21145629882812,-32.470191955566406,47.69470977783203,1.3983787298202515,22.6176700592041,-8.754297256469727,21.443510055541992,-15.665969848632812,15.743200302124023,-12.42722225189209,9.581969261169434,-9.056124687194824,2.8903322219848633,-3.1964306831359863,5.830155372619629,-5.616022109985352,4.165293216705322,0.12036066502332687,-1.7134393453598022,country,country.00096.wav
0.34799957275390625,0.15299171209335327,1560.8796813263727,1782.7974966049771,3175.26413294553,0.06718742441466719,-148.44178771972656,126.85914611816406,-19.540855407714844,52.850608825683594,8.579708099365234,17.891019821166992,-8.081844329833984,17.781461715698242,-15.505313873291016,13.504546165466309,-10.957894325256348,9.476343154907227,-1.9246050119400024,1.8717725276947021,-2.6637003421783447,3.380279541015625,-3.519101142883301,2.1003568172454834,2.088249921798706,-0.10796240717172623,country,country.00097.wav
0.27091026306152344,0.17611368000507355,1425.2635079969477,1690.6857066356336,2980.9403079951144,0.0617449025251548,-139.62306213378906,128.7935333251953,-20.249359130859375,49.44361114501953,-2.160360813140869,16.98802375793457,-8.35529613494873,9.8182954788208,-20.150693893432617,2.501784563064575,-11.24776840209961,3.7660369873046875,-6.424686908721924,-3.351419687271118,-2.895395278930664,1.9763131141662598,-4.182941913604736,1.383352518081665,2.440202474594116,-3.6237287521362305,country,country.00098.wav
0.3810102343559265,0.22073805332183838,2157.2057766804382,2160.0886591075177,4477.88958948094,0.1082567150009675,-42.16572189331055,106.2783203125,-24.220882415771484,44.67146682739258,-12.335060119628906,20.518545150756836,-16.044445037841797,18.488561630249023,-18.781009674072266,15.510899543762207,-15.464725494384766,8.930742263793945,-9.987847328186035,6.924535751342773,-8.796883583068848,4.571828365325928,-9.043403625488281,1.0606868267059326,-6.4489336013793945,-0.9913763999938965,country,country.00099.wav
0.4458671808242798,0.14226125180721283,2297.0855298395068,2566.0415489788993,4888.128775487374,0.09633501838235294,-111.17790985107422,94.03520202636719,12.515315055847168,16.740259170532227,8.181676864624023,15.667252540588379,-1.3758585453033447,7.039429664611816,0.9736095666885376,-1.4805395603179932,-3.069302558898926,-5.0681891441345215,-3.68412709236145,0.234508216381073,-2.0857088565826416,-1.8237206935882568,-5.340756893157959,1.2517447471618652,-5.591701030731201,-3.628164052963257,disco,disco.00000.wav
0.4118673801422119,0.177040696144104,3290.4921281244474,2766.2269941018653,6514.877272095105,0.18854685685952013,-28.93470573425293,51.97178649902344,-7.610494613647461,21.60556411743164,8.1283597946167,18.120981216430664,6.875497341156006,6.584002494812012,0.7281346917152405,11.147645950317383,-1.8413448333740234,1.6686252355575562,-2.6266403198242188,-1.3988689184188843,-3.620312213897705,0.19592615962028503,-0.5023109316825867,2.4920969009399414,-3.476496458053589,-0.12979726493358612,disco,disco.00001.wav
0.41189542412757874,0.16131842136383057,3591.73383244625,3398.251476007568,8074.159509995405,0.1533482790731424,-53.18524932861328,57.17845916748047,21.168882369995117,11.324464797973633,18.122360229492188,1.6665678024291992,0.34381619095802307,2.3195996284484863,-5.109740734100342,2.749939441680908,3.152879238128662,-5.519138813018799,-3.1672284603118896,-0.5232682824134827,-2.6500189304351807,-1.9904131889343262,-1.2388086318969727,-3.3710389137268066,-3.730813503265381,-1.4404518604278564,disco,disco.00002.wav
0.49482712149620056,0.19658778607845306,3048.5690425083776,2722.6250368277992,6212.837431822029,0.14965177837171054,-44.23429489135742,52.21940231323242,3.3025825023651123,43.80800247192383,12.616857528686523,24.422096252441406,4.970883846282959,15.33407974243164,2.0627644062042236,10.375375747680664,-1.5161041021347046,8.840579986572266,0.424858957529068,4.6974358558654785,-1.78482985496521,2.9537394046783447,-2.019472599029541,-3.3882830142974854,-4.194431781768799,-0.4216860830783844,disco,disco.00003.wav
0.382143497467041,0.11456060409545898,3328.830808812161,3111.8212935297233,7196.373151182759,0.16905150989260836,-83.58349609375,64.47946166992188,5.655917167663574,2.701164722442627,0.7903159856796265,6.170802593231201,1.8922687768936157,1.979859709739685,-1.816444993019104,1.857466459274292,2.459876537322998,-0.2279338538646698,2.955510139465332,-3.3824586868286133,-0.8796456456184387,0.044985461980104446,-1.5710961818695068,0.5579811930656433,0.30237284302711487,-2.7803587913513184,disco,disco.00004.wav
0.44927671551704407,0.20725701749324799,2722.0804866206827,2569.2334475067137,5469.600259408862,0.14455203596652477,-24.691768646240234,73.74320220947266,-11.558470726013184,28.394289016723633,6.2409563064575195,2.4656217098236084,8.634088516235352,12.309107780456543,-4.102859020233154,13.385866165161133,1.9154304265975952,-0.9733684659004211,0.6083648204803467,2.3642091751098633,-3.7914464473724365,-0.9334679841995239,-0.8856285214424133,-3.499582052230835,-0.970603346824646,0.11684958636760712,disco,disco.00005.wav
0.4739876985549927,0.19194462895393372,2848.2245207476594,2490.6496151623014,5506.550035978618,0.16366529907604488,-14.574394226074219,65.21034240722656,-19.872638702392578,31.508325576782227,-4.826449394226074,11.862319946289062,9.994608879089355,5.957391262054443,-3.8033697605133057,9.377888679504395,-4.387916088104248,3.339540958404541,-4.444170951843262,-1.267117977142334,-0.8362672328948975,-2.2020668983459473,-4.7423996925354,-2.6242146492004395,-7.469330310821533,0.2292221635580063,disco,disco.00006.wav
0.43156641721725464,0.15960243344306946,3099.1841465490747,2728.3135813025015,6098.354790749565,0.1402841101489938,-53.4480094909668,56.161033630371094,-6.320987224578857,31.619056701660156,4.653374671936035,16.347412109375,4.119816780090332,1.8823281526565552,-0.388238787651062,2.495932102203369,-0.5415108799934387,0.9562786221504211,0.4956481158733368,-0.16682088375091553,-1.8157801628112793,-2.532487630844116,0.8160484433174133,-0.34222039580345154,0.560092031955719,2.785067319869995,disco,disco.00007.wav
0.45534127950668335,0.1906038224697113,2802.541418287883,2424.9610177239656,5449.683713174826,0.16440792497097523,-32.4671745300293,65.00106811523438,-26.697555541992188,30.282535552978516,5.743128776550293,11.739748001098633,-2.158412456512451,10.449981689453125,-2.361820936203003,5.323516368865967,-3.8081305027008057,-0.8611962199211121,-0.1878253072500229,3.4654242992401123,-3.0110604763031006,0.43562251329421997,-0.9314215183258057,1.1783150434494019,0.006235459353774786,2.858708381652832,disco,disco.00008.wav
0.4421542286872864,0.1189480796456337,3016.630571985955,2623.3927917379524,5954.647326395608,0.17065354102167182,-68.97056579589844,63.13103485107422,-15.85486125946045,28.0021915435791,8.183475494384766,7.321165084838867,-4.936118125915527,9.494792938232422,-0.9736146926879883,-1.603598713874817,-6.190129280090332,-3.936753273010254,-1.1710127592086792,-6.543671131134033,-6.177692890167236,-5.045213222503662,-4.406833648681641,-5.3750810623168945,-1.6540106534957886,-0.8894558548927307,disco,disco.00009.wav
0.4375571310520172,0.2328503429889679,2877.646855543141,2624.146129891107,5866.05619542739,0.15032410990712075,-6.7841386795043945,61.1263313293457,-16.656654357910156,27.43199348449707,7.72236442565918,16.008893966674805,4.634706497192383,11.44950008392334,0.33629196882247925,9.832176208496094,3.185621738433838,5.025588035583496,-1.862208366394043,1.482042908668518,0.9412412643432617,-0.43822482228279114,-0.73170006275177,4.444671630859375,-1.844805121421814,-0.6028676629066467,disco,disco.00010.wav
0.3736674189567566,0.1888572871685028,3132.849239309041,3007.9676708192465,6864.0001609967585,0.13097653226586686,-41.32794952392578,62.79434585571289,7.325326919555664,12.125494003295898,6.356637477874756,9.265047073364258,3.093090057373047,13.867353439331055,0.16360408067703247,8.06710147857666,-2.6970009803771973,-7.219517230987549,-3.245378255844116,-1.9231244325637817,0.5200374126434326,-3.1877126693725586,-5.547015190124512,-9.16651725769043,-10.670772552490234,-5.972923278808594,disco,disco.00011.wav
0.42879608273506165,0.17580029368400574,2739.0755703377026,2613.798191795889,5710.898800309597,0.13174939229392416,-57.66926956176758,68.38035583496094,-15.251753807067871,23.414113998413086,14.855438232421875,13.172660827636719,2.1979193687438965,12.811308860778809,0.061214789748191833,12.777957916259766,0.039405785501003265,3.369821310043335,0.8151105046272278,1.0514909029006958,0.5454103946685791,2.9783315658569336,2.9126882553100586,4.0227370262146,0.5252392888069153,1.9603630304336548,disco,disco.00012.wav
0.4213252365589142,0.17078040540218353,3391.8321168993366,3108.9716838169015,7204.406435939919,0.15957688842395512,-40.07042694091797,56.2091064453125,23.67975425720215,31.92544937133789,2.4516677856445312,2.5737195014953613,-2.4787797927856445,3.0920586585998535,1.8828637599945068,3.350966215133667,0.0001428326650056988,-1.5209647417068481,-2.4554948806762695,-5.073821067810059,-3.6762688159942627,-7.849821090698242,-3.038609266281128,-2.783916711807251,-7.496366024017334,-3.6325721740722656,disco,disco.00013.wav
0.4362133741378784,0.1737232655286789,3087.483970853388,2812.6634814898784,6530.043847051567,0.156306688999613,-23.927661895751953,61.22075653076172,-0.9586992263793945,25.331012725830078,0.39423462748527527,6.030254364013672,2.489081621170044,6.189191818237305,-0.3292669653892517,9.69687557220459,-5.507835388183594,1.0618181228637695,-2.436964750289917,-0.5666199922561646,-1.556718111038208,-0.8967288732528687,-6.733776569366455,-3.710993528366089,-4.460508346557617,-0.7739850878715515,disco,disco.00014.wav
0.4146434962749481,0.2158627063035965,2361.735960891677,2806.608081873163,5438.25878225982,0.09018917497097523,-46.826416015625,103.72579956054688,22.14641571044922,9.23317813873291,2.2635014057159424,-4.791667938232422,4.809458255767822,0.9585230350494385,-9.410541534423828,-1.0655137300491333,-0.8630862236022949,-5.274380207061768,-1.7578693628311157,-3.6494386196136475,-4.312636852264404,-0.08632912486791611,-2.501692533493042,0.5423790216445923,2.518467664718628,-3.544736623764038,disco,disco.00015.wav
0.43456846475601196,0.20560874044895172,2522.8702609517236,2564.5703679361486,5342.909358824739,0.11443506010545666,-36.030982971191406,83.65930938720703,-2.7294113636016846,32.392513275146484,9.196341514587402,4.13421630859375,0.03383917734026909,11.114394187927246,-2.890820264816284,7.905869007110596,0.6144370436668396,3.6502342224121094,3.7515382766723633,4.070796966552734,-3.3186333179473877,0.09888030588626862,-3.843195915222168,-0.5068442225456238,-3.4149014949798584,-0.7712105512619019,disco,disco.00016.wav
0.4046986699104309,0.11607085913419724,2564.6775896822555,2670.2675671248467,5388.992413500145,0.12076004075561146,-98.15684509277344,92.40119171142578,2.6636736392974854,19.337894439697266,3.5860509872436523,-1.7657076120376587,-1.7049834728240967,-3.1714422702789307,-9.092040061950684,-4.0804572105407715,-5.185576438903809,-5.487850189208984,-4.233516693115234,-3.7713584899902344,-1.7159790992736816,-5.584648132324219,-4.687199115753174,-2.7077784538269043,-1.8423919677734375,-3.0930302143096924,disco,disco.00017.wav
0.37004274129867554,0.13866780698299408,3043.380831699277,3001.1129616910393,6839.091978279799,0.14359928284636223,-73.15040588378906,71.75239562988281,12.095572471618652,1.3943439722061157,4.529426097869873,10.863226890563965,3.8709230422973633,0.9386609792709351,-5.979771614074707,9.034467697143555,-2.3677685260772705,3.5552124977111816,-0.14264008402824402,3.1092379093170166,-0.0739205926656723,0.36490586400032043,1.0845680236816406,1.5209071636199951,2.304687023162842,1.9287054538726807,disco,disco.00018.wav
0.44494399428367615,0.14695052802562714,2117.5507614054177,2143.899286453212,4198.949609526171,0.10366263847232972,-95.10371398925781,109.3531723022461,-30.161178588867188,16.358657836914062,20.039730072021484,11.96281623840332,3.485529899597168,6.173969268798828,5.2001824378967285,8.620757102966309,0.34259653091430664,0.3836270272731781,0.5362716317176819,-1.8029801845550537,0.9774778485298157,-0.06397868692874908,-3.6734533309936523,-2.1387338638305664,-3.6518173217773438,-4.40777587890625,disco,disco.00019.wav
0.3427105247974396,0.12461574375629425,2117.828754709546,2114.987397636512,4351.2236887456465,0.10330171850812693,-103.96162414550781,105.80915069580078,-14.325732231140137,36.738468170166016,-10.34866714477539,16.810850143432617,-6.82280969619751,8.140344619750977,-4.461958885192871,0.9882636666297913,-10.006155014038086,0.3835429251194,-1.7078524827957153,2.965632200241089,-0.8947299718856812,-3.0466806888580322,-4.439488887786865,-6.513694763183594,-8.457304954528809,-2.7770845890045166,disco,disco.00020.wav
0.4011549949645996,0.11133676767349243,3248.532892801311,3305.018067234049,7422.538450258804,0.1240548054131192,-115.1325454711914,70.42537689208984,31.2427921295166,11.176328659057617,13.064189910888672,3.8674581050872803,1.8087031841278076,4.970710754394531,-1.0388264656066895,3.926027774810791,-1.292635202407837,-0.6884157061576843,-1.0751352310180664,-0.14145267009735107,-2.1613638401031494,-2.317058563232422,-6.391728401184082,-5.313370704650879,-4.997710704803467,-3.852228879928589,disco,disco.00021.wav
0.4353606104850769,0.13689656555652618,3707.487312505618,3249.3744818532323,7806.927792575706,0.17289993711300308,-71.94239044189453,46.88916015625,21.026212692260742,29.950956344604492,9.497894287109375,2.405278444290161,8.244611740112305,2.5142548084259033,-2.1629693508148193,0.4397124648094177,-0.23318740725517273,-1.556515097618103,-3.6136648654937744,-3.817497730255127,-5.289668560028076,-2.9235541820526123,-2.9003374576568604,-1.7993289232254028,-0.7156233191490173,-0.9882603883743286,disco,disco.00022.wav
0.4352630376815796,0.17820890247821808,3167.808308145324,2934.994369827443,6730.517634813999,0.15100324412248453,-32.17341232299805,60.033607482910156,3.3775675296783447,18.96906852722168,4.3263349533081055,0.6811347603797913,-2.0263912677764893,1.33169424533844,-4.646989822387695,3.789341688156128,-6.734154224395752,-4.892331123352051,-2.343729257583618,-1.6774991750717163,-3.4933829307556152,-2.6775057315826416,1.006887435913086,4.0120391845703125,4.702273368835449,5.85440731048584,disco,disco.00023.wav
0.3726048171520233,0.14297516644001007,2625.095043461179,2709.9901686000894,5606.407765485923,0.12025853207236842,-69.59933471679688,83.0595703125,-16.599523544311523,0.11946944147348404,7.415704250335693,0.7696189284324646,1.3370081186294556,4.690685749053955,-1.4208714962005615,3.3284730911254883,-2.8755643367767334,-8.202937126159668,-5.765528202056885,-0.266381174325943,-3.210432291030884,-1.8850924968719482,4.043784141540527,3.654379367828369,1.9138739109039307,3.6086924076080322,disco,disco.00024.wav
0.3580901622772217,0.10787618905305862,2410.0020281305497,2575.8047598645294,5080.294280155525,0.0996603950996517,-124.19867706298828,90.169677734375,-11.31260871887207,10.940361976623535,-1.1521435976028442,-3.754396915435791,-0.8530473709106445,-3.8402538299560547,-3.708951950073242,-0.2670247554779053,-5.823245048522949,-3.430600643157959,-4.625741481781006,-4.559666156768799,-5.487039566040039,-5.199042797088623,-4.60867977142334,-1.8111319541931152,-1.3179175853729248,-1.9561291933059692,disco,disco.00025.wav
0.4012705385684967,0.1430158168077469,3042.993183926036,2969.1343437380074,6611.985018231182,0.1315751681017802,-68.09458923339844,66.36573028564453,11.869311332702637,21.982038497924805,9.769292831420898,6.696674346923828,1.6115297079086304,3.8194947242736816,0.9587366580963135,4.773913860321045,-4.204498291015625,-0.05883122980594635,-1.2347756624221802,0.07779582589864731,-1.1298578977584839,-2.0621066093444824,2.5659890174865723,1.388853907585144,2.179492473602295,2.2477424144744873,disco,disco.00026.wav
0.4853443205356598,0.11559313535690308,2909.983968555962,2990.754025172008,6351.153262111794,0.10124882086880804,-155.63731384277344,60.56849670410156,23.1668643951416,31.18634796142578,25.054384231567383,16.906993865966797,9.438360214233398,8.449132919311523,5.317451000213623,6.556657314300537,5.762754440307617,3.9231863021850586,7.559715270996094,2.156522035598755,4.427986145019531,4.345290184020996,-0.023135825991630554,0.8937063217163086,-0.4949651062488556,-4.784368515014648,disco,disco.00027.wav
0.4830015301704407,0.1725243180990219,3713.366946149792,3188.443143865485,7726.378279647591,0.1982474784732972,-20.481245040893555,53.708106994628906,5.945927143096924,10.153069496154785,17.057161331176758,9.541378021240234,4.611902713775635,6.3989410400390625,-0.3333010971546173,1.7238894701004028,3.6845264434814453,-0.7746318578720093,-5.887972831726074,2.321911096572876,0.36891213059425354,2.7516133785247803,-0.5318567156791687,-1.2027636766433716,0.24694541096687317,-1.2757893800735474,disco,disco.00028.wav
0.3840736448764801,0.14752869307994843,3075.059149844922,3031.881214983589,6848.758586493808,0.13853393176760836,-59.00656509399414,68.8701171875,-8.457221984863281,3.5900607109069824,5.072522163391113,3.284627914428711,13.525486946105957,-1.369273066520691,1.671212077140808,3.7126450538635254,-3.7159910202026367,-0.31718870997428894,-2.835763692855835,-8.801012992858887,-4.492696285247803,-6.412871837615967,0.45433881878852844,-2.2726712226867676,2.97929048538208,-0.01886841468513012,disco,disco.00029.wav
0.45030638575553894,0.1699541062116623,3168.1112406928287,3047.644241281729,6935.358062838623,0.1508622774767802,-40.7292366027832,63.94740295410156,4.904890060424805,16.340808868408203,12.100067138671875,9.339080810546875,4.540617942810059,5.189632892608643,-0.5894373655319214,-0.06985204666852951,2.9546144008636475,-1.4821672439575195,-1.7598724365234375,-2.266660213470459,-6.125470161437988,-4.724786758422852,-4.742950439453125,-5.763995170593262,-4.029355049133301,-5.362603187561035,disco,disco.00030.wav
0.41717562079429626,0.115748330950737,3257.126964639291,2898.084209645412,6681.101266961348,0.17381451964009287,-66.56880950927734,58.31061935424805,-8.17902660369873,15.493414878845215,5.575188636779785,7.697162628173828,4.071543216705322,-3.5835304260253906,-1.321885108947754,1.608825922012329,-5.482532978057861,-3.7345495223999023,-3.239858627319336,-1.3290433883666992,-3.4326326847076416,-1.1864657402038574,-4.382922649383545,-3.656522035598755,-2.090622663497925,-0.30984747409820557,disco,disco.00031.wav
0.3685377240180969,0.1111329048871994,2447.5053952029866,2449.620395814775,4959.620009856328,0.12327627648510062,-123.20343780517578,86.96167755126953,-22.49518585205078,6.931238651275635,8.458765029907227,12.637701988220215,-0.8590043187141418,-0.8323708176612854,-3.2620909214019775,2.6230344772338867,-0.7835581302642822,-0.4259602427482605,-3.829258441925049,-5.653186321258545,-1.843552589416504,0.12274651974439621,-1.0618996620178223,4.50008487701416,-0.9746713638305664,-5.260677814483643,disco,disco.00032.wav
0.3918999433517456,0.15696203708648682,2450.4078120136996,2388.143725140329,5024.452951153735,0.12449924717008513,-57.80061340332031,86.53878021240234,-11.77696704864502,38.776798248291016,2.375864028930664,8.829936981201172,-1.2931183576583862,9.917737007141113,-1.6644961833953857,9.836173057556152,3.0134122371673584,7.524686336517334,1.717929482460022,5.662630081176758,-0.7007105946540833,3.449606418609619,0.13334651291370392,-0.955838143825531,-2.637058973312378,1.6531116962432861,disco,disco.00033.wav
0.3576597571372986,0.12288417667150497,3653.396938317012,3234.1734231198407,7835.32762084583,0.18083450742550308,-65.79325866699219,52.83180236816406,16.578832626342773,12.546978950500488,5.6043381690979,8.383380889892578,-0.6104741096496582,-0.6237840056419373,-4.082042694091797,0.6868590116500854,-7.7874579429626465,-1.8914624452590942,-7.249997615814209,-5.273299217224121,-3.0442163944244385,-4.339183807373047,-2.543757677078247,0.7208261489868164,-0.30960410833358765,2.936621904373169,disco,disco.00034.wav
0.40266281366348267,0.15231217443943024,3623.816329797985,3229.652358619963,7702.895088313903,0.1764282604489164,-51.813499450683594,55.66841506958008,11.39661979675293,7.471485614776611,12.000198364257812,6.259165287017822,4.356969356536865,4.310425758361816,-5.940892219543457,0.5657939910888672,3.59938907623291,-2.3887081146240234,-5.823011875152588,-4.526179313659668,-7.014692306518555,-4.256947040557861,-1.7328704595565796,-2.143815755844116,-2.490335702896118,-1.5405887365341187,disco,disco.00035.wav
0.4347911477088928,0.17306745052337646,3348.2009991791724,3013.270649779574,7057.757322707043,0.16205155222039475,-23.558338165283203,57.34353256225586,7.011987209320068,16.52512550354004,5.500359058380127,11.859777450561523,1.674933910369873,5.46185827255249,2.7552294731140137,7.339150428771973,1.9634922742843628,1.2612274885177612,-2.3459413051605225,-2.319746255874634,0.10894825309515,-0.14546091854572296,2.2749884128570557,1.580435872077942,-1.8456298112869263,-2.442918300628662,disco,disco.00036.wav
0.4545819163322449,0.16388438642024994,3637.551798162976,3198.8678390173886,7771.0863426373835,0.19009560032894737,-26.56824493408203,52.04786682128906,4.177975177764893,12.859308242797852,16.74013900756836,10.133736610412598,4.475160121917725,6.326910495758057,1.1580265760421753,0.6461885571479797,4.612163066864014,2.1431961059570312,-3.3678746223449707,1.6292799711227417,-1.8801037073135376,-1.0871793031692505,-0.6725210547447205,2.3821051120758057,4.165998458862305,2.8615503311157227,disco,disco.00037.wav
0.3707182705402374,0.1131276935338974,3354.360372505759,2987.367057986614,7044.907400408765,0.16828847595781735,-77.39574432373047,52.15557098388672,-8.997961044311523,12.85235595703125,8.56609058380127,2.8920130729675293,8.930743217468262,4.0137529373168945,-7.34464168548584,-2.2605180740356445,0.9621685147285461,-1.0486537218093872,-3.7624757289886475,-3.532066583633423,-2.4292211532592773,-4.8809990882873535,-1.8485126495361328,-4.1706743240356445,-1.6632474660873413,3.508744478225708,disco,disco.00038.wav
0.34097588062286377,0.1243385449051857,2328.7358232995766,2432.2106054853166,4868.278895516883,0.10118608504256967,-107.36451721191406,91.02146911621094,-8.338966369628906,34.284461975097656,-1.9262821674346924,3.796600580215454,10.53145694732666,5.561392307281494,6.944074630737305,4.777405261993408,0.6849833130836487,-3.8546648025512695,-2.5791146755218506,-0.9039820432662964,7.024837970733643,3.783252239227295,3.3438799381256104,5.20635986328125,2.8768696784973145,3.1789965629577637,disco,disco.00039.wav
0.4208863377571106,0.14515092968940735,2605.158778871083,2533.400411803869,5352.617633453464,0.12638850256385448,-78.3511734008789,80.07461547851562,-9.167376518249512,25.477052688598633,-3.3905444145202637,16.80940055847168,7.270705699920654,1.8186620473861694,0.49557438492774963,6.320318222045898,1.4938976764678955,2.163630247116089,0.6581048369407654,-3.382021427154541,-0.9110810160636902,2.9360857009887695,-0.6341331601142883,5.876523494720459,1.896518588066101,-0.613013744354248,disco,disco.00040.wav
0.35578653216362,0.17537039518356323,1776.3958801199312,2452.7444237351056,3874.7765697561917,0.053842455979102165,-122.06816864013672,116.81796264648438,28.333023071289062,24.72945213317871,10.9462308883667,-1.8944624662399292,-1.4049607515335083,-0.9484211206436157,-3.5381524562835693,-2.6139371395111084,-1.1199346780776978,-4.180541038513184,-2.552187442779541,-3.766392946243286,-0.25579139590263367,3.237971305847168,-5.764341354370117,0.7164778113365173,0.2736760675907135,-2.2794301509857178,disco,disco.00041.wav
0.3941138982772827,0.1359810084104538,2403.9325975307147,2395.0072403556587,4901.478694762239,0.12167764669601393,-62.30523681640625,92.05400085449219,-19.720611572265625,17.629362106323242,-3.1775431632995605,5.419750213623047,-4.000616550445557,8.885711669921875,-2.490158796310425,3.160938262939453,-0.5298750996589661,-1.490691065788269,1.2983328104019165,0.9118191003799438,-1.5740798711776733,-5.3453288078308105,-1.3775159120559692,1.931330919265747,0.5238896012306213,-3.3288657665252686,disco,disco.00042.wav
0.42033129930496216,0.1736527979373932,2875.523793893122,2760.719592455261,6020.16359689435,0.13478414340654024,-62.78811264038086,77.84590148925781,3.535339117050171,26.012876510620117,5.932444095611572,11.292922973632812,11.104592323303223,-1.959661602973938,1.8299741744995117,9.186840057373047,4.068376541137695,0.9767575263977051,5.618281841278076,0.6827657222747803,-0.13502204418182373,2.2042744159698486,-1.858315348625183,-6.8201751708984375,-3.192486047744751,-3.537325143814087,disco,disco.00043.wav
0.36704447865486145,0.14895689487457275,2330.4341487066677,2437.648116063216,4645.41357648631,0.1095964650251548,-71.24205017089844,97.7214584350586,-18.355276107788086,8.578152656555176,5.202038764953613,-0.9389215707778931,0.4680155813694,1.6290963888168335,-4.778090953826904,0.06490763276815414,-0.5487089157104492,-4.452000141143799,-5.314455986022949,-4.784991264343262,-4.604324817657471,-5.987757205963135,-2.9043707847595215,-3.4409496784210205,-2.567782163619995,-3.0350146293640137,disco,disco.00044.wav
0.40740296244621277,0.13541683554649353,2248.158016320912,2368.7379081969507,4609.87212473394,0.10974196679082818,-81.29733276367188,106.4761962890625,-9.534991264343262,17.970006942749023,3.011077404022217,8.301613807678223,3.8938751220703125,4.249102592468262,-3.739396810531616,-2.078542947769165,-2.2060985565185547,-4.587527751922607,-1.1600444316864014,-1.8838691711425781,-0.22667758166790009,-1.036716103553772,-3.28688645362854,-1.8739798069000244,-0.7098231911659241,-0.5524986386299133,disco,disco.00045.wav
0.3763195872306824,0.11299213767051697,2259.667499272963,2272.8689550340846,4889.170435855263,0.11426008005998452,-125.69446563720703,101.7862777709961,-17.48869514465332,33.677490234375,-15.244757652282715,23.698762893676758,-8.658020973205566,18.546085357666016,-14.059921264648438,19.96295928955078,-15.148183822631836,12.975601196289062,-14.307978630065918,3.033168077468872,-7.098710060119629,1.616405963897705,-3.9054322242736816,5.386057376861572,0.9615917205810547,2.6921427249908447,disco,disco.00046.wav
0.2201482355594635,0.046984799206256866,1710.8442048759703,1620.146459083234,3238.938747913845,0.08702290537925697,-280.9080810546875,120.81539916992188,-37.61225509643555,28.736146926879883,-10.789444923400879,-6.406518936157227,-13.808621406555176,-4.062507629394531,-14.859973907470703,4.791967391967773,-20.174320220947266,-5.093949794769287,-6.792037487030029,-6.409426689147949,-1.758393406867981,-4.126147270202637,3.404989242553711,4.251873970031738,1.0147889852523804,-1.1414523124694824,disco,disco.00047.wav
0.40967416763305664,0.11230551451444626,2616.176846102278,2155.834650042469,4983.836530089009,0.15437434996613777,-105.02068328857422,80.22213745117188,-41.111576080322266,54.025760650634766,-8.379423141479492,25.721208572387695,-12.471841812133789,28.713754653930664,-15.008991241455078,15.610892295837402,-7.617063522338867,12.414464950561523,-7.368524074554443,5.769286155700684,-9.625082015991211,3.9907076358795166,-7.352029800415039,3.437116861343384,-3.5141050815582275,-2.9073314666748047,disco,disco.00048.wav
0.4213731586933136,0.20951692759990692,2397.052524918614,2208.5337721945857,4920.695245229053,0.13532117719620743,-45.13199996948242,98.67164611816406,-24.668424606323242,40.512596130371094,-18.104604721069336,26.11530303955078,-12.694840431213379,13.988503456115723,-15.421141624450684,16.17926025390625,-14.377716064453125,8.14035701751709,-11.9398193359375,5.377606391906738,-7.68656587600708,3.6840579509735107,-6.807864189147949,1.4850637912750244,-5.807229995727539,-2.500709295272827,disco,disco.00049.wav
0.4511672258377075,0.158993199467659,2376.1512622758464,2258.535035544069,5006.728058333736,0.12878191212751547,-45.805320739746094,101.74009704589844,-32.078636169433594,34.265602111816406,-17.547401428222656,32.327186584472656,-15.645261764526367,22.041263580322266,-16.11087417602539,18.677486419677734,-13.079385757446289,16.4752197265625,-9.913808822631836,11.567793846130371,-7.740399360656738,6.131409168243408,-7.361423492431641,3.57798171043396,-6.616034030914307,2.841446876525879,disco,disco.00050.wav
0.4605198800563812,0.10635125637054443,2651.3202472461626,2309.039109488247,5372.017516145027,0.15772391398993807,-77.19868469238281,89.36663055419922,-34.23228454589844,38.68126678466797,-22.269872665405273,31.254671096801758,-16.385425567626953,22.344226837158203,-16.015026092529297,19.28366470336914,-13.230426788330078,16.724140167236328,-10.393917083740234,11.38144302368164,-8.547001838684082,5.72911262512207,-8.349093437194824,3.0559773445129395,-7.578091621398926,2.2519233226776123,disco,disco.00051.wav
0.41644784808158875,0.12529388070106506,2591.5017766838123,2163.1024960936247,5062.136056622485,0.16987803550696595,-70.51618194580078,90.47600555419922,-48.08651351928711,36.67485046386719,-17.666038513183594,21.60397720336914,-30.18695068359375,24.03990936279297,-20.447668075561523,14.482979774475098,-18.50306510925293,9.126518249511719,-12.047067642211914,6.265968322753906,-11.558921813964844,4.908773899078369,-7.877405643463135,-0.6448118686676025,-4.355743408203125,0.197704017162323,disco,disco.00052.wav
0.46769261360168457,0.17256750166416168,3079.4689128269815,2709.9666043643942,6405.727932106231,0.15430745694659442,-108.5107650756836,69.93312072753906,14.870285034179688,45.53962326049805,-5.384937286376953,41.803653717041016,-13.5187406539917,32.55927658081055,-20.397464752197266,23.435901641845703,-12.123884201049805,17.99940299987793,-9.038808822631836,6.992761135101318,-4.731377124786377,2.3560433387756348,0.19970372319221497,2.3458986282348633,-0.7866604924201965,-0.5949065685272217,disco,disco.00053.wav
0.40136927366256714,0.05215665325522423,2566.1260441601803,2533.6870788134956,5521.508278861504,0.11465010037732198,-226.3543243408203,78.27161407470703,7.845218658447266,53.85680389404297,-1.1519349813461304,11.302834510803223,-7.848479270935059,24.365108489990234,-14.952828407287598,18.494564056396484,-19.137502670288086,6.156276702880859,-10.068167686462402,5.287830352783203,-11.6838960647583,3.3380043506622314,-11.27522087097168,1.386833906173706,-10.699085235595703,-4.32919979095459,disco,disco.00054.wav
0.4630337059497833,0.12149045616388321,2108.1997863703073,2072.6349671204425,4398.706734955495,0.11041618795955882,-103.09194946289062,107.49750518798828,-33.526493072509766,52.796356201171875,-9.143341064453125,30.36568832397461,-9.337431907653809,23.046274185180664,-11.900222778320312,18.170902252197266,-7.554081916809082,9.401474952697754,-5.444427967071533,6.653226375579834,-5.613327980041504,4.149191379547119,-5.471508979797363,0.8388856053352356,-0.054206255823373795,3.757211685180664,disco,disco.00055.wav
0.35825198888778687,0.0762047991156578,1755.2903582545093,2043.0111365643288,3816.2602569296632,0.07696816648123066,-182.78819274902344,124.18509674072266,-10.06248664855957,41.59244918823242,-7.389993667602539,26.952116012573242,-12.362844467163086,19.82030487060547,-16.069171905517578,16.206390380859375,-10.253923416137695,3.1237123012542725,-8.989256858825684,2.1562554836273193,-6.1063055992126465,3.9118847846984863,-3.7005362510681152,4.940195083618164,-1.2491525411605835,2.5313782691955566,disco,disco.00056.wav
0.37015920877456665,0.07617443054914474,1937.935756160484,2099.948883012934,4164.391485161087,0.09247298580205109,-143.208984375,122.59268951416016,-23.920419692993164,28.148860931396484,-23.689157485961914,23.081340789794922,-17.911197662353516,18.753313064575195,-18.636001586914062,18.356426239013672,-13.914460182189941,9.73025894165039,-12.243755340576172,4.938050270080566,-8.392431259155273,5.480607509613037,-7.870688438415527,3.9378468990325928,-5.715529918670654,-0.6342342495918274,disco,disco.00057.wav
0.4172433912754059,0.12223055213689804,2217.9682141739054,2245.210277412835,4743.712982083252,0.1109932819756192,-109.59149932861328,104.14510345458984,-16.2174129486084,45.37646484375,-10.19576644897461,25.55859375,-17.158018112182617,22.278688430786133,-16.850662231445312,16.53579330444336,-12.09670639038086,8.670637130737305,-8.847189903259277,5.246454238891602,-9.296138763427734,3.4515902996063232,-7.8958420753479,1.5266705751419067,-4.045670032501221,-0.10831425338983536,disco,disco.00058.wav
0.4033534526824951,0.11695980280637741,2279.818496274842,2269.7688540934123,4828.345803653493,0.1102181543875774,-109.05280303955078,106.84856414794922,-18.279069900512695,23.42359161376953,-17.76458168029785,19.019662857055664,-13.615213394165039,18.686105728149414,-18.371767044067383,18.40284538269043,-9.714786529541016,11.857382774353027,-5.560523509979248,12.884756088256836,-3.828143835067749,8.684379577636719,-7.081266403198242,5.419294357299805,-6.198667526245117,2.3279170989990234,disco,disco.00059.wav
0.4348427355289459,0.11449886858463287,1975.227458099991,2090.0411850498886,4251.4826251995455,0.09303307311822756,-121.09522247314453,116.94249725341797,-22.786970138549805,45.148929595947266,-4.239051342010498,30.256324768066406,-12.24527359008789,21.729875564575195,-16.54076385498047,16.233280181884766,-10.655169486999512,7.330419540405273,-9.353951454162598,5.783407211303711,-8.419079780578613,2.751753568649292,-8.094254493713379,0.369472861289978,-3.240158796310425,3.5852839946746826,disco,disco.00060.wav
0.3233638107776642,0.18443451821804047,2550.135383866737,2486.0206503089084,5585.291226508079,0.11589045568885449,-91.88630676269531,87.60405731201172,-2.0581753253936768,34.28553771972656,-18.15336799621582,19.344701766967773,-14.697327613830566,17.11617088317871,-15.334749221801758,17.040912628173828,-13.558690071105957,11.848033905029297,-9.811619758605957,9.113957405090332,-11.469915390014648,-1.0519092082977295,-11.649620056152344,0.2934407591819763,-1.2797366380691528,0.09898164123296738,disco,disco.00061.wav
0.4268950819969177,0.15116338431835175,2387.922380957909,2191.0049201766205,4919.661918144108,0.12770671076818885,-107.86759948730469,81.93658447265625,-30.634069442749023,41.33193588256836,-8.509502410888672,31.33373260498047,-8.86906909942627,26.030902862548828,-8.280141830444336,17.894874572753906,-4.652872085571289,7.425512313842773,-4.352715969085693,4.491106033325195,-4.098702430725098,3.0722198486328125,-0.2864227890968323,4.993084907531738,0.4063480794429779,3.8392715454101562,disco,disco.00062.wav
0.5478755235671997,0.29373863339424133,2583.3267231399764,2626.356286005615,5855.539592353183,0.09977263931888544,-51.776084899902344,70.33135223388672,-3.911700487136841,49.742279052734375,1.5879707336425781,35.703487396240234,-4.088695049285889,24.78790855407715,-9.707022666931152,22.039283752441406,-6.114995956420898,17.181259155273438,-2.7664239406585693,11.962386131286621,-1.631015419960022,6.924509048461914,-2.909796953201294,4.914970397949219,-0.4878128170967102,6.734444618225098,disco,disco.00063.wav
0.3882116973400116,0.09222450852394104,2144.2930792368275,2404.159447127944,4947.728415096507,0.06485183763061146,-189.21511840820312,93.95932006835938,7.905782222747803,41.89059829711914,-7.09204626083374,31.882488250732422,-12.58603572845459,24.220500946044922,-6.057699203491211,24.537946701049805,-6.0252366065979,16.763090133666992,-2.0117976665496826,6.3381171226501465,-8.548105239868164,3.8101701736450195,-2.5845131874084473,-0.8613337874412537,-3.112264394760132,10.213786125183105,disco,disco.00064.wav
0.471089631319046,0.1853540688753128,1887.648892045496,2191.1875941182675,4364.948605752951,0.07365715097716719,-106.24380493164062,105.57587432861328,-5.513561725616455,50.055816650390625,1.243984341621399,37.002601623535156,-9.622076034545898,24.011703491210938,-8.668455123901367,14.975655555725098,-2.52604079246521,9.7654390335083,-0.9115709066390991,3.856074094772339,-1.5508848428726196,3.5663249492645264,1.5332673788070679,2.096924304962158,-4.013532638549805,-2.6234521865844727,disco,disco.00065.wav
0.4508412480354309,0.16957618296146393,2492.8521058348206,2277.901838551696,5114.627405881143,0.13862576794698142,-57.60671615600586,96.69188690185547,-24.422019958496094,40.014190673828125,-17.260251998901367,27.834213256835938,-13.297422409057617,23.196401596069336,-16.528564453125,19.427146911621094,-15.485602378845215,11.825690269470215,-10.574847221374512,8.359430313110352,-9.3707914352417,6.546208381652832,-3.6950631141662598,0.3470924198627472,-4.408958435058594,1.5547027587890625,disco,disco.00066.wav
0.3650035262107849,0.09135410934686661,2541.995563795192,2289.3365138825743,5183.035325561145,0.14330827931501547,-103.76036071777344,92.46227264404297,-27.23040771484375,39.221290588378906,-23.052734375,20.634798049926758,-17.76690101623535,18.95055389404297,-15.204781532287598,16.394330978393555,-14.662063598632812,12.24946117401123,-14.973012924194336,8.244379043579102,-11.897315979003906,1.0192476511001587,-8.905781745910645,5.179015636444092,-6.445104122161865,1.700020670890808,disco,disco.00067.wav
0.41619691252708435,0.10679331421852112,2956.6002017744845,2599.740187278478,6132.0212538397345,0.16269251584268576,-93.31912994384766,77.8344497680664,-8.784327507019043,42.071250915527344,-11.249411582946777,24.245376586914062,-17.912214279174805,22.240354537963867,-16.03913688659668,16.687471389770508,-15.66524887084961,15.410948753356934,-18.128244400024414,10.212018013000488,-14.608057022094727,1.847679853439331,-11.091009140014648,1.146372675895691,-10.552759170532227,5.189855098724365,disco,disco.00068.wav
0.38921892642974854,0.11158227175474167,1931.1496588575947,2208.9637535058287,4515.622694647349,0.08364121758900929,-118.3656997680664,114.23728942871094,-6.782299995422363,37.40087127685547,-17.43193817138672,28.362869262695312,-23.726537704467773,9.283809661865234,-10.439460754394531,12.624765396118164,-5.148675918579102,12.253149032592773,-3.8705227375030518,4.378001689910889,-9.250748634338379,3.4737234115600586,-7.952149868011475,3.6644184589385986,-6.156881332397461,2.707028865814209,disco,disco.00069.wav
0.4555019736289978,0.11101832985877991,2449.2969214438754,2311.913698234346,5185.360311502273,0.1346148322610294,-81.72716522216797,97.61067962646484,-27.583755493164062,36.644187927246094,-17.25299835205078,30.769319534301758,-15.94863510131836,20.968244552612305,-16.226930618286133,17.418455123901367,-13.363810539245605,15.080845832824707,-10.386919975280762,10.253874778747559,-8.392583847045898,4.792266368865967,-7.943187236785889,2.3002288341522217,-7.105158805847168,1.768118977546692,disco,disco.00070.wav
0.4355066120624542,0.09814836829900742,2809.021561476355,2530.893093437794,6001.3803771405765,0.15595068208204335,-105.51603698730469,79.256591796875,-15.20765209197998,40.82554626464844,-12.267790794372559,23.55967140197754,-19.938488006591797,27.319257736206055,-16.512428283691406,21.53839683532715,-11.680120468139648,13.99189281463623,-10.775012969970703,9.377954483032227,-12.22489070892334,2.07535457611084,-12.230679512023926,2.8724236488342285,-4.684765338897705,8.174019813537598,disco,disco.00071.wav
0.43430060148239136,0.08449772745370865,2902.983480055396,2302.247545056725,5470.541920381434,0.184138720249613,-128.46766662597656,67.26374053955078,-36.918983459472656,40.90837097167969,-21.745594024658203,23.162696838378906,-13.252984046936035,13.09386157989502,-14.004485130310059,17.799564361572266,-15.179245948791504,16.372459411621094,-10.465580940246582,12.835855484008789,-9.216798782348633,4.389609336853027,-5.443276405334473,7.246391773223877,-2.6676230430603027,6.573777198791504,disco,disco.00072.wav
0.446403831243515,0.09553591907024384,2846.8226092079603,2460.2125329956,5925.3808366994,0.17636703632933437,-95.25163269042969,82.253662109375,-26.221525192260742,37.522613525390625,-16.355100631713867,25.29429054260254,-21.79648208618164,21.811946868896484,-20.064441680908203,16.297643661499023,-16.119651794433594,14.439221382141113,-11.907042503356934,7.16898775100708,-11.668229103088379,5.078110218048096,-10.222131729125977,4.7934794425964355,-6.018383502960205,-0.24143369495868683,disco,disco.00073.wav
0.40280279517173767,0.17761214077472687,2649.217859026324,2383.9281662533035,5545.783132074787,0.15116461880804954,-40.7629280090332,86.78238677978516,-26.962377548217773,34.941532135009766,-20.048147201538086,21.65764045715332,-23.953712463378906,19.265037536621094,-17.531558990478516,18.037153244018555,-16.02078628540039,12.44607925415039,-13.877286911010742,6.013272762298584,-14.21426010131836,-0.8154321312904358,-14.490394592285156,-1.2298409938812256,-7.699562072753906,4.3276047706604,disco,disco.00074.wav
0.4290362000465393,0.11085661500692368,2690.932759278845,2480.506001082097,5776.39007095951,0.12995726405282507,-91.75991821289062,86.31499481201172,-17.351943969726562,43.10606384277344,-18.407480239868164,34.05898666381836,-18.420602798461914,26.83688735961914,-13.565130233764648,20.21440887451172,-14.637163162231445,12.66814136505127,-12.608888626098633,6.200998783111572,-10.44986629486084,7.36513090133667,-8.057861328125,7.11517333984375,-2.4590649604797363,-0.11617030948400497,disco,disco.00075.wav
0.35316118597984314,0.12425734847784042,2252.122477978003,2165.4098583810123,4558.63910119969,0.12191385086106811,-95.87289428710938,103.33598327636719,-36.46080017089844,27.125099182128906,-22.87316131591797,9.98593521118164,-24.656694412231445,15.670156478881836,-20.151212692260742,18.746261596679688,-18.563173294067383,9.864556312561035,-15.108638763427734,3.894413709640503,-11.188667297363281,0.5124213099479675,-5.470924377441406,3.1176533699035645,-7.906383991241455,2.972252130508423,disco,disco.00076.wav
0.4156966507434845,0.20663262903690338,2308.7942063741325,2277.8689541923422,4944.128436865083,0.11760246347716719,-56.90147399902344,97.02407836914062,-17.874454498291016,44.933502197265625,-6.932389736175537,23.813329696655273,-23.314041137695312,25.996196746826172,-10.480186462402344,10.453680992126465,-15.226058006286621,10.030942916870117,-9.161243438720703,3.7398650646209717,-9.396589279174805,3.483015537261963,-8.04963207244873,1.6570379734039307,-6.01854944229126,4.411454677581787,disco,disco.00077.wav
0.33197021484375,0.06824227422475815,2219.3232376250994,2306.993918968888,4882.52047606666,0.09617402162345201,-182.05023193359375,103.41655731201172,-18.227279663085938,31.200912475585938,-12.540436744689941,18.842092514038086,-12.869497299194336,19.37890625,-17.70433235168457,18.500280380249023,-14.324433326721191,11.54508113861084,-11.634119033813477,5.595461368560791,-8.039427757263184,0.2704893946647644,-8.09001350402832,2.727341890335083,-3.288435459136963,3.507127046585083,disco,disco.00078.wav
0.4530162513256073,0.08476999402046204,2292.577700466476,2348.189624461128,5038.611198874081,0.09981534503192724,-154.62330627441406,97.93260192871094,-10.357319831848145,39.1236686706543,-11.21396541595459,24.111309051513672,-11.846502304077148,24.19123077392578,-13.460304260253906,20.55318832397461,-8.327631950378418,5.867451190948486,-9.686903953552246,3.9443230628967285,-8.81982135772705,3.3122119903564453,-0.2993429899215698,7.59432315826416,0.656210720539093,0.8080189228057861,disco,disco.00079.wav
0.38869795203208923,0.05919809639453888,2143.645601948083,2414.24151082027,4956.820026787442,0.08475043234810371,-219.45565795898438,94.70133209228516,12.129364013671875,48.87006759643555,-7.212083339691162,16.62851333618164,-15.087896347045898,21.714439392089844,-20.002349853515625,13.238805770874023,-15.698356628417969,5.057011604309082,-15.283743858337402,0.07390099763870239,-9.203970909118652,0.2344989776611328,-9.558945655822754,-0.7515612840652466,-4.5294036865234375,-3.686476469039917,disco,disco.00080.wav
0.35838353633880615,0.07870452851057053,2292.41885340361,2208.3410022972375,4740.313002642463,0.11643089081849846,-193.22007751464844,89.19422149658203,-20.013872146606445,38.7435302734375,-2.7159597873687744,17.05726432800293,-7.950159549713135,16.086509704589844,-16.764881134033203,7.716307163238525,-15.712639808654785,9.034708023071289,-11.316749572753906,3.8953850269317627,-8.224794387817383,3.017059087753296,-6.87908411026001,-0.7077226638793945,-6.4076361656188965,-0.5468750596046448,disco,disco.00081.wav
0.4226715564727783,0.18090620636940002,2577.013955506876,2387.3710450599965,5419.383896393672,0.13824595164957432,-63.65034103393555,94.46595764160156,-13.425887107849121,32.7712287902832,-13.714618682861328,26.780269622802734,-19.395612716674805,24.652542114257812,-11.667617797851562,13.727572441101074,-9.44289493560791,8.833795547485352,-4.980146408081055,9.214890480041504,-3.470475912094116,1.4862687587738037,-8.885650634765625,0.2532152533531189,-5.452749252319336,-1.1330738067626953,disco,disco.00082.wav
0.4141327738761902,0.08762018382549286,1959.5165152861578,2210.9024031622457,4352.990344729586,0.09003346918537151,-167.378173828125,112.48346710205078,-4.582420349121094,37.09086990356445,-8.613286972045898,27.826745986938477,-14.716944694519043,18.52263069152832,-16.490129470825195,13.760586738586426,-13.331284523010254,10.215414047241211,-11.57529067993164,6.744857311248779,-9.200851440429688,4.901154518127441,-9.72624397277832,1.5202269554138184,-5.577380657196045,-2.0606303215026855,disco,disco.00083.wav
0.5035033226013184,0.06203171983361244,2455.1239938572585,2100.1276135309945,4726.279754166264,0.1514639367260062,-197.1792449951172,83.36067199707031,-38.557830810546875,43.71670150756836,-7.295538425445557,25.659225463867188,-8.642003059387207,13.397130966186523,-12.15369701385498,12.154943466186523,-12.050203323364258,10.627793312072754,-2.4053421020507812,12.013289451599121,1.3748271465301514,6.764342308044434,-3.376776695251465,-1.6519367694854736,0.06695282459259033,1.411264181137085,disco,disco.00084.wav
0.568080723285675,0.08925271779298782,3002.526732630542,2745.823560012702,6575.051908227312,0.15866457345684984,-166.76927185058594,67.7310562133789,11.180089950561523,37.429222106933594,-10.941418647766113,27.396169662475586,-18.940847396850586,27.29737091064453,-15.843281745910645,20.550397872924805,-8.622007369995117,14.18761920928955,-6.04898738861084,12.008675575256348,-6.071848392486572,7.280311107635498,-4.233473777770996,5.134376049041748,-4.524286270141602,3.46152925491333,disco,disco.00085.wav
0.39503607153892517,0.16525840759277344,1867.9206448682273,1875.2458291916648,3804.7769930340555,0.09448204394833591,-95.80325317382812,122.05658721923828,-29.319120407104492,50.31650161743164,-11.940644264221191,28.410152435302734,-7.047781467437744,11.851945877075195,-8.612014770507812,11.56843376159668,-18.395963668823242,6.862091541290283,-11.662833213806152,2.6845433712005615,-5.792651176452637,0.6457213163375854,-7.255484580993652,1.737423300743103,-6.154603004455566,-3.748185873031616,disco,disco.00086.wav
0.38453999161720276,0.11922803521156311,2139.4226685316107,2190.2745079974275,4526.789293791118,0.10026696739551083,-100.29301452636719,110.01216888427734,-26.64455223083496,36.82375717163086,-10.413420677185059,28.777048110961914,-14.843354225158691,21.28986930847168,-19.675668716430664,18.52243423461914,-16.387474060058594,9.157715797424316,-13.791584014892578,3.9903714656829834,-10.459232330322266,2.8376312255859375,-4.316738128662109,3.1700072288513184,-3.7465789318084717,3.5572657585144043,disco,disco.00087.wav
0.39795371890068054,0.11904259771108627,2238.799259178444,2023.5212361031784,4384.973484665247,0.13146859278250775,-97.8856201171875,101.00360107421875,-40.547611236572266,51.050193786621094,-11.709620475769043,25.064746856689453,-14.04820728302002,17.19739532470703,-9.62366771697998,16.973529815673828,-7.17352294921875,11.723432540893555,-5.7162299156188965,6.24941349029541,-6.060791492462158,4.687674522399902,-6.252405643463135,-0.9843154549598694,-2.7441110610961914,0.6273676753044128,disco,disco.00088.wav
0.4298837184906006,0.10027614235877991,2129.3458917106645,2109.2513464164167,4424.306580156734,0.1118704497629644,-114.93204498291016,113.4638671875,-29.804311752319336,42.61210250854492,-10.326009750366211,26.973411560058594,-14.493735313415527,21.24053192138672,-17.650535583496094,17.097871780395508,-13.478900909423828,8.591483116149902,-11.427422523498535,6.205874919891357,-10.899924278259277,3.658358335494995,-10.317460060119629,0.5621735453605652,-4.165685176849365,3.4745607376098633,disco,disco.00089.wav
0.48551395535469055,0.09060020744800568,2574.7458410439813,2396.769294967866,5459.508653764754,0.14616918416215172,-125.71577453613281,88.52809143066406,-16.73884391784668,42.79813766479492,-9.901167869567871,29.185855865478516,-19.34282112121582,20.458702087402344,-16.505531311035156,15.012511253356934,-8.765585899353027,12.784119606018066,-7.7588887214660645,7.0524163246154785,-8.51640796661377,3.271761655807495,-6.498946189880371,5.795521259307861,-3.5007174015045166,-0.04912921413779259,disco,disco.00090.wav
0.41647133231163025,0.17351265251636505,2036.7728048043857,2079.237240380343,4203.124584280669,0.09159921935468267,-116.98033905029297,98.51445007324219,-19.01401138305664,44.84703826904297,3.80320143699646,28.483186721801758,-1.1026870012283325,14.693483352661133,-7.753823280334473,9.75631332397461,-10.111344337463379,6.367255687713623,-3.9202325344085693,7.902921199798584,-3.212644577026367,0.13058018684387207,-7.8416337966918945,-1.7346326112747192,-2.430978298187256,-0.7216536998748779,disco,disco.00091.wav
0.37072908878326416,0.10670019686222076,2457.998545443571,2400.7893666639106,5268.943139421682,0.11753292497097523,-123.78829193115234,89.82484436035156,-1.8406462669372559,51.169795989990234,-16.26130485534668,28.283544540405273,-12.495138168334961,19.032148361206055,-13.280037879943848,18.500017166137695,-13.776395797729492,12.866394996643066,-8.755499839782715,8.260725975036621,-8.236544609069824,5.519252300262451,-8.406668663024902,4.479526519775391,0.30875933170318604,1.8299165964126587,disco,disco.00092.wav
0.4083023965358734,0.15334106981754303,2461.1864561929897,2302.6189119910514,5019.294649011948,0.13708722849748453,-86.0438003540039,87.53872680664062,-20.17231559753418,54.01907730102539,-1.0642164945602417,19.562545776367188,-4.089779376983643,21.037769317626953,-19.567508697509766,12.389660835266113,-22.01080894470215,9.599065780639648,-15.931526184082031,3.9723331928253174,-13.93270206451416,2.3837170600891113,-7.737425804138184,3.4512784481048584,-4.158040523529053,5.918419361114502,disco,disco.00093.wav
0.41693320870399475,0.0993054062128067,2208.1328125649534,2353.792380762621,5075.635974990325,0.09361054506095201,-130.00576782226562,102.49774932861328,-4.443131923675537,50.061092376708984,-15.532888412475586,32.128150939941406,-18.18231964111328,24.28784942626953,-11.902588844299316,13.763346672058105,-12.89806842803955,7.2710957527160645,-9.379469871520996,4.604164123535156,-9.579842567443848,4.248680114746094,-4.683294773101807,-0.45490163564682007,-6.882829189300537,4.762650489807129,disco,disco.00094.wav
0.4682580530643463,0.09841010719537735,2487.5432668509993,2277.1621946379596,5009.186376801954,0.11808431997387771,-159.86688232421875,81.97526550292969,-16.76537322998047,52.50609588623047,-4.448030948638916,22.86505126953125,-8.226280212402344,23.3674259185791,-5.528469085693359,17.6933536529541,-15.369109153747559,10.806197166442871,-13.526739120483398,1.7440385818481445,-6.5601887702941895,5.105751991271973,0.3296954035758972,6.998457908630371,-5.4562087059021,0.8063132166862488,disco,disco.00095.wav
0.4165411591529846,0.09199634939432144,2481.887352406179,2178.616422901751,4956.828360070385,0.13440697259578174,-133.86680603027344,93.47174072265625,-24.215986251831055,61.442543029785156,-22.856273651123047,30.976551055908203,-14.959397315979004,20.244457244873047,-9.29284381866455,15.786767959594727,-8.740782737731934,11.968790054321289,-5.320814609527588,4.992870807647705,-0.6728598475456238,3.722720146179199,2.09798002243042,5.443535804748535,3.0959997177124023,2.459108829498291,disco,disco.00096.wav
0.41508641839027405,0.10807371884584427,2826.0632063160606,2680.6698684184453,6233.628972765093,0.12049624794407894,-116.9259262084961,75.75965881347656,-4.205480098724365,37.28704071044922,-5.338407516479492,31.376094818115234,-12.16835880279541,22.909481048583984,-11.437959671020508,14.624770164489746,-13.049894332885742,13.411262512207031,-13.228819847106934,8.251242637634277,-15.236952781677246,9.83191967010498,-6.21292781829834,8.001914978027344,-8.030049324035645,4.399166584014893,disco,disco.00097.wav
0.4408685564994812,0.12268789112567902,2417.457577864453,2431.704296381701,5384.717439350329,0.11262743687113003,-91.59772491455078,99.46397399902344,-8.991621017456055,40.18504333496094,-18.037635803222656,22.567216873168945,-21.95627212524414,15.782541275024414,-25.665386199951172,17.66422462463379,-13.675539016723633,15.63508415222168,-15.46916389465332,4.521298408508301,-10.157356262207031,0.4606567621231079,-10.151420593261719,4.796901226043701,-6.883543491363525,-0.9924836754798889,disco,disco.00098.wav
0.4408685564994812,0.12268789112567902,2417.457577864453,2431.704296381701,5384.717439350329,0.11262743687113003,-91.59772491455078,99.46397399902344,-8.991621017456055,40.18504333496094,-18.037635803222656,22.567216873168945,-21.95627212524414,15.782541275024414,-25.665386199951172,17.66422462463379,-13.675539016723633,15.63508415222168,-15.46916389465332,4.521298408508301,-10.157356262207031,0.4606567621231079,-10.151420593261719,4.796901226043701,-6.883543491363525,-0.9924836754798889,disco,disco.00099.wav
0.4606642723083496,0.12524041533470154,2667.6644949271727,2351.0688564768757,5474.700228570046,0.14734075682082043,-80.92658233642578,84.79292297363281,-31.540653228759766,33.899261474609375,-19.84876823425293,23.558195114135742,-22.125015258789062,20.021148681640625,-16.759601593017578,19.211896896362305,-13.1061372756958,11.505602836608887,-10.726901054382324,10.569202423095703,-8.427003860473633,7.323450565338135,-5.374945640563965,7.690596580505371,-5.544044017791748,1.5257047414779663,hiphop,hiphop.00000.wav
0.45726278424263,0.2855836749076843,2808.1424053109326,2441.321442097269,5527.508242580544,0.09764869146671827,-81.1395034790039,49.60653305053711,-14.548335075378418,57.9869270324707,6.843469619750977,27.14821434020996,-6.8552327156066895,31.3040771484375,-10.086363792419434,20.312963485717773,-2.5413641929626465,12.746545791625977,3.9735262393951416,13.235152244567871,-2.3756184577941895,12.26852035522461,-7.035884857177734,4.756271839141846,1.8735871315002441,0.022320112213492393,hiphop,hiphop.00001.wav
0.40406596660614014,0.09350615739822388,1490.5209977308093,1909.9326034575947,3094.047957381966,0.05873774005901703,-202.88755798339844,132.38377380371094,12.00124454498291,43.77104187011719,-10.231295585632324,17.122339248657227,-13.562600135803223,15.044013023376465,-16.261728286743164,9.421977043151855,-11.645681381225586,7.047659397125244,-4.317206859588623,0.83221435546875,-5.603881359100342,1.2634315490722656,-6.975631237030029,0.3904944658279419,-2.432380199432373,-2.932156801223755,hiphop,hiphop.00002.wav
0.4672629237174988,0.2664608359336853,2493.1638737463427,2330.67697810765,5126.677333016883,0.10351449122000773,-40.25515365600586,80.83008575439453,-25.643091201782227,38.426090240478516,-11.072867393493652,24.91219711303711,-7.368901252746582,26.772397994995117,-5.2867112159729,16.798524856567383,-3.498629570007324,8.45158576965332,-5.596709728240967,12.057393074035645,-1.8924503326416016,10.48535442352295,0.6510142683982849,0.27163371443748474,-5.09335470199585,-4.009425640106201,hiphop,hiphop.00003.wav
0.44940170645713806,0.20048166811466217,2372.727829534901,2359.4560808520264,5060.511066448577,0.09989130829140867,-140.21090698242188,71.62181091308594,-3.7753891944885254,39.00546646118164,4.194393634796143,31.50735855102539,-3.965308666229248,19.7635440826416,-3.7660913467407227,16.00013542175293,-3.170910120010376,11.850970268249512,-1.255204677581787,5.775349140167236,1.2760400772094727,1.6593858003616333,-0.8388633131980896,1.6146659851074219,-4.074909687042236,1.1415373086929321,hiphop,hiphop.00004.wav
0.49066734313964844,0.2616737186908722,2708.9613684451087,2510.9024054161537,5795.106624449739,0.1246141368759675,-11.675507545471191,81.99324798583984,-8.505697250366211,52.767826080322266,-14.704219818115234,31.96473503112793,-19.689998626708984,22.869426727294922,-14.710647583007812,14.518811225891113,-10.083078384399414,14.005071640014648,-8.073014259338379,7.434213638305664,-5.497815132141113,12.84217643737793,-3.6973354816436768,6.217958450317383,-2.5902514457702637,0.1054079532623291,hiphop,hiphop.00005.wav
0.4642208516597748,0.27048802375793457,2859.0217012683083,2640.209195501633,6049.530085985874,0.12823807565789475,-59.61098861694336,63.90055847167969,3.4885828495025635,45.2357063293457,-1.1763209104537964,28.23943328857422,-13.166777610778809,23.60512924194336,-6.623220920562744,16.478992462158203,-7.2890753746032715,14.477249145507812,-5.793442726135254,8.176778793334961,-6.880626678466797,6.7361226081848145,-4.475575923919678,0.9611842632293701,-7.133027076721191,-1.2612313032150269,hiphop,hiphop.00006.wav
0.4323459267616272,0.2640167772769928,2047.1206937169864,2269.215625804102,4552.4308054070725,0.07867374951625387,-58.45187759399414,103.05015563964844,-7.215404510498047,44.88186264038086,-8.616437911987305,12.345843315124512,-13.746114730834961,19.974220275878906,-13.128944396972656,17.136245727539062,-3.9520184993743896,15.581610679626465,-0.46276769042015076,6.928035259246826,-6.032931804656982,5.636643409729004,-3.1798737049102783,1.8159583806991577,-2.5663440227508545,0.10787370055913925,hiphop,hiphop.00007.wav
0.4534411132335663,0.14187486469745636,3069.395746222052,2349.338204102401,5752.87354649405,0.17691578584558823,-111.16548919677734,55.19440460205078,-18.444690704345703,47.21847915649414,-24.78782081604004,22.52642059326172,-21.138931274414062,12.542855262756348,-15.849727630615234,16.296558380126953,-12.565082550048828,9.609180450439453,-12.127598762512207,4.850223541259766,-2.21398663520813,6.885990142822266,0.4925365149974823,13.001816749572754,5.953298568725586,5.440598487854004,hiphop,hiphop.00008.wav
0.5606473684310913,0.21563886106014252,2199.9161931162494,2285.598583577631,4791.046029200126,0.09832480226876934,-95.08694458007812,94.19347381591797,-2.517667293548584,49.53371810913086,-6.613985538482666,33.199676513671875,-7.596035480499268,20.96307945251465,-8.853171348571777,16.792490005493164,-5.245885848999023,10.775888442993164,-3.460482358932495,7.31061315536499,-3.4420852661132812,3.8423051834106445,-3.2273757457733154,1.799425482749939,0.09320519864559174,4.005059242248535,hiphop,hiphop.00009.wav
0.427369624376297,0.17163939774036407,2284.5537023938355,2116.597718550075,4663.513467038748,0.12547203040344426,-67.45474243164062,94.84136962890625,-38.85322952270508,37.64174270629883,-12.254446983337402,36.9015007019043,-12.65212631225586,18.297035217285156,-8.852412223815918,17.983484268188477,-7.276881217956543,9.71690845489502,-8.743619918823242,4.505953788757324,-7.589960098266602,0.22546391189098358,-4.874093532562256,4.8480424880981445,-2.0033998489379883,-0.7525280117988586,hiphop,hiphop.00010.wav
0.44405892491340637,0.20375178754329681,2095.2999106477832,2240.690855056364,4581.122298580205,0.0941872611503483,-74.19891357421875,104.60867309570312,-8.396771430969238,49.6582145690918,-9.376968383789062,21.43830680847168,-16.337013244628906,18.781410217285156,-13.079522132873535,18.464000701904297,-14.953655242919922,6.876265525817871,-15.326539039611816,4.772736072540283,-11.09798812866211,4.743539810180664,-2.8028693199157715,6.7978668212890625,-5.8092241287231445,-3.786318063735962,hiphop,hiphop.00011.wav
0.3587634265422821,0.1988905370235443,1976.5494346772984,2109.950611023081,4276.707472668344,0.08725570820433437,-67.10565948486328,112.4154281616211,-23.642478942871094,44.28124237060547,-18.86181640625,23.874338150024414,-13.40441608428955,20.146224975585938,-10.650068283081055,20.62359619140625,-7.508759021759033,14.423368453979492,-9.391209602355957,11.295233726501465,-8.861958503723145,7.085529327392578,0.45575347542762756,9.39279556274414,-0.8869533538818359,-0.5751074552536011,hiphop,hiphop.00012.wav
0.34012970328330994,0.13660018146038055,1798.2344278466167,1687.3198366500437,3625.136412629402,0.0966369817869582,-129.403564453125,141.7486572265625,-42.52815628051758,34.00181198120117,-6.97137451171875,8.68778133392334,-11.363059997558594,15.943840026855469,-9.015018463134766,6.639111042022705,-8.326205253601074,7.559482574462891,-5.4699249267578125,5.870865345001221,-3.1525168418884277,-1.6954041719436646,-8.807615280151367,-4.858020782470703,-9.291837692260742,2.1231603622436523,hiphop,hiphop.00013.wav
0.4896502196788788,0.18516474962234497,2437.1444906156676,2117.4846851938332,4775.921120658379,0.13386653746613777,-51.27444839477539,91.09927368164062,-33.76968765258789,69.93060302734375,-12.95017147064209,23.18763542175293,-13.76931095123291,23.784006118774414,-14.735113143920898,10.69933032989502,-13.481395721435547,6.073526382446289,-14.720098495483398,1.6862469911575317,-7.245058059692383,3.9597954750061035,-2.653484344482422,7.552637100219727,-0.12975621223449707,-0.7301470637321472,hiphop,hiphop.00014.wav
0.4236210882663727,0.14017271995544434,2395.496191736084,2345.871974558943,5281.90139439822,0.11596868650832043,-81.9178695678711,94.7723159790039,-16.236648559570312,40.53056716918945,-12.247199058532715,28.186155319213867,-20.102428436279297,18.10137176513672,-14.641278266906738,14.184539794921875,-7.254330158233643,13.658236503601074,-8.48799991607666,7.899718761444092,-4.832513332366943,5.101996898651123,-5.884973526000977,2.0725231170654297,-5.6654767990112305,-1.3740293979644775,hiphop,hiphop.00015.wav
0.4673202335834503,0.20763418078422546,2433.764468111271,2247.5852524839515,4920.920243868518,0.11047967963912539,-88.06499481201172,77.37210083007812,-19.096099853515625,51.57594680786133,-11.776864051818848,22.21097755432129,-4.7277069091796875,20.10921859741211,-8.32936954498291,14.603727340698242,-3.811248302459717,8.579865455627441,-11.464595794677734,2.1605780124664307,-12.678756713867188,0.39530524611473083,0.9852858781814575,10.532833099365234,7.629763603210449,4.3883562088012695,hiphop,hiphop.00016.wav
0.48115479946136475,0.19142626225948334,2144.794528258055,2358.912870448304,4956.12003102022,0.08034305159152477,-76.8237075805664,98.3895492553711,-5.02606201171875,49.33168029785156,-10.28821849822998,33.28682327270508,-9.961770057678223,17.616519927978516,-12.231269836425781,18.665477752685547,-10.976791381835938,11.51085090637207,-10.49024772644043,6.2619194984436035,-6.977470874786377,2.4990718364715576,-4.89557409286499,5.468563079833984,-1.8260895013809204,0.6364129781723022,hiphop,hiphop.00017.wav
0.46188968420028687,0.16556409001350403,2677.639716066268,2337.276817199031,5366.575882383176,0.1457859665247678,-113.4963150024414,68.4594497680664,-15.764092445373535,56.38856887817383,-8.150662422180176,27.04155921936035,-12.364465713500977,20.665414810180664,-12.666251182556152,15.433280944824219,-10.998274803161621,14.049128532409668,-12.50255298614502,7.401503086090088,-13.318547248840332,-0.24479041993618011,-12.045159339904785,3.8187954425811768,-2.673807382583618,5.645596027374268,hiphop,hiphop.00018.wav
0.43223491311073303,0.22598087787628174,2470.7222619019626,2410.2596334667655,5256.126550255176,0.10016379341621517,-64.6525650024414,88.2173080444336,-10.360636711120605,41.79439163208008,-2.5611302852630615,22.90143585205078,-6.498876094818115,16.630945205688477,-5.8019118309021,13.093462944030762,-6.912008285522461,3.027008056640625,-9.772857666015625,2.3434884548187256,-7.057854652404785,3.202979564666748,1.7207858562469482,6.0901780128479,0.37340641021728516,-3.036376953125,hiphop,hiphop.00019.wav
0.4901953339576721,0.17591579258441925,2677.5983922065384,2262.418722593127,5266.376488275203,0.10805943728231424,-122.2708969116211,50.5846061706543,-27.789642333984375,66.59070587158203,-6.60440731048584,32.06758499145508,-8.222271919250488,22.451204299926758,-6.94165563583374,21.064743041992188,-6.183084964752197,13.653635025024414,-3.09196138381958,8.706374168395996,-2.9218122959136963,3.6755151748657227,0.27340933680534363,12.869026184082031,14.640283584594727,15.362201690673828,hiphop,hiphop.00020.wav
0.4302408993244171,0.24188345670700073,2405.5835283761526,2268.5435114732063,4987.044844022107,0.11973245815595976,-27.619718551635742,94.39550018310547,-20.580795288085938,49.87200164794922,-14.710575103759766,23.870302200317383,-17.60820198059082,24.036556243896484,-15.88477611541748,16.427289962768555,-10.625280380249023,13.89017105102539,-10.467002868652344,8.206331253051758,-10.300276756286621,5.019435882568359,-5.749617099761963,10.313241958618164,3.633744478225708,9.231847763061523,hiphop,hiphop.00021.wav
0.43965497612953186,0.17352689802646637,2025.7166368995133,2272.773800297793,4603.805494751355,0.0753997708252709,-100.66327667236328,110.21073150634766,1.035768747329712,38.76592254638672,-14.493544578552246,20.65262794494629,-18.038022994995117,12.568846702575684,-14.126208305358887,15.102986335754395,-9.2415771484375,11.399988174438477,-9.509011268615723,8.644918441772461,-7.103831768035889,2.9938876628875732,-4.505926609039307,4.691580772399902,-4.123483180999756,-2.7863099575042725,hiphop,hiphop.00022.wav
0.38105836510658264,0.1905287206172943,2240.303180287592,2193.802836592977,4728.03807686726,0.10668265044504643,-44.67913055419922,101.1993179321289,-26.271495819091797,52.9307746887207,-11.720015525817871,26.934398651123047,-13.28641128540039,20.705005645751953,-17.487642288208008,11.86238956451416,-10.670160293579102,8.376947402954102,-15.428060531616211,4.877154350280762,-10.053337097167969,4.562819957733154,-1.9874165058135986,7.98276424407959,1.2147530317306519,1.3717063665390015,hiphop,hiphop.00023.wav
0.4308689534664154,0.1786591112613678,2517.747734885853,2163.4043932433733,4926.71187551398,0.13887293198529413,-62.99481201171875,86.32369995117188,-37.947296142578125,39.57345199584961,-16.532899856567383,21.116252899169922,-12.255192756652832,13.09414291381836,-12.382426261901855,16.648334503173828,-3.980501890182495,8.853623390197754,-6.325511455535889,5.704401016235352,-6.310834884643555,2.304360866546631,-0.8654882311820984,6.5173258781433105,4.682212829589844,4.396810054779053,hiphop,hiphop.00024.wav
0.507358968257904,0.25156936049461365,2305.1590945533026,2227.25945920748,4815.479214789329,0.10742111914667182,-44.37471389770508,93.3746566772461,-22.270526885986328,48.86194610595703,-13.884773254394531,34.41938400268555,-6.297982692718506,25.889358520507812,-12.322335243225098,20.435733795166016,-5.749464988708496,11.854347229003906,-11.54943561553955,10.156776428222656,-3.9590342044830322,10.586919784545898,0.8432875871658325,9.215949058532715,1.722895622253418,-0.23039741814136505,hiphop,hiphop.00025.wav
0.47551488876342773,0.1641433984041214,3459.980501661103,2916.898258706314,7022.724201214202,0.17347174015576625,-103.22315216064453,30.572120666503906,20.809032440185547,45.81602096557617,9.800678253173828,8.627315521240234,1.6164562702178955,12.33467960357666,0.5186646580696106,4.992222309112549,-2.8359498977661133,8.032366752624512,-1.3974609375,3.317728281021118,1.2085939645767212,3.3016278743743896,-2.6962645053863525,5.63607931137085,-0.7149580717086792,2.758795976638794,hiphop,hiphop.00026.wav
0.4277326762676239,0.13497085869312286,2637.4232219262044,2630.9986673861804,5629.507625804228,0.1028002098248839,-109.07124328613281,76.9149169921875,2.592334032058716,19.05963706970215,0.5502822995185852,8.174562454223633,-8.068408012390137,5.9523515701293945,-4.330567359924316,3.6560757160186768,-1.5556678771972656,2.6334874629974365,2.252040386199951,2.8522257804870605,-5.210043907165527,5.358038425445557,-6.185615539550781,2.2385308742523193,-2.470872163772583,-5.973830699920654,hiphop,hiphop.00027.wav
0.37462812662124634,0.15452560782432556,2774.871060337549,2700.5093969910645,5746.540251457285,0.11459341137770898,-83.20265197753906,67.71298217773438,1.230516791343689,29.658491134643555,12.577920913696289,5.61306619644165,6.2118377685546875,8.097905158996582,-4.784865856170654,7.664915084838867,-1.1791573762893677,4.24271821975708,1.930667519569397,1.0202534198760986,2.3805699348449707,3.109004497528076,-8.059310913085938,1.67205810546875,-1.6563998460769653,-3.275348663330078,hiphop,hiphop.00028.wav
0.4405220150947571,0.16638106107711792,3131.3432607004365,2854.60084444079,6395.536327066805,0.11568637529024768,-72.51429748535156,57.03794860839844,5.948390007019043,25.90442657470703,6.662389278411865,11.494861602783203,5.109200954437256,10.105276107788086,0.9503964781761169,8.685616493225098,-1.687050700187683,5.997684478759766,0.14304207265377045,4.96650505065918,-2.012679100036621,6.097601890563965,0.09555148333311081,4.156668663024902,0.2513653635978699,5.891547203063965,hiphop,hiphop.00029.wav
0.5392277836799622,0.19396807253360748,3724.7745542619245,3204.9677357968894,7641.487126306115,0.1727574587606424,-23.794031143188477,43.716941833496094,30.550689697265625,26.501972198486328,4.336692810058594,21.91374969482422,2.576287031173706,6.990405082702637,-1.496521234512329,4.582282543182373,0.4170425534248352,2.464586019515991,-4.074756145477295,-2.0174925327301025,-3.564727783203125,-0.1283261626958847,-2.476689577102661,-1.0378423929214478,-4.768673419952393,-2.6154184341430664,hiphop,hiphop.00030.wav
0.47984579205513,0.21307457983493805,3084.823804546642,2970.61795564429,6779.025674825852,0.13644361938854488,-25.108787536621094,60.825592041015625,-4.187173366546631,14.848389625549316,6.795022964477539,6.098334312438965,15.451295852661133,3.7847349643707275,5.65980863571167,10.247507095336914,0.8633307814598083,4.183888912200928,0.9262049198150635,3.2527384757995605,0.21559034287929535,2.6983184814453125,0.704730749130249,0.8962899446487427,0.3617591857910156,-0.006407368462532759,hiphop,hiphop.00031.wav
0.4753303527832031,0.1344866305589676,2145.890945678912,2441.669949507938,4529.893202670785,0.07872191436531008,-148.12135314941406,90.5676498413086,-0.27532321214675903,28.85523796081543,19.306163787841797,15.24502944946289,4.281466007232666,15.5199556350708,1.27260422706604,11.12907600402832,8.849079132080078,6.316172122955322,1.6312522888183594,1.426401138305664,-3.4119391441345215,1.1954082250595093,-0.7235133051872253,0.7817315459251404,-0.4509488344192505,1.7203562259674072,hiphop,hiphop.00032.wav
0.5003265738487244,0.21436136960983276,2982.0828218625525,2730.392872962765,6160.654414032266,0.15224662284732973,-31.93762969970703,59.89347839355469,-2.707521438598633,33.514892578125,13.086963653564453,9.461901664733887,-1.6719099283218384,14.184528350830078,3.13834810256958,6.803654193878174,1.169560194015503,3.89937162399292,1.6967893838882446,1.254310965538025,-1.4599716663360596,-0.16600090265274048,-1.5947375297546387,1.8287376165390015,1.552031397819519,-2.3023359775543213,hiphop,hiphop.00033.wav
0.46989795565605164,0.22781994938850403,3191.1765117370255,2735.9610117251223,6354.219910234859,0.16916602167182662,5.841989040374756,53.23731231689453,-8.97913646697998,26.945999145507812,0.44115087389945984,15.555137634277344,1.6571179628372192,7.66583251953125,4.98477840423584,8.606435775756836,3.4144680500030518,8.525943756103516,1.1329907178878784,4.909482002258301,0.8620597720146179,3.4024033546447754,-2.8807528018951416,2.790043592453003,-1.7171188592910767,-0.2781785726547241,hiphop,hiphop.00034.wav
0.5288315415382385,0.19127106666564941,2825.5302060644444,2830.7288636632816,6190.9792306622485,0.10329945094814241,-100.91944122314453,64.29093933105469,12.551603317260742,26.481693267822266,12.407429695129395,12.135958671569824,2.4698939323425293,18.496997833251953,1.5057791471481323,12.057713508605957,-1.4862085580825806,6.731626510620117,3.8606362342834473,3.0960423946380615,1.757584571838379,4.555095672607422,-2.3657751083374023,5.436001300811768,2.7719075679779053,3.7227253913879395,hiphop,hiphop.00035.wav
0.5187866687774658,0.08916086703538895,2960.013105340155,2558.1335074460126,5801.173254432324,0.12089987362132353,-220.95443725585938,41.13650894165039,-13.999250411987305,33.61878967285156,12.183348655700684,13.665728569030762,5.954324245452881,7.63193416595459,5.290375232696533,10.472712516784668,4.765573024749756,6.500653266906738,6.490898609161377,5.459078311920166,2.5724353790283203,-1.6358829736709595,-1.5488938093185425,3.086272716522217,4.928208827972412,3.7156031131744385,hiphop,hiphop.00036.wav
0.40901175141334534,0.15945258736610413,3770.0765106624654,2830.835515869796,7050.38236730239,0.21284149453366874,-96.66390228271484,30.600751876831055,2.5303549766540527,12.692530632019043,-10.973727226257324,-2.1038084030151367,-3.6324102878570557,-7.5899434089660645,-5.321712493896484,-0.6840313076972961,-4.148995399475098,-3.1092333793640137,-4.859254360198975,-3.099071502685547,-4.161171913146973,-2.5633740425109863,-3.482543468475342,-0.3457978069782257,-2.8692476749420166,2.329916477203369,hiphop,hiphop.00037.wav
0.398420512676239,0.2692117989063263,2202.2948946843676,2213.2035124053305,4411.289992199594,0.09668724603328173,-62.80690002441406,72.10189819335938,-16.1141357421875,27.41850471496582,5.560953617095947,1.8214277029037476,3.9023923873901367,8.463777542114258,-2.00744891166687,5.825008869171143,0.15586385130882263,-0.3015003502368927,-0.66753751039505,-1.4832998514175415,-0.06580477952957153,3.2086806297302246,0.669735312461853,1.1243903636932373,-0.9367658495903015,-3.077509641647339,hiphop,hiphop.00038.wav
0.39005401730537415,0.1829698085784912,2706.6714628489012,2941.23259807602,5996.322074394108,0.1125715037248452,-121.61006164550781,76.91941833496094,29.01348114013672,9.935918807983398,3.173764705657959,5.175321578979492,4.968313217163086,-1.0265125036239624,1.170760989189148,2.1393537521362305,3.117648124694824,1.136677861213684,-0.7820609211921692,-4.982221603393555,-0.1252572238445282,-4.505375862121582,-2.1900975704193115,-1.3730919361114502,-3.155974864959717,-7.364275932312012,hiphop,hiphop.00039.wav
0.34758490324020386,0.13060717284679413,2431.6745536158296,2783.1825288783557,5276.543093465799,0.10152508526025542,-185.25148010253906,96.74281311035156,44.60040283203125,13.892824172973633,6.014659881591797,-2.906555652618408,3.261850595474243,-9.664786338806152,-3.648592472076416,5.251206874847412,-0.9549689292907715,7.6877121925354,6.088024616241455,-0.11232198029756546,0.5732216835021973,0.5092718601226807,-5.86958122253418,-5.458772659301758,-3.0603396892547607,-4.7819695472717285,hiphop,hiphop.00040.wav
0.4249842166900635,0.18603956699371338,2708.8083141428915,2664.597965097762,5556.016403528928,0.12015460223974458,-76.58263397216797,68.3375244140625,-0.9878048896789551,30.34624671936035,3.6340487003326416,5.201215744018555,3.2781925201416016,2.940854549407959,5.555165767669678,4.673672199249268,4.329291343688965,3.4459428787231445,2.855705499649048,1.4406076669692993,-2.32285737991333,-2.6037676334381104,-5.056962490081787,-3.9807496070861816,-5.564882278442383,-0.0007119193323887885,hiphop,hiphop.00041.wav
0.44883352518081665,0.2480836808681488,2908.796471318714,2763.7327112504013,6030.596867139126,0.10257420967976007,-74.3597412109375,48.817752838134766,4.047643184661865,35.846370697021484,12.497231483459473,13.474960327148438,9.024468421936035,12.567509651184082,2.486557960510254,12.132177352905273,9.134346008300781,3.928713321685791,4.571033000946045,1.3762094974517822,3.1932339668273926,4.332537651062012,-4.25722074508667,2.8328747749328613,2.6930997371673584,2.746927499771118,hiphop,hiphop.00042.wav
0.44521865248680115,0.13564474880695343,1834.8226201664872,2225.1515450948054,3847.810066152283,0.06156538735971362,-155.6377410888672,113.65833282470703,-4.024228572845459,18.278228759765625,13.483909606933594,8.251856803894043,8.810650825500488,11.110942840576172,8.910264015197754,10.224346160888672,6.1002116203308105,9.73854923248291,9.32022762298584,2.2594478130340576,2.847439765930176,7.547553539276123,-2.6623220443725586,0.9173482060432434,0.4431045651435852,0.7698159217834473,hiphop,hiphop.00043.wav
0.3555413484573364,0.03803963214159012,2548.7636099360616,2344.8395970517513,4537.730894295424,0.14338613220781735,-267.5225524902344,77.79210662841797,-18.18976593017578,18.888137817382812,1.9943968057632446,-7.58877420425415,4.7138776779174805,-7.698332786560059,-10.356959342956543,10.97526741027832,-2.8659422397613525,-5.7574381828308105,2.3471524715423584,-7.099607944488525,0.4050518870353699,-1.8043371438980103,-8.364889144897461,-3.072544813156128,-4.399868965148926,-1.6514450311660767,hiphop,hiphop.00044.wav
0.39005401730537415,0.1829698085784912,2706.6714628489012,2941.23259807602,5996.322074394108,0.1125715037248452,-121.61006164550781,76.91941833496094,29.01348114013672,9.935918807983398,3.173764705657959,5.175321578979492,4.968313217163086,-1.0265125036239624,1.170760989189148,2.1393537521362305,3.117648124694824,1.136677861213684,-0.7820609211921692,-4.982221603393555,-0.1252572238445282,-4.505375862121582,-2.1900975704193115,-1.3730919361114502,-3.155974864959717,-7.364275932312012,hiphop,hiphop.00045.wav
0.4921763837337494,0.2280168980360031,2306.786333638483,2601.5436234092385,5000.353096882256,0.09149226610874613,-75.66786193847656,91.02239990234375,9.864940643310547,25.094079971313477,11.801715850830078,10.166982650756836,0.12458094954490662,8.227128982543945,1.6348942518234253,0.4970396161079407,1.8070878982543945,5.492985725402832,1.292904019355774,1.134556770324707,-1.189508318901062,0.3755406141281128,-1.2076176404953003,-2.060605525970459,-1.2071043252944946,-2.634706735610962,hiphop,hiphop.00046.wav
0.44940632581710815,0.24710078537464142,3236.2092131808367,3272.1557177055006,7338.638957587558,0.10935685952012383,-76.64228057861328,52.77649688720703,34.64007568359375,26.187644958496094,16.660327911376953,11.346407890319824,5.853891849517822,6.904237747192383,3.664475917816162,-0.9604269862174988,3.87589693069458,4.487944602966309,0.6365995407104492,5.433753490447998,4.194068431854248,0.8124226927757263,1.6306313276290894,0.694353461265564,-2.806062936782837,-3.410947322845459,hiphop,hiphop.00047.wav
0.41634824872016907,0.23021632432937622,2344.385703637443,2682.0326323793884,5394.20071533959,0.07745040090460527,-87.6807861328125,79.37557983398438,25.071245193481445,45.16530990600586,11.19914436340332,18.170175552368164,3.520857810974121,6.995575428009033,1.2674152851104736,2.360787868499756,-1.7764662504196167,-0.012601811438798904,-2.7059743404388428,-0.4882839024066925,-5.2594146728515625,-3.865269184112549,-2.5075833797454834,-4.682101726531982,-4.984882831573486,-4.423426151275635,hiphop,hiphop.00048.wav
0.4840633273124695,0.28883296251296997,3084.4973664314452,3055.5704751391245,6682.326259553986,0.10872005309113777,-44.555233001708984,41.62350082397461,29.912630081176758,51.86369323730469,12.875630378723145,13.724888801574707,7.962604999542236,9.290233612060547,8.38836669921875,1.8994230031967163,1.141311526298523,4.5649919509887695,5.524622440338135,1.3144536018371582,2.3494503498077393,-0.7991999983787537,-4.252003192901611,-3.572897434234619,-3.8355391025543213,-4.442142009735107,hiphop,hiphop.00049.wav
0.4270387887954712,0.27364036440849304,1683.7287656142807,2428.093966088148,3619.3447809839395,0.04244418779024768,-114.06301879882812,110.11894989013672,17.93018341064453,37.93009567260742,27.968828201293945,1.4038033485412598,15.553620338439941,1.425545334815979,7.354289531707764,-3.325509786605835,8.241861343383789,-0.18475696444511414,0.6828672885894775,3.3338143825531006,-2.4720284938812256,0.7509778738021851,-4.847811698913574,-2.3932738304138184,-3.291440010070801,-4.6098480224609375,hiphop,hiphop.00050.wav
0.3936004042625427,0.24401791393756866,2500.521404911738,2578.083186286891,5294.309652700513,0.09951791674729102,-78.71351623535156,73.09977722167969,21.83403968811035,49.21601104736328,3.114288806915283,18.307453155517578,1.8565903902053833,8.398898124694824,1.4257843494415283,4.219165325164795,-1.323271632194519,1.2506556510925293,-3.0139784812927246,1.7983278036117554,-1.8407834768295288,-0.992669939994812,-1.9069359302520752,-2.634608030319214,-4.791962146759033,-4.862099647521973,hiphop,hiphop.00051.wav
0.461398184299469,0.1099666878581047,2595.782821610755,2881.612646336387,5858.622907042134,0.08231280536474458,-146.51693725585938,81.55852508544922,31.962297439575195,22.430374145507812,5.098354816436768,13.628087043762207,6.495129108428955,8.408916473388672,4.4383158683776855,5.01066255569458,1.8354231119155884,2.864581346511841,4.526801586151123,3.8527681827545166,1.3351526260375977,1.23033607006073,0.5773533582687378,-0.17094095051288605,-0.659072995185852,-0.08891943097114563,hiphop,hiphop.00052.wav
0.5068888664245605,0.10891584306955338,3079.1103340087907,3220.8563159505225,7003.240985693208,0.10707796173568111,-144.97781372070312,66.67152404785156,44.280052185058594,22.528505325317383,6.521359443664551,8.850330352783203,11.895541191101074,5.837181091308594,3.0436742305755615,6.451862812042236,3.5622899532318115,2.5228521823883057,3.830937623977661,3.7200965881347656,6.821516036987305,5.068901538848877,0.47715914249420166,1.0826526880264282,1.9560731649398804,-0.0756460502743721,hiphop,hiphop.00053.wav
0.4469766914844513,0.12415162473917007,3258.7937668169607,3321.233022757826,7619.562258882788,0.12631934198432662,-104.71599578857422,64.03459930419922,28.791667938232422,10.546079635620117,15.168903350830078,13.066783905029297,8.023292541503906,5.234204292297363,6.736820220947266,5.124849796295166,4.446024417877197,4.464317321777344,3.354733943939209,2.422060966491699,0.185869961977005,-1.5202584266662598,-2.567992687225342,-1.1960529088974,-2.1893506050109863,-1.8801896572113037,hiphop,hiphop.00054.wav
0.39065876603126526,0.13375939428806305,1735.5854903743884,2055.9870271957616,3552.961849059114,0.07250031745839783,-161.47679138183594,104.0411148071289,-10.936408996582031,43.69308090209961,13.973774909973145,14.4622163772583,7.506260871887207,9.48156452178955,6.43916654586792,6.995227336883545,1.3608630895614624,4.438622951507568,-2.926755905151367,-3.21443247795105,0.044584907591342926,4.159956932067871,-6.439525604248047,-4.963832378387451,-4.214211940765381,-2.278237819671631,hiphop,hiphop.00055.wav
0.49168044328689575,0.16661067306995392,2355.621296823601,2496.919774597185,5176.777030070869,0.07013033934791021,-101.08124542236328,72.40870666503906,-2.374790668487549,46.05116653442383,5.545093536376953,24.215150833129883,3.5403549671173096,14.531002044677734,5.654685974121094,13.535110473632812,4.972192764282227,9.905891418457031,2.9368953704833984,-2.998805284500122,-1.2425074577331543,2.3058745861053467,-2.819225549697876,1.7559552192687988,0.8558956384658813,-4.35269832611084,hiphop,hiphop.00056.wav
0.400672048330307,0.2247585654258728,1811.0907893923022,2279.385519549546,3889.9348114297118,0.05145433738873839,-113.62826538085938,87.07086944580078,-0.6380833983421326,52.25518035888672,19.37762451171875,19.676193237304688,15.387044906616211,13.710749626159668,6.9510931968688965,9.077070236206055,7.965795993804932,4.412704944610596,-0.15473124384880066,-0.4329039454460144,0.22154195606708527,-0.8372171521186829,-2.1796700954437256,-1.9916912317276,-4.442805290222168,-4.301019191741943,hiphop,hiphop.00057.wav
0.5061397552490234,0.13039982318878174,2676.5339159173477,2413.9218973506577,5209.5184987543535,0.13613863257062694,-109.83064270019531,63.10463333129883,-13.84090518951416,43.019493103027344,6.1420440673828125,23.18745994567871,8.019647598266602,10.65602970123291,0.9803226590156555,5.321308135986328,-1.832165002822876,-1.4251207113265991,-1.863974928855896,-3.183500051498413,-4.740080833435059,-3.8052501678466797,-5.536844253540039,-3.185931921005249,-3.2629234790802,-3.9281070232391357,hiphop,hiphop.00058.wav
0.4995693266391754,0.15126341581344604,1949.3068336318568,2286.5903217127266,4219.474485415054,0.06300302038989938,-133.2266845703125,93.95074462890625,-2.2413456439971924,50.19545364379883,12.518454551696777,15.036698341369629,11.511906623840332,10.248600006103516,7.951723575592041,10.803760528564453,1.9746123552322388,5.198634624481201,1.066261887550354,2.1747071743011475,-1.5162954330444336,-0.4487203061580658,-2.4607765674591064,-3.8682591915130615,-1.7064383029937744,-2.7746219635009766,hiphop,hiphop.00059.wav
0.4396848976612091,0.18021106719970703,1717.834483382323,2052.410769263657,3686.911039086687,0.05390783729198916,-153.50096130371094,92.77770233154297,-15.882088661193848,57.952423095703125,8.575668334960938,18.462398529052734,13.276261329650879,11.162718772888184,7.613731861114502,12.974225044250488,5.661204814910889,7.017446041107178,2.8843374252319336,1.6163464784622192,0.012030917219817638,3.024331569671631,-0.2341882586479187,-1.387030005455017,-2.3182175159454346,-1.3271762132644653,hiphop,hiphop.00060.wav
0.4736352264881134,0.15561001002788544,1811.4872110056333,2201.2950311516684,3806.3103170955883,0.06727699303405572,-127.29856872558594,95.7888412475586,-12.756138801574707,37.964439392089844,20.57931900024414,23.185548782348633,8.276987075805664,9.6158447265625,8.685040473937988,5.521230220794678,6.679730415344238,4.026427745819092,1.7274876832962036,0.7245981693267822,-0.42298802733421326,2.2443923950195312,-1.6068018674850464,-1.2154619693756104,-2.2126097679138184,-0.7387682795524597,hiphop,hiphop.00061.wav
0.47191789746284485,0.1909227818250656,2449.072471257414,2508.117491409197,4930.6618516290155,0.10955073589880031,-144.1154022216797,73.38273620605469,4.68950080871582,24.034183502197266,12.896576881408691,14.024166107177734,8.642744064331055,6.908734321594238,-1.2130749225616455,-0.8405232429504395,1.1626185178756714,2.5793063640594482,-1.1129529476165771,3.1418166160583496,-4.232442855834961,-0.45609256625175476,1.654261589050293,1.213550090789795,-0.4755747318267822,-2.0354862213134766,hiphop,hiphop.00062.wav
0.44546937942504883,0.18616363406181335,2671.0740466843918,2494.7368600221876,5320.276162351248,0.12218709183920279,-98.84099578857422,71.1085205078125,-10.045742988586426,31.723390579223633,5.144659519195557,1.875218391418457,-8.893279075622559,-4.2644500732421875,-5.9622368812561035,-4.269474029541016,-0.6587039828300476,-1.8606146574020386,-0.5169801115989685,2.574435234069824,-1.0586432218551636,2.204282760620117,-3.943896770477295,1.2048683166503906,0.2833143174648285,0.06957242637872696,hiphop,hiphop.00063.wav
0.408005952835083,0.235963374376297,2429.9366980056257,2575.1768021201756,5273.709777265141,0.07981168670181889,-82.42477416992188,69.95745086669922,10.693318367004395,48.8040771484375,4.639569282531738,13.286026954650879,-1.7903581857681274,5.122208118438721,-1.084924340248108,-2.7959132194519043,-2.5498504638671875,0.21808503568172455,-3.1269516944885254,2.3010356426239014,-2.7060976028442383,-0.7829090356826782,1.731945514678955,-5.139214515686035,-5.694948196411133,-3.7939512729644775,hiphop,hiphop.00064.wav
0.41778483986854553,0.2067456841468811,2447.981517210075,2779.9431286937574,5316.867849627515,0.0886033946884675,-140.1487579345703,77.06105041503906,42.02964782714844,31.239227294921875,12.191808700561523,10.215243339538574,3.7374846935272217,8.286639213562012,-1.5532026290893555,-1.7558186054229736,3.626760482788086,4.589858055114746,-2.549266815185547,1.8537718057632446,-2.7621264457702637,-3.623142957687378,-2.6331491470336914,-1.5240895748138428,-2.6590375900268555,-5.086118221282959,hiphop,hiphop.00065.wav
0.4097598195075989,0.1898607462644577,2245.1543617872862,2484.137881682173,4816.095877727119,0.0793853854247291,-111.8478775024414,89.10122680664062,13.179902076721191,36.34461212158203,-3.2759242057800293,3.8778231143951416,0.5638424754142761,6.3377275466918945,-2.179610013961792,2.9791018962860107,-1.6365569829940796,-0.3662911355495453,-3.4718985557556152,0.7764607667922974,-0.23096850514411926,-3.1901183128356934,-3.7024402618408203,-4.00107479095459,-3.020352602005005,-2.4579572677612305,hiphop,hiphop.00066.wav
0.4983868896961212,0.2179241180419922,3053.2752032918966,3025.0571235297643,6667.5096824811335,0.1268197168875774,-74.77094268798828,58.740543365478516,9.939784049987793,21.57010841369629,15.071627616882324,4.9377288818359375,2.282747983932495,5.468897342681885,3.120033025741577,0.6039441823959351,2.4664061069488525,4.211440563201904,3.4745802879333496,3.595338821411133,2.774033546447754,1.884574055671692,-1.7012312412261963,-1.1449335813522339,-1.3548872470855713,-4.013696193695068,hiphop,hiphop.00067.wav
0.42210811376571655,0.2287963479757309,2545.058137328884,2748.0036712223564,5683.715631349168,0.09572391096652477,-66.0644302368164,74.915771484375,20.63437843322754,39.274261474609375,8.157337188720703,15.135332107543945,-0.3828370273113251,5.572951316833496,1.4617356061935425,-0.6336607336997986,-1.571073055267334,1.455990195274353,-2.4145190715789795,-2.1937198638916016,-4.321058750152588,-4.420351028442383,-5.131101608276367,-4.290364742279053,-6.337594032287598,-5.01650333404541,hiphop,hiphop.00068.wav
0.48957696557044983,0.2717660367488861,3299.440188118393,3139.542709498119,7082.1738417303595,0.1209660107875387,-59.20925521850586,36.20804214477539,39.83428192138672,49.9761962890625,10.150850296020508,16.89043426513672,9.769880294799805,4.446043968200684,2.411560535430908,1.7071006298065186,2.36737060546875,3.909562110900879,3.2013635635375977,2.6227622032165527,3.2187159061431885,1.4757418632507324,-0.6944125294685364,-3.158522605895996,-2.104498863220215,-2.373783588409424,hiphop,hiphop.00069.wav
0.43090683221817017,0.2787714898586273,2501.25903379901,3049.6607535011344,6028.555212818063,0.06926450936048761,-81.68595123291016,82.3359603881836,53.542030334472656,25.494243621826172,15.711484909057617,19.212007522583008,8.440927505493164,6.372036933898926,0.20460081100463867,0.15445592999458313,1.1984615325927734,1.5259028673171997,-0.7252470254898071,1.3517000675201416,-0.38283348083496094,-3.1292309761047363,-0.49216708540916443,-0.7394749522209167,-3.7766733169555664,-2.505176067352295,hiphop,hiphop.00070.wav
0.40388017892837524,0.2470289021730423,3186.910019337875,3286.573770075949,7476.671456257256,0.10757606907894737,-78.69876098632812,51.46027755737305,42.21704864501953,30.07628631591797,20.110864639282227,6.993340969085693,8.018717765808105,6.883306980133057,-4.620158672332764,3.649606466293335,3.640192747116089,4.324947357177734,2.607875108718872,0.7662419676780701,-9.165977478027344,-2.1590144634246826,-2.6716973781585693,-5.522291660308838,-1.324162483215332,-2.478013515472412,hiphop,hiphop.00071.wav
0.4380706548690796,0.25294384360313416,1818.8189646845494,2521.696700963498,3999.725814205205,0.05136250120936533,-118.02058410644531,102.30680084228516,20.772592544555664,37.01067352294922,24.395523071289062,7.802753925323486,15.927474021911621,-1.5940946340560913,6.763178825378418,-0.7802004814147949,8.579757690429688,1.473605990409851,-4.222729682922363,3.0189223289489746,1.0109889507293701,-0.9802994132041931,-5.466814041137695,-1.3039748668670654,-4.241457939147949,-5.007419586181641,hiphop,hiphop.00072.wav
0.4225151240825653,0.30033332109451294,2566.5587161240874,2942.3925463630508,5931.505799662587,0.08562004160216719,-78.25045013427734,70.1887435913086,45.9089469909668,42.07598876953125,15.097312927246094,10.68984603881836,-0.6920254826545715,-0.6105203032493591,0.3715643286705017,-0.3509228229522705,1.1027350425720215,-0.6717469096183777,-0.8145327568054199,-0.8111802935600281,-4.241296768188477,-6.084050178527832,-2.961728811264038,-3.7095818519592285,-4.606727123260498,-4.981907844543457,hiphop,hiphop.00073.wav
0.473944753408432,0.2083497941493988,2775.2916756205336,2712.623765856432,5969.305571092541,0.11079033535700464,-68.78752136230469,62.37388610839844,24.279096603393555,53.78571319580078,-1.9191564321517944,12.823493003845215,-4.358759880065918,12.354515075683594,-0.22019344568252563,9.053526878356934,-0.9775518178939819,3.941970109939575,1.916253924369812,2.2540576457977295,-2.5221893787384033,-3.529487371444702,-2.924685001373291,-3.6497654914855957,-3.420694351196289,-3.7197105884552,hiphop,hiphop.00074.wav
0.45118245482444763,0.19167505204677582,3139.605595979825,2849.9772069915975,6335.611689422891,0.146737207938274,-94.57141876220703,51.72364807128906,17.519943237304688,28.90424156188965,2.0637567043304443,3.727111339569092,-1.8516203165054321,4.3683600425720215,8.78132152557373,2.1316022872924805,-1.3799784183502197,4.691601276397705,4.077907085418701,0.014572993852198124,0.21375858783721924,-0.4370366632938385,-4.119475841522217,-1.1030105352401733,-0.12764860689640045,-2.7631568908691406,hiphop,hiphop.00075.wav
0.4249902367591858,0.2372182309627533,2328.3253525938053,2627.229475693976,4934.945159061775,0.09669745005321208,-111.2291488647461,89.941162109375,4.453145980834961,14.53057861328125,9.934057235717773,-9.441967010498047,2.9049582481384277,-0.13894076645374298,-3.0650672912597656,3.2723684310913086,-1.4969656467437744,1.5704437494277954,2.39640474319458,-1.1631625890731812,0.8710984587669373,0.6744046807289124,-5.169126033782959,2.7299318313598633,2.34928822517395,-0.25580817461013794,hiphop,hiphop.00076.wav
0.46092817187309265,0.23842552304267883,2986.424482322364,2899.9735732795793,6403.169614242695,0.13766243288022445,-25.853546142578125,70.94635772705078,9.54848861694336,17.47974967956543,-1.631187081336975,-0.5474362373352051,0.2606901228427887,-4.643626689910889,-0.5859257578849792,-3.0860726833343506,-2.4065418243408203,0.3865390121936798,-2.1581430435180664,-0.3449554145336151,-2.3784096240997314,1.93549644947052,1.3124204874038696,-1.2795857191085815,-2.018425703048706,-0.19688794016838074,hiphop,hiphop.00077.wav
0.4249902367591858,0.2372182309627533,2328.3253525938053,2627.229475693976,4934.945159061775,0.09669745005321208,-111.2291488647461,89.941162109375,4.453145980834961,14.53057861328125,9.934057235717773,-9.441967010498047,2.9049582481384277,-0.13894076645374298,-3.0650672912597656,3.2723684310913086,-1.4969656467437744,1.5704437494277954,2.39640474319458,-1.1631625890731812,0.8710984587669373,0.6744046807289124,-5.169126033782959,2.7299318313598633,2.34928822517395,-0.25580817461013794,hiphop,hiphop.00078.wav
0.4272741377353668,0.15468616783618927,3213.1475995725405,2834.0488919453637,6312.970159666457,0.17240182976973684,-79.74996185302734,62.275123596191406,-5.1084465980529785,18.229969024658203,12.862356185913086,-14.114572525024414,4.911667346954346,1.6750953197479248,-5.780055522918701,0.8144437670707703,-3.8078806400299072,2.012064218521118,3.414438247680664,-2.8724234104156494,1.2645156383514404,1.7522670030593872,-2.27229642868042,-1.0350905656814575,-4.609197616577148,-2.8224658966064453,hiphop,hiphop.00079.wav
0.4035688638687134,0.14134684205055237,3377.342805929625,2996.5226327289342,6892.483322096314,0.15500095237519348,-64.00121307373047,50.8045654296875,6.60215950012207,27.830774307250977,6.633703708648682,0.29855334758758545,2.8219563961029053,3.21342134475708,0.16524182260036469,0.6103196740150452,0.09556546807289124,-5.067102909088135,2.6628100872039795,-1.637956976890564,3.1019537448883057,5.1521453857421875,-0.8355960249900818,4.8471527099609375,0.24540166556835175,-4.849837779998779,hiphop,hiphop.00080.wav
0.5205853581428528,0.08638297021389008,1469.3760072038708,1954.5243317193638,3277.0468508126937,0.05177973224651703,-216.06976318359375,122.55899047851562,0.9373159408569336,39.35661697387695,9.28821849822998,26.045793533325195,-4.027805805206299,18.25638198852539,-6.511410236358643,13.911773681640625,-3.0722880363464355,8.8768310546875,-4.358552932739258,4.6917290687561035,-0.1069999635219574,0.9101864099502563,-1.9222296476364136,-1.7801148891448975,1.1610221862792969,-4.025158882141113,hiphop,hiphop.00081.wav
0.5036192536354065,0.1022820696234703,2290.107317796501,2181.5890272480765,4819.512523733794,0.11322947404702012,-122.78052520751953,95.06128692626953,-29.363250732421875,46.78004455566406,-15.998562812805176,27.117586135864258,-13.113779067993164,20.25800323486328,-5.389464855194092,15.45925235748291,-6.909566879272461,15.645837783813477,-6.707096099853516,8.281756401062012,-0.7531098127365112,9.420003890991211,1.2628135681152344,1.6747184991836548,0.48605138063430786,1.613319754600525,hiphop,hiphop.00082.wav
0.4479258060455322,0.1106356829404831,2368.0288949553296,2303.345664523038,5017.786324799245,0.11085004776993033,-122.01622772216797,89.59381866455078,-25.749513626098633,40.978492736816406,-4.280537128448486,27.573909759521484,-15.565974235534668,22.410400390625,-10.840677261352539,19.818462371826172,-8.638997077941895,19.100217819213867,-8.472635269165039,9.432504653930664,-3.4016783237457275,0.9833333492279053,-5.649016380310059,2.0140295028686523,-4.319846153259277,1.8859326839447021,hiphop,hiphop.00083.wav
0.5133563280105591,0.06588638573884964,2044.4018831699113,1933.7322920186132,4075.008692313274,0.10514864611551858,-214.3130340576172,100.31755065917969,-33.45656967163086,47.25948715209961,-8.953328132629395,12.991591453552246,-17.3225040435791,11.068474769592285,-11.724059104919434,8.812742233276367,-7.832299709320068,6.2648186683654785,-0.10495942085981369,4.896773815155029,1.1980613470077515,3.786282777786255,1.4717626571655273,3.484802722930908,0.6526583433151245,4.1510701179504395,hiphop,hiphop.00084.wav
0.47679850459098816,0.1062111034989357,2607.901477732147,2392.1949496304064,5535.341528547068,0.1272399713380418,-114.30268859863281,80.86408233642578,-18.181608200073242,50.66254806518555,-14.933624267578125,29.264699935913086,-20.05033302307129,18.588346481323242,-17.686914443969727,16.672950744628906,-11.416135787963867,16.29712677001953,-4.47333288192749,10.56287956237793,-4.0712080001831055,9.144474983215332,-2.847377061843872,0.6379280686378479,-1.9969019889831543,0.5702691674232483,hiphop,hiphop.00085.wav
0.4798392951488495,0.0790502205491066,2083.393807295725,2197.959109508927,4478.756250907024,0.0798679977747678,-198.9750518798828,92.61563110351562,-19.53598976135254,39.54047775268555,-0.6448094844818115,33.591434478759766,-6.465564727783203,27.51714324951172,-2.4129979610443115,14.994362831115723,-2.9805147647857666,14.907301902770996,-3.387167453765869,9.281903266906738,0.8351725935935974,8.284870147705078,-0.5857253074645996,-1.6136752367019653,1.2587285041809082,3.052635908126831,hiphop,hiphop.00086.wav
0.5837966799736023,0.10804735869169235,2472.488643988058,2499.681708769723,5509.025021012722,0.08769334728134674,-168.3470916748047,70.93956756591797,-3.0408055782318115,54.825477600097656,-12.104619979858398,30.515268325805664,-1.5212910175323486,28.844463348388672,-8.925713539123535,18.759965896606445,-6.600790977478027,14.602880477905273,-3.575063705444336,14.19275188446045,-3.9637115001678467,6.930109977722168,-4.171834945678711,5.868638038635254,-1.5135263204574585,1.283898115158081,hiphop,hiphop.00087.wav
0.46000930666923523,0.11859050393104553,2694.9757203214963,2389.2350164364775,5600.091137015044,0.14991216984326625,-89.86678314208984,79.76334381103516,-25.737308502197266,47.72638702392578,-10.019150733947754,31.556943893432617,-22.197519302368164,26.661226272583008,-10.976784706115723,18.82318115234375,-15.56501293182373,14.414715766906738,-10.038894653320312,8.90090274810791,-8.93294906616211,7.239286422729492,-5.013772964477539,3.128953218460083,-4.738142490386963,-1.5847808122634888,hiphop,hiphop.00088.wav
0.49831193685531616,0.12070812284946442,2670.154564498446,2396.6483338279327,5527.058245301616,0.11762400529702012,-103.13826751708984,74.09021759033203,-22.43463897705078,51.60478973388672,-7.079813480377197,32.67097473144531,-14.993523597717285,19.642501831054688,-7.071233749389648,22.27215003967285,-7.324057579040527,17.61178207397461,-0.045685358345508575,14.72098445892334,-4.242954730987549,10.659666061401367,-6.337611198425293,1.0340245962142944,-1.8354767560958862,5.5502848625183105,hiphop,hiphop.00089.wav
0.4824310839176178,0.10910199582576752,2272.8344394005203,2327.2378038657807,4965.044977052293,0.10450163566660217,-109.5091781616211,97.38956451416016,-20.61962127685547,37.36667251586914,-3.12599778175354,28.611204147338867,-14.169424057006836,23.862110137939453,-8.736170768737793,19.89246368408203,-11.298630714416504,17.9396915435791,-3.482387065887451,8.219098091125488,-8.952911376953125,9.264580726623535,-4.989858150482178,1.8386621475219727,-2.2514331340789795,0.6753709316253662,hiphop,hiphop.00090.wav
0.5337823629379272,0.11357302963733673,2628.9767336632103,2350.956242233718,5411.725609368953,0.1385550956607972,-105.56951141357422,76.67491149902344,-24.77430534362793,55.19898986816406,-8.257658004760742,28.89926528930664,-15.747581481933594,26.304574966430664,-8.491439819335938,20.45464324951172,-8.151382446289062,13.922347068786621,-6.56631326675415,9.869240760803223,-4.863672256469727,5.876529216766357,-1.9471783638000488,3.9654109477996826,-3.6028058528900146,-2.288011074066162,hiphop,hiphop.00091.wav
0.4777826964855194,0.1225644126534462,2330.839628497738,2664.2056814269613,5837.598034176664,0.07263901654411764,-144.99234008789062,84.06177520751953,10.8482027053833,43.60133361816406,6.281899452209473,36.12910842895508,-14.66227912902832,26.80546760559082,-10.336030006408691,24.696184158325195,-8.724149703979492,18.79265022277832,-4.396879196166992,9.87795352935791,-8.135770797729492,8.8175630569458,-7.885717868804932,2.8736495971679688,-4.346152305603027,-1.1175040006637573,hiphop,hiphop.00092.wav
0.47652140259742737,0.0672345831990242,3185.1421645019136,2603.5388708639575,6277.937038173616,0.15219749238099844,-191.63844299316406,41.31780242919922,4.992499351501465,65.46561431884766,-4.320229530334473,42.641536712646484,-12.253159523010254,23.81720733642578,-4.27325963973999,16.039920806884766,-5.085684776306152,16.431041717529297,-9.372978210449219,6.664067268371582,-2.730555772781372,-0.44324707984924316,-7.4212727546691895,4.570415496826172,-6.974579811096191,2.46844220161438,hiphop,hiphop.00093.wav
0.45894211530685425,0.11071186512708664,1929.5861395660595,2249.2447287206037,4411.223325936049,0.054190904363390094,-169.93531799316406,98.05762481689453,-11.31148910522461,38.26552200317383,5.069619178771973,25.395584106445312,-11.830673217773438,25.108501434326172,-5.5583882331848145,19.205223083496094,-2.9109883308410645,18.213062286376953,6.105380058288574,13.954814910888672,-0.3013003468513489,12.484423637390137,0.40843409299850464,1.6486974954605103,1.5285935401916504,2.8091318607330322,hiphop,hiphop.00094.wav
0.5623587369918823,0.10348284989595413,2735.79580212033,2295.456105176156,5419.742227560227,0.15760335538409442,-92.59165954589844,77.41268157958984,-32.756370544433594,54.59611892700195,-13.19919490814209,33.656280517578125,-12.085771560668945,28.01538848876953,-11.966781616210938,18.829349517822266,-6.670477390289307,13.036639213562012,-7.021347522735596,7.074207305908203,-4.537123680114746,6.49791145324707,-2.9733755588531494,3.7062723636627197,-5.411390781402588,-4.213469982147217,hiphop,hiphop.00095.wav
0.42474794387817383,0.1108260229229927,1752.0147471390128,1811.3360784876797,3488.9455694901317,0.08312648147252322,-128.1535186767578,124.58419799804688,-37.20049285888672,43.89212417602539,-12.789881706237793,18.988998413085938,-9.285406112670898,19.7816104888916,-6.878118515014648,13.477490425109863,-5.979897975921631,12.329025268554688,-4.652768135070801,5.832854270935059,-2.872882843017578,3.6824681758880615,-1.8806284666061401,-0.13902051746845245,-2.0508017539978027,-3.219609498977661,hiphop,hiphop.00096.wav
0.4738047122955322,0.11850105226039886,2581.727525217468,2526.2174649347,5731.648674837945,0.11598796076818886,-111.1899642944336,80.63883209228516,-0.875960111618042,50.617801666259766,-13.474104881286621,35.325801849365234,-14.840683937072754,21.19380760192871,-13.577967643737793,19.628597259521484,-11.768654823303223,16.968807220458984,-9.362855911254883,8.70068359375,-9.892549514770508,5.813981533050537,-9.137596130371094,0.8777111768722534,-5.9910478591918945,-0.3092355728149414,hiphop,hiphop.00097.wav
0.5335046052932739,0.11897746473550797,2538.2434921295203,2341.4445993119357,5353.284296088913,0.10066983721942724,-129.95169067382812,72.02136993408203,-23.253374099731445,63.23063659667969,-6.87346887588501,34.40077209472656,-12.189913749694824,30.506071090698242,-7.582158088684082,20.6044979095459,-6.197449207305908,14.683234214782715,-2.9395949840545654,9.047845840454102,-4.740089416503906,5.383764266967773,-2.4144325256347656,1.626944661140442,-5.980830192565918,-0.8234167098999023,hiphop,hiphop.00098.wav
0.4309518039226532,0.1537395864725113,1963.1932861624277,1917.2885221655058,3798.86869542739,0.1015708143866099,-138.7483367919922,100.20922088623047,-31.457195281982422,32.44475555419922,-2.777036428451538,13.11102294921875,-14.5094575881958,13.948756217956543,-15.169027328491211,8.20479679107666,-4.920586109161377,3.523158311843872,-7.980302333831787,0.7993210554122925,-2.9753177165985107,-0.7297645807266235,-7.719960689544678,-1.217940330505371,-6.522993087768555,-5.395183086395264,hiphop,hiphop.00099.wav
0.34449318051338196,0.04676249250769615,1504.4850155324564,1754.5156757138323,2800.499732427922,0.07846437814434984,-251.99102783203125,137.88876342773438,-11.156676292419434,8.355846405029297,0.7175981998443604,1.5888837575912476,-3.736992120742798,-4.138826370239258,-5.510426044464111,-2.6428098678588867,-3.5355749130249023,-3.145066499710083,-1.8456103801727295,-0.9996875524520874,-2.5880935192108154,-1.963566780090332,-1.5052293539047241,0.21605925261974335,-1.994942545890808,-3.3498682975769043,jazz,jazz.00000.wav
0.32815513014793396,0.022791113704442978,1266.346201396591,1691.3184537804075,2410.285425333785,0.0592777972619969,-345.7681884765625,146.9813995361328,-0.49109604954719543,22.63897132873535,5.818591594696045,10.342899322509766,-0.17026813328266144,-1.7211475372314453,-6.119700908660889,-0.5134583711624146,1.0318328142166138,1.2220971584320068,-1.944628119468689,-5.5536980628967285,-4.403472900390625,-2.5995614528656006,-5.196268558502197,-5.42608118057251,-3.129261016845703,-0.7939449548721313,jazz,jazz.00001.wav
0.2676277160644531,0.08082735538482666,1064.8215157992543,1050.3378104695198,1896.0802013290925,0.0578726659249226,-257.0179748535156,175.31582641601562,-44.81547164916992,25.66323471069336,-4.256741523742676,-0.22128824889659882,-11.32312297821045,-9.186279296875,-4.099931716918945,-8.300054550170898,-22.553421020507812,-7.608668804168701,-7.653321743011475,-11.745615005493164,-8.175761222839355,-7.501697540283203,-12.297941207885742,-6.771422386169434,-3.4978842735290527,-8.646907806396484,jazz,jazz.00002.wav
0.31936442852020264,0.05947569012641907,813.4386379736895,1059.1794282123183,1417.2080970031927,0.04467433303502322,-297.2326965332031,193.094482421875,10.13585376739502,-1.604259729385376,3.4037551879882812,9.997605323791504,-7.269056797027588,4.690434455871582,-5.398844242095947,-2.8661932945251465,-10.235335350036621,0.3849239647388458,-4.966054916381836,3.242382526397705,-4.4782819747924805,-1.8856791257858276,-2.2746386528015137,3.880451202392578,0.34528282284736633,-2.2132210731506348,jazz,jazz.00003.wav
0.1717699021100998,0.10872480273246765,1039.7104745190284,1422.1939175608413,1838.4972161921924,0.04776879656056501,-270.31201171875,137.554931640625,5.622032165527344,42.50809860229492,-7.959412097930908,9.935898780822754,-6.823992729187012,8.244322776794434,-6.1889543533325195,5.46956205368042,-5.445732116699219,-5.178623199462891,-6.994631767272949,-3.2311837673187256,-2.0175721645355225,4.406212329864502,1.9930399656295776,4.988617420196533,6.586948871612549,-2.4186289310455322,jazz,jazz.00004.wav
0.24827773869037628,0.1074972003698349,1267.9899185341335,1546.105463680024,2486.184966379644,0.057861328125,-246.32089233398438,120.20308685302734,-0.934164822101593,30.68938636779785,0.191153421998024,23.146516799926758,0.4293847680091858,9.1720552444458,-0.5738328695297241,5.722522258758545,-3.756934881210327,4.231671333312988,-0.27937397360801697,7.446286678314209,0.7113847732543945,7.070837020874023,0.8656315803527832,0.9513320922851562,1.7338498830795288,-1.3477298021316528,jazz,jazz.00005.wav
0.274871826171875,0.09855766594409943,1220.0295209430099,1459.4988051035366,2416.877052141786,0.04806244557856037,-234.3426055908203,142.72239685058594,-14.277185440063477,51.923065185546875,-8.200179100036621,12.773935317993164,-4.295217990875244,12.082511901855469,-13.723852157592773,-1.5506784915924072,-3.9817662239074707,4.937513828277588,-3.9372153282165527,2.190150737762451,-6.68421745300293,-9.763287544250488,-4.473258018493652,-5.533498287200928,-1.1700694561004639,-1.1021103858947754,jazz,jazz.00006.wav
0.19719190895557404,0.09373166412115097,1170.1567961600012,1355.8759398892682,1958.7548223442338,0.06483445300406347,-291.96649169921875,137.6410675048828,2.670106887817383,35.63743591308594,-12.31061840057373,15.607240676879883,-6.798582553863525,-2.8389623165130615,-3.790432929992676,-3.4771761894226074,-1.7255414724349976,10.397662162780762,8.311189651489258,5.228631019592285,0.33438345789909363,0.3818246126174927,-1.4846001863479614,-0.7641721367835999,-6.31132173538208,-5.534648418426514,jazz,jazz.00007.wav
0.3573947548866272,0.11859104782342911,1304.6853072764807,1636.55007405309,2724.4335257232005,0.04627485245743034,-189.9169464111328,134.41616821289062,-25.677438735961914,45.74530029296875,8.189717292785645,21.450271606445312,-4.584380149841309,14.39094066619873,-12.6600923538208,10.28064250946045,-7.9415693283081055,-1.1395624876022339,-5.0479888916015625,2.4128122329711914,-5.010758876800537,-2.154371738433838,-4.240240573883057,1.8404960632324219,-0.44336608052253723,-4.769907474517822,jazz,jazz.00008.wav
0.26689672470092773,0.08535763621330261,749.3568923103393,1211.0045035687272,1133.701477995598,0.03169028456366099,-296.6781005859375,172.37864685058594,16.86704444885254,18.952924728393555,1.3671668767929077,14.381316184997559,0.9986541867256165,9.520248413085938,-7.417555332183838,3.521702527999878,-7.6593427658081055,-0.10418455302715302,-7.962854862213135,-3.197101593017578,-8.079399108886719,-4.053980827331543,-0.8445239663124084,-3.8689589500427246,-2.821815013885498,-6.922399520874023,jazz,jazz.00009.wav
0.3297717571258545,0.06413749605417252,829.2976290034476,1037.7963033485519,1553.5656058013255,0.033065559694272446,-318.8001708984375,162.651611328125,-16.452930450439453,39.11607360839844,31.457944869995117,15.257576942443848,-0.6891269683837891,5.7950263023376465,-8.640235900878906,-4.003876209259033,1.3734984397888184,0.09258102625608444,-3.086942672729492,-1.5318715572357178,-1.5808212757110596,-4.881457805633545,-4.259912967681885,-1.29512619972229,-0.7533664703369141,-4.4288716316223145,jazz,jazz.00010.wav
0.30020931363105774,0.07116985321044922,1825.9751750083587,2107.923976632816,4011.4924097208786,0.07692054772155572,-192.51739501953125,113.1836929321289,-6.373058319091797,39.59309387207031,-9.18957805633545,17.204055786132812,-19.114599227905273,12.203581809997559,-15.4758882522583,9.702116966247559,-10.961740493774414,12.922776222229004,-7.292178153991699,8.494463920593262,-4.165961742401123,0.9755430221557617,-7.133422374725342,1.1970458030700684,-1.1769777536392212,-1.2938060760498047,jazz,jazz.00011.wav
0.36379891633987427,0.03751090168952942,1651.0000253804194,2040.7692527060574,3659.5112047697367,0.06369991715847523,-253.2285919189453,122.68326568603516,-5.654043674468994,40.59252166748047,-5.846395492553711,18.4277400970459,-16.653335571289062,14.598944664001465,-15.162858963012695,8.216917991638184,-13.890626907348633,8.282560348510742,-7.312088966369629,5.423101902008057,-6.309017658233643,2.7893259525299072,-4.23507022857666,0.5374836325645447,-1.4851406812667847,-2.538759708404541,jazz,jazz.00012.wav
0.31439632177352905,0.05548190325498581,1790.006149597724,2312.900589587571,4398.04840560299,0.061073326843072755,-217.64451599121094,112.63787078857422,12.686546325683594,39.54150390625,-9.824912071228027,17.38301658630371,-12.365174293518066,20.717960357666016,-18.302825927734375,16.355810165405273,-10.025547981262207,9.036938667297363,-6.899486541748047,7.310710906982422,-4.785650730133057,8.57113265991211,-2.7742180824279785,1.2789534330368042,-0.36045950651168823,0.34737908840179443,jazz,jazz.00013.wav
0.19868671894073486,0.03929365798830986,1171.777849469535,1277.7354152116584,2018.9377917593847,0.06494254002999227,-358.30572509765625,137.95895385742188,-11.000713348388672,20.8516902923584,1.947358250617981,-3.4139952659606934,-11.520309448242188,-3.2774691581726074,-11.0208158493042,-8.386406898498535,-7.478808879852295,-1.0018490552902222,-6.738014221191406,2.391364336013794,-2.6258182525634766,-0.2781389057636261,-1.4365344047546387,-1.6825631856918335,0.9089208245277405,4.4359130859375,jazz,jazz.00014.wav
0.3329556882381439,0.062368374317884445,1782.4772448641631,2061.994476113513,3812.5852791517514,0.07357060577109133,-200.01402282714844,117.22406768798828,-12.37673282623291,39.10684585571289,-6.360408782958984,16.52885627746582,-17.306795120239258,13.629066467285156,-17.661602020263672,14.030025482177734,-10.206363677978516,12.177011489868164,-6.719635963439941,7.736780166625977,-8.080098152160645,2.6364028453826904,-6.647840976715088,4.868257999420166,0.7024585008621216,0.4618348777294159,jazz,jazz.00015.wav
0.2494862973690033,0.06058981642127037,1465.5161216965355,1738.2788798895733,2820.98294190209,0.06986427897639319,-259.82958984375,123.20835876464844,-6.411299705505371,37.57597351074219,-2.9846901893615723,13.062032699584961,-14.093770027160645,5.306912899017334,-11.979528427124023,3.5143046379089355,-9.639544486999512,5.340486526489258,-7.840780258178711,3.265098810195923,-0.5539108514785767,2.8862454891204834,-0.02954111061990261,2.1029868125915527,1.1109306812286377,2.933882713317871,jazz,jazz.00016.wav
0.3453313708305359,0.049848224967718124,1934.517120777341,2187.091434344433,4327.598831601926,0.08418656576528638,-233.09597778320312,105.91777801513672,-2.6766140460968018,37.433624267578125,-8.178378105163574,15.727415084838867,-15.066481590270996,8.377423286437988,-16.380407333374023,8.63088321685791,-9.384078025817871,7.093085765838623,-5.999111652374268,1.9920870065689087,-5.72641658782959,-0.9412962794303894,-6.9125566482543945,-3.772014617919922,-1.6410496234893799,-2.4500198364257812,jazz,jazz.00017.wav
0.3534085154533386,0.052224621176719666,1992.940889677231,2126.9618689886793,4247.190984483843,0.0877088422745743,-192.12538146972656,105.58748626708984,-26.0310115814209,40.159423828125,-6.6549787521362305,26.4967041015625,-10.388105392456055,18.469724655151367,-13.995582580566406,14.937352180480957,-12.686880111694336,9.585426330566406,-5.195147514343262,7.830173492431641,-3.8694512844085693,12.349873542785645,-1.1174870729446411,-0.7776854634284973,-2.9812979698181152,0.35809555649757385,jazz,jazz.00018.wav
0.24802599847316742,0.05020084232091904,1352.9901253634764,1714.8797848748588,2713.2835931453174,0.05548416940789474,-267.28662109375,129.05224609375,-14.737059593200684,41.268768310546875,-1.014971137046814,22.953378677368164,-8.132359504699707,11.17974853515625,-9.073575019836426,11.3184232711792,-5.499914169311523,13.5791015625,-1.1755173206329346,1.877798318862915,-2.711160898208618,3.276862621307373,-1.5962928533554077,0.26421046257019043,-0.6178976893424988,4.506900787353516,jazz,jazz.00019.wav
0.2893334627151489,0.02712356299161911,1171.3008454419294,1677.797951082974,2580.0593987337943,0.03297183388157895,-376.69403076171875,119.16358184814453,-2.9616615772247314,48.508880615234375,13.156192779541016,21.244487762451172,0.012301182374358177,8.008127212524414,-0.41269516944885254,2.3665778636932373,-0.0393562912940979,0.8969520330429077,1.6664363145828247,-0.13889248669147491,1.3513166904449463,-0.17528985440731049,1.9937043190002441,2.72358775138855,1.7619061470031738,0.4488513171672821,jazz,jazz.00020.wav
0.43288734555244446,0.04796375706791878,2915.1352677290415,2420.4740701281185,5865.106201171875,0.1813991298616486,-174.7040252685547,75.89945220947266,-12.792850494384766,52.60661697387695,-29.416118621826172,22.748615264892578,-22.366758346557617,18.63333511352539,-24.70472526550293,21.16802406311035,-13.802682876586914,13.009406089782715,-7.859887599945068,8.022093772888184,-5.971391677856445,9.527811050415039,-6.002617359161377,2.3379805088043213,-3.3587653636932373,2.507399320602417,jazz,jazz.00021.wav
0.20151571929454803,0.05049276724457741,1451.4983709587157,1919.9176506032034,3046.0899140443594,0.05122229041698916,-298.8079528808594,112.0782241821289,6.485770225524902,28.386516571044922,-6.764679431915283,16.651893615722656,-11.809683799743652,12.746783256530762,-8.347038269042969,13.898632049560547,-4.235764026641846,2.319571018218994,-4.326794147491455,1.407903790473938,0.714065432548523,13.47948169708252,9.419413566589355,6.914651870727539,7.87778377532959,-1.7827401161193848,jazz,jazz.00022.wav
0.2207791954278946,0.08783356100320816,1987.9269514759144,2100.022545349884,4315.765569822707,0.08007358988003097,-188.1099090576172,98.63330841064453,-11.278643608093262,47.217750549316406,-20.33315086364746,18.78586769104004,-15.79450511932373,13.689794540405273,-15.455809593200684,17.430904388427734,1.0143803358078003,18.283552169799805,4.647218227386475,9.836631774902344,-5.497138500213623,2.1267316341400146,-6.2551422119140625,-3.41615629196167,-2.9926602840423584,2.210219144821167,jazz,jazz.00023.wav
0.34920045733451843,0.05885065719485283,2034.579158061201,2084.7063147288427,4342.948738783137,0.0932473575367647,-202.60838317871094,105.84573364257812,-20.537837982177734,43.8979606628418,-14.272346496582031,25.29953956604004,-15.592005729675293,15.311660766601562,-13.294727325439453,12.276098251342773,-8.764145851135254,10.158416748046875,-1.8681050539016724,6.188661575317383,0.21987688541412354,8.036412239074707,-3.16219162940979,-0.45418858528137207,-3.5693423748016357,0.7220391631126404,jazz,jazz.00024.wav
0.2678039073944092,0.06936076283454895,1698.069097537734,2065.891508081712,3806.2603173979296,0.0636243318256579,-237.66241455078125,108.30335998535156,2.039982318878174,41.77372741699219,-10.451949119567871,16.930843353271484,-8.600078582763672,12.785670280456543,-9.114532470703125,15.938528060913086,-6.518535137176514,7.173824310302734,-8.253262519836426,-0.20715974271297455,-8.692221641540527,-2.2442805767059326,-4.727632999420166,-3.5138726234436035,1.463562250137329,2.4141125679016113,jazz,jazz.00025.wav
0.20186246931552887,0.03192383050918579,1367.4115371823066,1638.8353781037492,2631.8257523764028,0.05863569985971362,-414.1497802734375,104.8441390991211,-7.821512699127197,37.875396728515625,0.21377837657928467,23.427854537963867,-7.274100303649902,5.76659631729126,-1.0599747896194458,8.49860668182373,-5.490029335021973,0.8940593004226685,-1.4638129472732544,7.720704078674316,1.2548680305480957,6.035240173339844,5.243723392486572,2.4281997680664062,7.604022026062012,9.802248001098633,jazz,jazz.00026.wav
0.3252892792224884,0.040597181767225266,1769.401598572535,2113.48363433267,3966.7260137504836,0.0626534382256192,-262.1243896484375,108.98235321044922,-6.3325514793396,55.18973922729492,-10.662286758422852,18.535446166992188,-4.250916481018066,18.56122398376465,-19.70691680908203,17.5748291015625,-10.982368469238281,11.932400703430176,-3.4279112815856934,7.197286128997803,-8.854766845703125,4.973090648651123,-4.053072929382324,-0.11804510653018951,-0.8198282122612,-0.6021667718887329,jazz,jazz.00027.wav
0.27644315361976624,0.04876968637108803,1853.5659404817295,2095.722266921797,4029.633966688032,0.07490468689531733,-233.75851440429688,108.46988677978516,-10.714609146118164,38.699588775634766,-10.764274597167969,14.162391662597656,-16.25852394104004,10.371634483337402,-20.81631851196289,10.070497512817383,-12.02409839630127,7.765772342681885,-12.021536827087402,3.382016658782959,-6.358563423156738,3.978088617324829,-1.2818810939788818,-3.8250744342803955,-6.228565216064453,-4.94892692565918,jazz,jazz.00028.wav
0.3043396770954132,0.036303553730249405,2235.3440263233524,2259.025353378826,4683.438346555728,0.09940416082140092,-232.9984588623047,93.82678985595703,-16.198394775390625,49.573951721191406,-13.947245597839355,13.494128227233887,-11.828399658203125,13.290519714355469,-25.828712463378906,17.37681007385254,-13.317584991455078,9.277925491333008,-5.493784427642822,1.9250959157943726,-14.404328346252441,2.5919954776763916,-11.481819152832031,-1.229681134223938,-5.204239368438721,-3.8765177726745605,jazz,jazz.00029.wav
0.23504392802715302,0.029602115973830223,1687.29845279388,1762.5515004488307,3353.5463882304566,0.0846627533620356,-318.9285888671875,115.70397186279297,-23.042325973510742,52.599456787109375,-12.819438934326172,14.633502006530762,-8.213702201843262,0.30774956941604614,-23.876354217529297,10.842195510864258,-9.591383934020996,7.483323574066162,-4.242236614227295,2.9921114444732666,-4.399104118347168,-1.0453870296478271,-5.3950347900390625,-5.510677814483643,-6.97052526473999,-1.7180663347244263,jazz,jazz.00030.wav
0.31103938817977905,0.04358796402812004,1752.8065045704263,1990.037621627014,3733.4190911921924,0.07241415017898607,-237.49929809570312,115.94337463378906,-15.457233428955078,47.112403869628906,-13.510732650756836,18.199331283569336,-13.971238136291504,15.334492683410645,-17.5358943939209,13.420798301696777,-6.230585098266602,8.634657859802246,-7.248400688171387,4.782135486602783,-4.398564338684082,4.510981559753418,-4.2662787437438965,2.3292112350463867,-9.923247337341309,-4.325603485107422,jazz,jazz.00031.wav
0.28077688813209534,0.040503159165382385,1522.348449286544,1909.6345910380123,3252.338666886368,0.06140930364744582,-305.4945068359375,121.92649841308594,2.594775915145874,36.921051025390625,-8.559167861938477,17.9053955078125,-9.270870208740234,10.555924415588379,-9.937911987304688,2.3099348545074463,-12.685081481933594,0.3053419888019562,-8.618949890136719,2.593334436416626,-6.969911575317383,-2.9224603176116943,-4.65073823928833,-3.2466342449188232,-4.451147556304932,-3.968113660812378,jazz,jazz.00032.wav
0.27402082085609436,0.06975041329860687,1169.651305238844,1498.7076899393865,2444.618551059404,0.042349706124226005,-261.798095703125,139.52618408203125,-17.128894805908203,49.89491653442383,-5.8686442375183105,19.853361129760742,1.8584792613983154,5.718642711639404,-7.831182479858398,-0.4173503816127777,-1.2528473138809204,-2.1903841495513916,4.465001583099365,-0.31179243326187134,0.11012423783540726,-0.279180109500885,1.9837530851364136,-2.6391046047210693,-1.1543753147125244,-5.3690619468688965,jazz,jazz.00033.wav
0.31169331073760986,0.1299886554479599,1759.5124735322347,1779.6060525998578,3574.070054754015,0.07934494727167182,-146.4124755859375,118.20677947998047,-34.6727409362793,58.787296295166016,-14.969061851501465,34.30445098876953,-6.603354454040527,13.900938034057617,-14.645583152770996,9.20051383972168,-11.337798118591309,1.097486972808838,-5.503307819366455,-0.14809216558933258,-2.1899940967559814,-2.7196238040924072,1.1250762939453125,-5.595058917999268,-2.760835647583008,-7.136648654937744,jazz,jazz.00034.wav
0.26454055309295654,0.09149952977895737,844.1391584726199,1104.300079506871,1608.9152711094719,0.03772993058243034,-261.8772888183594,182.5357208251953,-16.90709114074707,49.87154769897461,-1.2144477367401123,6.345548152923584,6.002386093139648,-8.873109817504883,-10.316280364990234,-3.205064535140991,-5.371814250946045,-3.5495333671569824,-2.891636610031128,-7.471892833709717,-0.5367146134376526,1.1297972202301025,-1.9821690320968628,-5.232583045959473,-1.8658417463302612,-3.502319812774658,jazz,jazz.00035.wav
0.32236796617507935,0.0805579125881195,1482.2909039482731,1412.3432773193617,2658.97558820506,0.09955948868034056,-196.8430633544922,152.7996368408203,-36.9100456237793,41.80352020263672,-8.70901870727539,4.415907859802246,-11.570120811462402,1.4324355125427246,-14.735855102539062,0.46832042932510376,-10.170390129089355,-6.922009468078613,-6.252430438995361,-3.712127208709717,-4.565994739532471,-6.416510581970215,-2.9002304077148438,-4.853390216827393,-5.874140739440918,-9.119882583618164,jazz,jazz.00036.wav
0.2849480211734772,0.10660113394260406,1276.6962578384569,1570.5673940298832,2468.626739218508,0.05151291602167183,-198.46253967285156,140.6854248046875,-18.416391372680664,30.510452270507812,-6.705268383026123,15.720157623291016,-0.7331225275993347,7.296829700469971,-6.585082530975342,6.074649810791016,-5.132957458496094,3.448296308517456,-2.8441162109375,7.178577899932861,-0.3125016987323761,-2.0180282592773438,3.1283483505249023,0.8673352003097534,1.5159481763839722,-0.23433040082454681,jazz,jazz.00037.wav
0.2856101989746094,0.09778041392564774,1554.37964673427,1774.9284673984907,3216.538883362761,0.0664005811000387,-179.59478759765625,124.32764434814453,-29.741775512695312,45.38368225097656,-10.188966751098633,17.780799865722656,-8.817681312561035,12.764226913452148,-10.756725311279297,8.615612030029297,-12.390896797180176,3.3914453983306885,-12.01815128326416,6.511953830718994,-9.865381240844727,-2.809282064437866,-5.114864826202393,-1.196595549583435,-1.8772841691970825,-5.637333393096924,jazz,jazz.00038.wav
0.2476811408996582,0.08226295560598373,1311.6069322444207,1446.3946566783561,2724.9668558315598,0.0765237247242647,-237.23965454101562,146.82582092285156,-24.444063186645508,64.27366638183594,-10.833980560302734,3.25913143157959,-1.3375037908554077,2.725534439086914,5.168942928314209,0.3977409899234772,9.611379623413086,2.5067873001098633,3.119367837905884,7.7595720291137695,-1.5198304653167725,1.734052062034607,0.7672744989395142,-2.455092191696167,4.009994983673096,-2.0024919509887695,jazz,jazz.00039.wav
0.2366708666086197,0.1380399614572525,1317.1069234804231,1475.3339718897462,2779.024862283524,0.0548605904121517,-179.79029846191406,147.7628936767578,-20.479698181152344,58.62397384643555,-23.809179306030273,2.467825412750244,-3.1952929496765137,-9.30136775970459,-5.759235382080078,-0.426456093788147,-8.366729736328125,3.1024651527404785,-6.85118293762207,-4.383366107940674,-1.1809788942337036,-4.269698143005371,-0.5557314157485962,-3.581024408340454,1.5018763542175293,-0.6082080602645874,jazz,jazz.00040.wav
0.3082287013530731,0.07821866869926453,1617.8954526280604,1568.7957850534979,3104.056230196643,0.10063091077302631,-216.31118774414062,134.9827880859375,-35.480674743652344,61.595497131347656,-14.545804977416992,11.046170234680176,1.2093088626861572,10.962496757507324,-8.294633865356445,-1.4437148571014404,0.12248735129833221,8.2815580368042,-4.578641414642334,0.5677869915962219,-6.102359294891357,0.20412974059581757,-0.5929208397865295,-5.035705089569092,-1.2523043155670166,-7.220947265625,jazz,jazz.00041.wav
0.28527408838272095,0.09952182322740555,1344.4488685825502,1548.3944966389179,2772.541568153783,0.06121202592879257,-206.78492736816406,141.83738708496094,-13.811613082885742,49.34670639038086,-24.811641693115234,11.820208549499512,-12.791095733642578,-16.557239532470703,-8.389538764953613,-1.2063177824020386,-7.65068244934082,-1.371184229850769,-9.346774101257324,-7.500102996826172,-2.8655619621276855,-6.141148090362549,-0.9413569569587708,-1.3060671091079712,-2.2506697177886963,-3.2847349643707275,jazz,jazz.00042.wav
0.2537831962108612,0.11171223968267441,1760.2398025931382,1792.5429665134232,3460.5457412200076,0.08566917206849846,-173.28468322753906,111.69588470458984,-35.922306060791016,45.85530090332031,-11.438426971435547,19.691587448120117,-8.049165725708008,17.947189331054688,-8.94970989227295,14.695818901062012,-10.342501640319824,4.670975685119629,-11.798711776733398,3.2452495098114014,-7.986955642700195,0.08744984120130539,-3.576061248779297,-0.43947499990463257,-2.103973388671875,-4.8935866355896,jazz,jazz.00043.wav
0.27662360668182373,0.08642742037773132,1004.9502771230314,1247.0395590509893,1811.8057109254064,0.04966409878095975,-246.97653198242188,167.98892211914062,-19.80153465270996,22.009904861450195,-0.7347983717918396,15.09326171875,-1.2836858034133911,4.728427410125732,-2.061988592147827,6.532095909118652,-1.384499430656433,5.637634754180908,-0.28600573539733887,5.652523994445801,3.196910858154297,1.8621629476547241,7.011514663696289,5.044912815093994,2.4658362865448,-0.8981092572212219,jazz,jazz.00044.wav
0.27865591645240784,0.10031687468290329,937.3979933729273,1186.6457726133108,1763.3143374794408,0.04262597051567337,-231.3232421875,174.37615966796875,-19.749839782714844,47.375022888183594,-1.976766586303711,6.666589260101318,-1.1248576641082764,-5.499824523925781,-13.732545852661133,-3.69299578666687,-6.315066814422607,-1.5051618814468384,-2.6337108612060547,-7.2695159912109375,-2.3065695762634277,1.0365753173828125,-1.1124696731567383,-8.56970500946045,-4.047513008117676,-3.914494514465332,jazz,jazz.00045.wav
0.25022199749946594,0.11051244288682938,1295.2562362132712,1446.1021014116336,2695.375368100571,0.058650061072948914,-204.2321319580078,147.5966033935547,-25.2186279296875,49.354248046875,-15.650294303894043,2.700042724609375,-7.84955358505249,-10.642350196838379,-4.798891544342041,-3.6669726371765137,-3.505948543548584,1.5687525272369385,1.4722061157226562,-2.725491762161255,-0.2792368233203888,-2.220884323120117,1.5168805122375488,-1.05027437210083,-1.7688462734222412,-2.4751627445220947,jazz,jazz.00046.wav
0.3585759997367859,0.053880661725997925,1982.1284065663644,2144.992278612522,4262.482558684453,0.09357350824787151,-201.8074951171875,109.28429412841797,-15.505194664001465,44.28395462036133,-11.047104835510254,18.85179901123047,-11.312691688537598,18.409912109375,-18.91156578063965,11.226408958435059,-11.899514198303223,6.9697394371032715,-11.650191307067871,7.085973739624023,-9.120556831359863,9.88898754119873,-5.654684543609619,-3.324047088623047,-5.450979709625244,-0.30501264333724976,jazz,jazz.00047.wav
0.28263187408447266,0.058642491698265076,1748.0333593267528,1947.6675290439239,3684.56105329673,0.0792973285119969,-204.8289031982422,117.45068359375,-20.93970489501953,42.00593185424805,-10.364103317260742,19.208967208862305,-11.633758544921875,7.984111785888672,-20.26410484313965,8.785672187805176,-11.697369575500488,5.1714863777160645,-11.23897647857666,6.06127405166626,-5.141876220703125,7.828468322753906,-1.1918259859085083,-1.0728695392608643,-3.1602396965026855,-1.5336096286773682,jazz,jazz.00048.wav
0.20990236103534698,0.18441703915596008,2050.136011182281,2467.178066274356,4564.072401678599,0.06479514863099846,-165.46795654296875,87.24910736083984,24.815532684326172,28.417308807373047,-2.780550479888916,-1.3317890167236328,-14.066439628601074,-4.747462749481201,-19.206073760986328,-0.5928637385368347,-11.947256088256836,-8.335516929626465,-8.235878944396973,-0.42448318004608154,-6.424986839294434,-1.5306298732757568,2.0240118503570557,-0.4465537965297699,-0.9040553569793701,1.5472666025161743,jazz,jazz.00049.wav
0.41037487983703613,0.19042451679706573,2482.069759803357,2759.667879024035,5794.8316261126165,0.08078258030185759,-55.190040588378906,77.4786376953125,8.272335052490234,31.56097412109375,11.51248550415039,11.753402709960938,7.877706050872803,13.517611503601074,-2.2645761966705322,5.61616849899292,1.4572818279266357,7.3729729652404785,-0.9271541833877563,1.6434428691864014,-6.07753324508667,1.2362773418426514,3.2791788578033447,2.919607162475586,2.411440372467041,1.9402940273284912,jazz,jazz.00050.wav
0.27403566241264343,0.06975202262401581,1193.8785302218275,1559.7834084541525,2480.734999334849,0.0424521242501935,-260.8979797363281,138.52455139160156,-16.35112190246582,49.15070343017578,-5.258574962615967,19.35455322265625,2.2062227725982666,5.555695056915283,-7.877213001251221,-0.1980922520160675,-1.617018222808838,-1.7220757007598877,3.9436960220336914,0.23985956609249115,-0.4268878102302551,0.23164412379264832,1.512137532234192,-2.2414093017578125,-1.456626534461975,-5.1570892333984375,jazz,jazz.00051.wav
0.3661006987094879,0.18859367072582245,2291.4059616944,2593.4073695762804,5247.384936447852,0.0774182771381579,-91.21620178222656,82.60240173339844,12.171335220336914,36.69225311279297,-0.837364673614502,13.415139198303223,5.620052337646484,9.662233352661133,-3.778263568878174,1.8234928846359253,1.5459749698638916,1.2873138189315796,0.822791337966919,4.399218559265137,0.5553936958312988,3.811253547668457,-0.3538661599159241,0.23312406241893768,1.8074712753295898,1.7372177839279175,jazz,jazz.00052.wav
0.3117098808288574,0.13001179695129395,1804.7156340756278,1861.8373889224913,3646.536283227312,0.07951917146381579,-141.0889129638672,110.76341247558594,-27.475183486938477,51.97392654418945,-8.664052963256836,28.61534881591797,-1.612918496131897,9.662086486816406,-11.18388843536377,6.517714023590088,-9.409994125366211,-0.12163664400577545,-4.92993688583374,-0.15413303673267365,-2.661383867263794,-1.8625248670578003,-0.02348819002509117,-4.245973587036133,-4.223870277404785,-5.637206077575684,jazz,jazz.00053.wav
0.26453977823257446,0.09149874001741409,871.7686824803111,1205.520543613688,1632.7901267414861,0.03778284031540248,-260.3519592285156,180.60806274414062,-15.362776756286621,48.560420989990234,-0.07432756572961807,5.434279441833496,6.599910259246826,-9.153326034545898,-10.289850234985352,-2.9884068965911865,-5.823054790496826,-2.9312968254089355,-3.6177830696105957,-6.676412582397461,-1.3511277437210083,1.900673270225525,-2.6857540607452393,-4.611181259155273,-2.38069748878479,-3.1107139587402344,jazz,jazz.00055.wav
0.372531920671463,0.1982394903898239,2978.340196118377,3036.40644175023,6863.166832702448,0.11482508042279412,-38.04252243041992,64.98809051513672,14.29737377166748,21.284706115722656,7.501907825469971,6.37210750579834,1.9336780309677124,6.556060791015625,-2.9327826499938965,5.597701072692871,2.50141978263855,3.0295462608337402,0.6087425351142883,1.9923112392425537,-1.7813992500305176,4.515871524810791,0.060301199555397034,-2.040348529815674,-3.863262414932251,-2.0456011295318604,jazz,jazz.00056.wav
0.2340383678674698,0.07812967151403427,1377.9769900941744,1773.537104860026,2583.9510418682275,0.06180650457140093,-248.1094207763672,125.98793029785156,-12.599597930908203,30.244165420532227,-1.0903058052062988,-2.213005781173706,1.9470434188842773,0.25160494446754456,2.6987664699554443,-4.426094055175781,-6.481645584106445,-6.517059803009033,-3.994016647338867,2.3482582569122314,0.3617059588432312,-4.067312717437744,-1.5211641788482666,-3.5300021171569824,-6.192057132720947,-7.34603214263916,jazz,jazz.00057.wav
0.32237762212753296,0.0805608406662941,1546.508468476633,1581.2424965818198,2723.583530863003,0.09965699375967492,-190.51927185058594,143.98570251464844,-28.421674728393555,33.79344177246094,-1.2972339391708374,-2.301527261734009,-5.64383602142334,-3.6400134563446045,-10.529327392578125,-2.8581392765045166,-7.707229137420654,-8.5834321975708,-5.303898334503174,-4.02582311630249,-4.786986827850342,-5.761446475982666,-3.8844845294952393,-3.6434102058410645,-7.224798202514648,-7.694586277008057,jazz,jazz.00058.wav
0.3173414170742035,0.1826617419719696,1397.4044755755383,2136.074872989545,2932.4989342468075,0.03827792424535604,-179.3740997314453,114.49272155761719,28.196645736694336,35.979305267333984,11.041097640991211,12.684316635131836,3.817139148712158,8.518316268920898,-0.014726857654750347,5.462332248687744,1.0599640607833862,2.6322290897369385,-3.7399516105651855,-0.29827725887298584,-0.7330725789070129,2.558530330657959,0.18569833040237427,1.5453789234161377,-1.2458051443099976,1.3970997333526611,jazz,jazz.00059.wav
0.2849716246128082,0.10661542415618896,1428.0387423978177,1887.5348651112279,2730.5418221205014,0.052423719282120744,-190.3960723876953,129.50662231445312,-7.837520122528076,20.721296310424805,2.1918201446533203,7.792374610900879,6.190217971801758,1.3512998819351196,-1.5920599699020386,2.0195136070251465,-1.992914080619812,1.1642934083938599,-1.3514087200164795,6.410065650939941,-0.201943501830101,-1.5658295154571533,2.241672992706299,2.0431113243103027,0.17354260385036469,1.174131989479065,jazz,jazz.00060.wav
0.37021154165267944,0.23234327137470245,2456.2698596396212,2654.9023182833403,5466.591944266399,0.09449413760158669,-23.23577880859375,82.91702270507812,2.0489416122436523,29.505756378173828,6.599293231964111,6.4949235916137695,-0.6966997981071472,6.172839641571045,-3.4220030307769775,5.5945210456848145,-0.3769912123680115,3.266179084777832,-0.2061217725276947,0.3198188245296478,-1.6405316591262817,1.478379726409912,-5.332355976104736,-0.0377790592610836,-1.0947468280792236,-0.04259611293673515,jazz,jazz.00061.wav
0.2856545150279999,0.09780147671699524,1725.6345298073745,2091.1137406659923,3504.7121408184985,0.06752226743904799,-168.12322998046875,108.27153015136719,-14.149940490722656,30.457630157470703,3.8945059776306152,4.676563739776611,3.187917709350586,1.927634596824646,-1.1426721811294556,0.23471792042255402,-5.246889591217041,-2.554673433303833,-7.219599723815918,2.7779324054718018,-7.1157708168029785,-4.675876617431641,-4.034605979919434,-1.612676739692688,-2.0187652111053467,-5.049436569213867,jazz,jazz.00062.wav
0.3805404007434845,0.16229046881198883,2475.6009489427947,2687.0691133944065,5544.583139330979,0.09815057807662539,-51.3477897644043,85.20030975341797,3.6435587406158447,22.861770629882812,-1.5293605327606201,6.11028528213501,2.410914421081543,3.6449344158172607,-1.8632279634475708,4.3669352531433105,1.0871078968048096,0.7797647714614868,-0.736463189125061,0.41210711002349854,-3.3764595985412598,1.4221644401550293,0.4055527150630951,3.6520278453826904,-1.3677119016647339,1.2190790176391602,jazz,jazz.00063.wav
0.3797096610069275,0.21197514235973358,1575.4538722228804,2069.892648862584,3341.013130684017,0.0558798586251935,-69.50921630859375,125.97757720947266,-5.173288822174072,30.769235610961914,8.304396629333496,5.081252574920654,-3.9214041233062744,5.376409530639648,-10.77468490600586,9.0344877243042,-8.263984680175781,4.789585590362549,-5.124162673950195,2.210664987564087,-4.779984951019287,0.623031735420227,0.03162740543484688,1.231575846672058,4.030920028686523,5.085666179656982,jazz,jazz.00064.wav
0.2476927638053894,0.08226341754198074,1338.2362329096018,1518.9947756333888,2755.6916700428114,0.076529393624226,-235.67884826660156,144.7676544189453,-22.60069465637207,62.56096267700195,-9.326272964477539,2.0168683528900146,-0.34364965558052063,2.016510486602783,5.560453414916992,0.304360032081604,9.439982414245605,2.8927059173583984,2.562641143798828,8.452763557434082,-2.3104288578033447,2.567539691925049,-0.07064002007246017,-1.6368355751037598,3.2509474754333496,-1.3214441537857056,jazz,jazz.00065.wav
0.258983314037323,0.17267225682735443,1579.0127661124945,1853.5460037865291,2967.2070577048667,0.08824663191756967,-117.88760375976562,122.55040740966797,-13.149182319641113,26.755905151367188,4.313921928405762,6.8667311668396,-6.814441204071045,-0.3392208218574524,-8.199784278869629,-5.0079026222229,-4.4950151443481445,0.12167717516422272,-4.651889801025391,2.8487958908081055,-4.971282958984375,5.54979944229126,-1.2209272384643555,3.5765633583068848,-0.3430140018463135,0.49348416924476624,jazz,jazz.00066.wav
0.23668989539146423,0.1380442976951599,1354.0919077083556,1566.788757468745,2830.5412174378384,0.054945623911571206,-177.27713012695312,144.32156372070312,-17.26592445373535,55.68605041503906,-21.241899490356445,0.3528042435646057,-1.5769509077072144,-10.402746200561523,-5.176471710205078,-0.5141814351081848,-8.736716270446777,3.868864059448242,-7.953765392303467,-3.011258125305176,-2.7447690963745117,-2.610157012939453,-2.227632761001587,-1.9513524770736694,-0.02402026206254959,0.7622669339179993,jazz,jazz.00067.wav
0.2852766811847687,0.09952345490455627,1382.7307308073396,1642.9065020667172,2832.566205193015,0.061230544335332815,-204.39251708984375,138.57968139648438,-10.791186332702637,46.55238342285156,-22.306913375854492,9.6929349899292,-11.094840049743652,-17.79884910583496,-7.586270809173584,-1.6000778675079346,-7.650327205657959,-1.0194096565246582,-9.977278709411621,-6.662602424621582,-3.857915163040161,-5.062098026275635,-2.034916639328003,-0.2698917090892792,-3.1960153579711914,-2.448681354522705,jazz,jazz.00068.wav
0.2538834512233734,0.11175289005041122,2009.8139341354786,2227.04987536481,3910.6930192410023,0.08743219995646284,-159.27059936523438,92.04842376708984,-16.751850128173828,27.393674850463867,6.104191303253174,3.2399652004241943,7.175963401794434,4.030702114105225,3.5977046489715576,3.5440964698791504,-0.5867413282394409,-3.723672866821289,-4.721015930175781,-2.589859962463379,-3.304094076156616,-3.5473341941833496,-0.8847745060920715,-2.310453414916992,-0.9463079571723938,-5.453006744384766,jazz,jazz.00069.wav
0.27664104104042053,0.0864347517490387,1117.5098786077247,1545.4654904671056,1957.1131656044408,0.05003635654508514,-237.90087890625,155.81622314453125,-9.225844383239746,13.198112487792969,6.609401226043701,8.891291618347168,3.9802095890045166,0.24934208393096924,1.7425676584243774,3.353834867477417,1.1899073123931885,3.630347967147827,1.1625511646270752,4.792174339294434,3.4717695713043213,2.058462381362915,6.528011798858643,5.656087398529053,1.8122178316116333,-0.24609309434890747,jazz,jazz.00070.wav
0.2772473692893982,0.10031753778457642,971.5475880069571,1301.6522166682134,1795.922473635836,0.04257495041602167,-228.39198303222656,170.4026336669922,-16.07386016845703,43.9647102355957,1.1009045839309692,3.9967989921569824,1.078135371208191,-7.204605579376221,-12.514962196350098,-4.418732643127441,-6.069606304168701,-1.3367635011672974,-3.151841402053833,-6.473728179931641,-3.300241231918335,2.1554031372070312,-2.3049683570861816,-7.36489200592041,-5.195211887359619,-2.8603553771972656,jazz,jazz.00071.wav
0.2502208650112152,0.11051283031702042,1336.3698511878918,1554.5046777257078,2751.675027664232,0.05873471664570434,-202.82192993164062,145.73983764648438,-23.56831169128418,47.84978103637695,-14.344827651977539,1.6427218914031982,-7.065168857574463,-11.130012512207031,-4.5997395515441895,-3.60737943649292,-3.788098096847534,2.0468263626098633,0.8436289429664612,-2.0191519260406494,-1.0314072370529175,-1.4507907629013062,0.7810760736465454,-0.39524218440055847,-2.3347764015197754,-2.012575149536133,jazz,jazz.00072.wav
0.33237409591674805,0.13311214745044708,2968.60250464515,2922.5207113909246,6416.76119872291,0.1297546953608746,-84.05435180664062,63.061363220214844,5.639188289642334,24.92485237121582,6.211669921875,-2.9040579795837402,-0.36405932903289795,-1.075700283050537,-4.2446465492248535,-2.330305337905884,1.568095326423645,1.935512900352478,1.5438600778579712,-4.464496612548828,-5.3008646965026855,-2.994089365005493,-2.8913955688476562,-3.320340394973755,0.3284531533718109,-3.974175214767456,jazz,jazz.00073.wav
0.2949535548686981,0.11269501596689224,2414.857050479083,2552.5429673290614,5135.260614448288,0.09557311822755418,-149.19680786132812,79.08609771728516,2.0091488361358643,27.60702896118164,0.3150664269924164,1.7276527881622314,-3.613091468811035,-0.1650068163871765,-5.035670757293701,1.2518123388290405,1.1462150812149048,-0.6187953948974609,1.8201314210891724,-2.0573413372039795,-5.999063968658447,-4.919181823730469,-3.960103750228882,-3.567408800125122,-0.8571691513061523,-2.1819911003112793,jazz,jazz.00074.wav
0.29375892877578735,0.14682163298130035,2902.8282153333053,2855.1189518850565,6198.312519652187,0.12654912139609134,-78.22419738769531,63.218509674072266,-1.6562832593917847,21.022592544555664,4.470186233520508,-3.589820384979248,-1.5619467496871948,-3.069638967514038,-6.078289985656738,-1.9560667276382446,1.7820154428482056,-1.215653419494629,0.9424571990966797,-2.5629067420959473,-7.769262313842773,-5.93373966217041,-3.016512393951416,-2.4619600772857666,-1.0239957571029663,-5.111241817474365,jazz,jazz.00075.wav
0.30312129855155945,0.11916613578796387,1733.583196998827,2068.043895852972,3379.546231012964,0.06871462606424149,-154.29287719726562,110.68495178222656,-22.29971694946289,21.146955490112305,4.267234802246094,4.7490644454956055,-4.092324733734131,-1.0206660032272339,-6.412800312042236,-9.245782852172852,-3.631049871444702,-5.503034591674805,0.5368919968605042,-0.5116375088691711,-4.807277202606201,-11.209558486938477,-3.9384493827819824,-1.4645185470581055,-4.413699150085449,-10.600423812866211,jazz,jazz.00076.wav
0.3074990212917328,0.14569664001464844,2777.976524524572,2691.2404901834752,5813.648178998162,0.13090245863970587,-77.08967590332031,64.5277099609375,-2.848515033721924,28.531280517578125,4.6849045753479,-2.814512252807617,-5.947362899780273,1.8981451988220215,-5.205105304718018,-2.3232338428497314,-2.9395368099212646,-6.148102283477783,-0.7635444402694702,-4.482499599456787,-4.159945964813232,2.1245150566101074,0.8419235944747925,-2.6640372276306152,-3.321876287460327,-8.301835060119629,jazz,jazz.00077.wav
0.26615044474601746,0.11916367709636688,2503.139918026569,2598.4802162770143,5155.093827852893,0.09583048628579721,-141.49684143066406,70.9045181274414,-0.5232311487197876,33.57304763793945,1.4106365442276,-9.186745643615723,0.7554330825805664,0.5403755903244019,-9.192056655883789,-2.5710372924804688,4.080312252044678,-2.2184269428253174,-0.69174724817276,-0.8222648501396179,-6.483457565307617,-5.997157096862793,-4.243969440460205,-3.242741584777832,-4.072897911071777,-6.560947418212891,jazz,jazz.00078.wav
0.3382834494113922,0.06984885782003403,2634.319273980018,2728.5025076868055,5562.633030185759,0.1078761428502322,-163.5394744873047,65.97193908691406,5.3612895011901855,41.89719772338867,7.025766372680664,5.501438617706299,8.930416107177734,2.678452253341675,-0.18257850408554077,5.155423164367676,10.491717338562012,3.329864501953125,3.8408944606781006,2.550647735595703,5.697305679321289,-1.0907347202301025,-1.7849189043045044,-5.199059963226318,-5.654559135437012,-9.766989707946777,jazz,jazz.00079.wav
0.37039029598236084,0.07573380321264267,3029.035019092715,2828.8683421725436,6201.412500907024,0.14035780584849072,-117.24632263183594,56.99422073364258,-2.1099278926849365,35.61606216430664,4.713421821594238,3.890101909637451,11.592063903808594,6.078704357147217,0.5825713872909546,2.2747371196746826,2.699638605117798,-1.8503127098083496,1.6808271408081055,0.3939450979232788,2.0524463653564453,-1.1958259344100952,-1.0664490461349487,-6.282374858856201,-5.391153335571289,-4.870292663574219,jazz,jazz.00080.wav
0.4418608844280243,0.04321588575839996,3027.140362803872,3302.676301855675,7278.83931918779,0.10014829842298761,-228.3715362548828,67.53677368164062,37.07984161376953,21.325258255004883,17.05842399597168,10.142422676086426,10.77646255493164,8.010918617248535,2.042186737060547,0.29713860154151917,2.4991304874420166,3.84714412689209,1.5821794271469116,2.8322548866271973,0.0437757633626461,-0.19756224751472473,2.315734386444092,3.2987053394317627,4.046379089355469,-0.1898743212223053,jazz,jazz.00081.wav
0.40154165029525757,0.047840312123298645,3906.2972143441307,3328.954589433915,8037.609731006917,0.20684871142124614,-158.2061004638672,49.6024169921875,21.594701766967773,16.51655387878418,11.422574996948242,6.259136199951172,5.633523941040039,-0.19963425397872925,-0.2426658570766449,-1.996820092201233,2.0229389667510986,2.6891398429870605,-1.456520438194275,-1.805965781211853,-1.8253203630447388,-3.306349515914917,-1.5225008726119995,-1.187813401222229,-2.9898033142089844,-1.8677341938018799,jazz,jazz.00082.wav
0.4290939271450043,0.07428820431232452,3393.857478271707,3147.780755442214,7235.039584038796,0.14970204261803405,-126.01213073730469,56.60823059082031,23.495506286621094,23.70012855529785,-0.30365490913391113,7.15137243270874,0.16874293982982635,-0.8434281945228577,-4.156272888183594,-1.8949322700500488,2.5230917930603027,0.5281127095222473,0.9266526699066162,0.04256569221615791,2.9119653701782227,0.1204046979546547,1.3131229877471924,0.37778201699256897,-6.133195400238037,-4.9485554695129395,jazz,jazz.00083.wav
0.39294958114624023,0.05163733661174774,2874.7793906046186,2802.5978547939376,6138.46288155476,0.11833828669214397,-178.09237670898438,61.942623138427734,1.4681732654571533,36.045936584472656,7.5810136795043945,5.1538920402526855,-0.9176270961761475,2.9412882328033447,1.4490772485733032,2.1342267990112305,5.170273303985596,2.0257973670959473,0.5106884241104126,6.52825403213501,2.6033716201782227,4.854947090148926,7.931034564971924,4.527472496032715,-1.606056809425354,3.7312235832214355,jazz,jazz.00084.wav
0.32550376653671265,0.07136116921901703,2861.0669041187775,2566.5628642485667,5606.249433110004,0.1475769609858746,-131.9313507080078,61.59086990356445,-12.65458869934082,35.085182189941406,-2.1272988319396973,-0.9491928815841675,-4.837913990020752,-4.1055216789245605,-3.2856128215789795,2.496220827102661,6.411373138427734,3.4233508110046387,-2.8839263916015625,3.229511022567749,-1.342186450958252,0.8659593462944031,3.6739003658294678,0.6368783116340637,-0.3614960312843323,6.330890655517578,jazz,jazz.00085.wav
0.3374258875846863,0.05240892618894577,4136.053468579488,3220.9346750305085,8258.125064247533,0.2617017433001161,-156.6122589111328,22.763254165649414,10.495277404785156,24.156204223632812,10.143046379089355,2.96964693069458,2.4915146827697754,0.4837198257446289,2.691013813018799,1.2310426235198975,3.3316617012023926,-7.819789409637451,1.1087778806686401,1.8791414499282837,2.331146478652954,0.7210454344749451,2.9955825805664062,1.0147957801818848,7.610909461975098,-2.0537126064300537,jazz,jazz.00086.wav
0.3419145941734314,0.04579199105501175,1845.8761145516376,2730.8698084088583,4330.4238145196405,0.04282929506095201,-341.01800537109375,89.85990905761719,44.51198196411133,28.827592849731445,16.31782341003418,10.590868949890137,7.000736236572266,0.8200664520263672,6.097487926483154,7.125773906707764,5.411661148071289,2.7358579635620117,9.361677169799805,5.570950984954834,3.7773475646972656,3.1608662605285645,0.28721141815185547,-1.3718239068984985,-1.5763365030288696,-1.9849610328674316,jazz,jazz.00087.wav
0.2910603880882263,0.0915384590625763,2428.6412687077973,3007.4099703213597,5927.730822489358,0.06904795738196594,-192.5078125,80.95126342773438,25.70166778564453,18.534099578857422,14.171379089355469,1.2654691934585571,4.092947483062744,-1.4168410301208496,2.6607606410980225,5.235185146331787,3.7162201404571533,0.2937416136264801,7.339452266693115,0.8875505924224854,-1.2227071523666382,-1.3455075025558472,1.1447128057479858,2.6570992469787598,3.2115800380706787,-3.002535820007324,jazz,jazz.00088.wav
0.28040650486946106,0.0450291782617569,1787.936479244805,2485.6819876272198,3905.668049626306,0.06275774598490712,-322.4992370605469,90.6509780883789,27.027183532714844,37.85674285888672,19.709014892578125,4.609318733215332,3.070612668991089,7.970810413360596,1.9372371435165405,2.087836503982544,0.4474656879901886,4.8929595947265625,13.060921669006348,0.41256183385849,-0.721464216709137,4.703701019287109,1.23122239112854,-3.7453620433807373,1.6888138055801392,0.39244717359542847,jazz,jazz.00089.wav
0.26999950408935547,0.06136312708258629,1875.229063578226,2569.5109758059184,4292.8490417291505,0.054154245476973686,-217.62901306152344,105.62872314453125,19.31536102294922,28.35325050354004,8.654834747314453,0.143652081489563,6.365767478942871,-2.539705276489258,-12.996928215026855,-11.14958381652832,-6.15288782119751,-7.734214782714844,0.42279666662216187,-1.2611349821090698,1.7099493741989136,-2.3023440837860107,-3.811483860015869,-3.6843862533569336,0.576856791973114,0.5731451511383057,jazz,jazz.00090.wav
0.2309633046388626,0.04091750085353851,2958.8527443760186,2832.9030171788304,6065.3466570119,0.15142274271962075,-299.40533447265625,60.77720642089844,32.098514556884766,25.695833206176758,7.463468074798584,-1.2953768968582153,1.862271785736084,5.261619567871094,-5.529666900634766,-3.103562831878662,3.6464571952819824,-2.297407388687134,0.8934428095817566,3.3417820930480957,7.273844242095947,5.934365272521973,-8.263964653015137,-0.46254199743270874,1.9967840909957886,-7.015195846557617,jazz,jazz.00091.wav
0.27042797207832336,0.05349314957857132,2213.669961452585,2794.540855397363,5023.3196246734715,0.0753657574255031,-294.19384765625,84.6645736694336,39.07788848876953,28.63520622253418,14.131192207336426,1.0344222784042358,7.353453636169434,5.217075824737549,-3.739166021347046,-5.041574001312256,2.2247612476348877,-0.5665929317474365,4.21807336807251,0.12858444452285767,0.8307334780693054,-2.1461122035980225,-4.497451305389404,-1.0901144742965698,7.227000713348389,-0.24393677711486816,jazz,jazz.00092.wav
0.26958322525024414,0.04529404267668724,2151.985122584835,2775.0279988687803,5013.611350044746,0.08170320965557276,-215.39735412597656,100.96080780029297,17.098628997802734,12.978259086608887,16.062911987304688,4.764205455780029,4.565047264099121,-3.133694648742676,-4.154082775115967,-2.2966673374176025,-4.928966522216797,-3.3494503498077393,-1.425552248954773,-5.0277628898620605,-0.6690235137939453,1.3476639986038208,1.995613932609558,-0.25326046347618103,0.9609002470970154,-2.129333734512329,jazz,jazz.00093.wav
0.2374034821987152,0.03977746143937111,1077.1722769200633,1539.203321501309,2111.4788988426376,0.04151184270994582,-366.4404602050781,131.69850158691406,16.512924194335938,36.320045471191406,5.060640811920166,14.675127983093262,-6.1637282371521,4.714259624481201,-9.586799621582031,-1.29036545753479,-2.694134473800659,1.5798401832580566,-2.2748076915740967,-0.18491913378238678,-3.26064395904541,-4.681197166442871,-3.571376085281372,-3.969041347503662,-1.8218518495559692,-0.9156634211540222,jazz,jazz.00094.wav
0.31128111481666565,0.06815897673368454,1855.2856495889075,2215.888359124398,4284.540758634868,0.06339606412054953,-219.76429748535156,100.79802703857422,-1.4563250541687012,41.285438537597656,-0.9485454559326172,23.379390716552734,-11.51408576965332,20.027902603149414,-15.970274925231934,13.943597793579102,-7.989846706390381,5.738360404968262,-6.868226051330566,6.212485313415527,-5.809604644775391,0.9544679522514343,-5.164731502532959,3.051116704940796,2.080820083618164,0.9545139074325562,jazz,jazz.00095.wav
0.2986591160297394,0.04436849430203438,1874.628040189689,2084.021021580001,4011.0507457248937,0.07777050478908669,-277.235595703125,95.75202941894531,-2.979494094848633,43.91986846923828,1.9414104223251343,22.249988555908203,-6.140646457672119,22.460952758789062,-12.840874671936035,10.7803955078125,-7.533228874206543,3.5953238010406494,-5.075059413909912,6.7639288902282715,3.636490821838379,6.720913410186768,1.7745736837387085,-2.1269125938415527,-5.385534286499023,-5.336740493774414,jazz,jazz.00096.wav
0.2240448147058487,0.02118764817714691,1176.0043625534947,1752.937087914347,2343.769160881869,0.03991094536087461,-413.5791015625,118.27574920654297,31.103309631347656,40.16521453857422,13.103846549987793,13.944952964782715,-3.719221591949463,4.7483720779418945,-9.891252517700195,-3.0627760887145996,-6.2822113037109375,-3.6105387210845947,-5.26369047164917,1.1222535371780396,2.8341734409332275,6.594534397125244,7.951369762420654,5.062707901000977,1.6020723581314087,-4.3780694007873535,jazz,jazz.00097.wav
0.32790279388427734,0.06013178080320358,1884.9439012894368,2230.243951822194,4355.8153276473,0.05812512093653251,-223.03062438964844,102.89911651611328,-1.6697349548339844,45.1994743347168,-6.745974540710449,25.354921340942383,-14.36687183380127,24.24671745300293,-10.414377212524414,11.14624309539795,-9.151456832885742,6.625129222869873,-7.828697204589844,9.370097160339355,-3.4302799701690674,2.673875093460083,-6.21060037612915,0.8636525869369507,-3.3903110027313232,-0.38150376081466675,jazz,jazz.00098.wav
0.29589709639549255,0.03925933688879013,1492.5645306761603,2014.1643643596335,3376.7962476417374,0.04620040090460526,-315.01422119140625,112.7276611328125,9.740748405456543,38.98918151855469,3.9426109790802,20.019872665405273,-7.2231926918029785,15.273512840270996,-13.677780151367188,10.151816368103027,-4.884433269500732,4.7019944190979,-2.6995627880096436,3.8284919261932373,0.8413554430007935,3.3496346473693848,-2.1094281673431396,-1.2456767559051514,1.7837284803390503,-2.2265732288360596,jazz,jazz.00099.wav
0.4877787232398987,0.11609075963497162,3274.344587423776,2722.3036471895907,6407.269589450706,0.18307976973684212,-52.93138122558594,50.087284088134766,-11.485749244689941,46.35173797607422,6.5509257316589355,10.124287605285645,5.479244232177734,8.854687690734863,5.942207336425781,6.622522354125977,-4.047175407409668,9.770575523376465,-3.1184918880462646,3.6578528881073,-6.509732246398926,1.08675217628479,-4.483927249908447,4.728172779083252,-2.7538902759552,0.5066719055175781,metal,metal.00000.wav
0.4769335687160492,0.09726957231760025,2922.908394647605,2620.8528873384016,6036.988495156492,0.15290156975619196,-80.14727783203125,64.84362030029297,-15.46560001373291,46.83931350708008,7.911020278930664,21.762014389038086,-2.1760787963867188,21.9866886138916,-7.712627410888672,11.144745826721191,-4.287084579467773,11.44251823425293,-10.365104675292969,11.727380752563477,-7.095705986022949,5.9311370849609375,-9.025644302368164,5.505945682525635,-6.201169013977051,3.125262975692749,metal,metal.00001.wav
0.43250423669815063,0.13275112211704254,2198.5048742476088,2005.8773078800057,4446.356446824207,0.12839302559017027,-62.21818923950195,115.20072174072266,-42.81502914428711,54.31106185913086,-24.883960723876953,20.13311004638672,-21.63913345336914,20.847036361694336,-8.398699760437012,20.328601837158203,-10.73180103302002,9.669686317443848,-14.547391891479492,6.932939052581787,-7.48136043548584,5.973085403442383,-3.4757649898529053,6.574291229248047,-6.577369213104248,2.9633865356445312,metal,metal.00002.wav
0.4876697063446045,0.15017862617969513,2751.926423435394,2205.63826949569,5234.401681622485,0.16671025420859134,-43.06468200683594,75.3976058959961,-47.840972900390625,53.02373504638672,-12.33786678314209,36.87316131591797,-8.2877197265625,28.404539108276367,-14.53133773803711,22.106435775756836,-7.355746269226074,15.975350379943848,-13.140836715698242,12.263160705566406,-10.449836730957031,5.939398765563965,-6.68314266204834,5.279664039611816,-2.3317930698394775,3.5936801433563232,metal,metal.00003.wav
0.6346607208251953,0.06345061212778091,3403.0755097954175,2825.0930369608777,6902.816592945772,0.19242362857972137,-107.12958526611328,47.660186767578125,-8.620708465576172,38.39892578125,8.458257675170898,9.544549942016602,1.017512321472168,20.7490291595459,0.7148489356040955,11.783106803894043,1.1646875143051147,11.063399314880371,-2.5293989181518555,7.581267833709717,-4.199112415313721,7.076489448547363,-6.620516300201416,4.5466389656066895,-4.2624664306640625,4.289620399475098,metal,metal.00004.wav
0.42260268330574036,0.12169550359249115,2464.596757533147,2204.478598691696,4951.653391362713,0.13437825016931115,-79.627685546875,93.47288513183594,-27.749143600463867,64.06912994384766,-18.807098388671875,23.320396423339844,-10.540275573730469,13.356393814086914,-17.537811279296875,16.388519287109375,-10.054388046264648,8.941801071166992,-16.081073760986328,4.287135124206543,-14.799311637878418,0.2646285593509674,-8.214849472045898,3.4206583499908447,-3.7143940925598145,-2.436985731124878,metal,metal.00005.wav
0.43396317958831787,0.050441399216651917,3237.576392654718,2573.2144093958636,6229.395665029992,0.1981254081607972,-140.77830505371094,55.92315673828125,-12.291191101074219,44.319007873535156,-10.60477066040039,10.867444038391113,-0.9533347487449646,22.24396514892578,-9.37897777557373,15.246444702148438,-3.0641422271728516,9.07236099243164,-8.798300743103027,8.746224403381348,-12.113970756530762,5.550326824188232,-12.493189811706543,6.350466728210449,-3.8611655235290527,4.725794315338135,metal,metal.00006.wav
0.5813671350479126,0.06947104632854462,2939.529800244255,2522.7270587232188,5806.8482201165825,0.16837313153057276,-108.09747314453125,65.77732849121094,-20.841005325317383,47.559593200683594,0.8536283373832703,8.99120807647705,-3.2142603397369385,20.978044509887695,-10.349270820617676,7.8764495849609375,-8.126470565795898,12.045557022094727,-9.15512752532959,7.009258270263672,-8.752737998962402,5.785951614379883,-12.369430541992188,3.441416025161743,-7.37852668762207,4.871621131896973,metal,metal.00007.wav
0.46657755970954895,0.05838334932923317,2964.5694774912263,2758.3968686086223,6187.337586016109,0.14055924076044893,-149.9843292236328,67.90699768066406,-6.688848495483398,32.08448791503906,6.079798698425293,12.23563003540039,9.134744644165039,10.182916641235352,3.771106719970703,10.596400260925293,0.7727521657943726,7.71568489074707,-1.1583731174468994,-3.3025763034820557,-7.533148765563965,0.4175112247467041,-4.005858898162842,1.260881781578064,1.4787946939468384,5.482004642486572,metal,metal.00008.wav
0.5270196199417114,0.3127274513244629,2250.8905487248117,2390.116465478657,5112.4440857500485,0.09467932166698917,3.642235040664673,104.75209045410156,-0.8226447105407715,55.941104888916016,-29.22248649597168,31.255441665649414,-14.195286750793457,20.20258903503418,-8.280900955200195,15.18163776397705,-14.58730697631836,15.663605690002441,-12.99042797088623,15.283535957336426,-6.928597450256348,9.860407829284668,-6.502114772796631,4.90169620513916,-0.7759710550308228,6.457592010498047,metal,metal.00009.wav
0.5418776869773865,0.11810389906167984,3048.5052057998873,2358.8824139471512,5662.490759693063,0.19654038373161764,-58.720359802246094,70.55818176269531,-19.421354293823242,73.59315490722656,-27.765424728393555,23.759441375732422,-17.9041690826416,21.222898483276367,-16.949420928955078,16.136871337890625,-15.223485946655273,14.87415599822998,-18.705825805664062,11.308095932006836,-14.63760757446289,4.311709403991699,-12.718778610229492,1.1689207553863525,-8.019436836242676,0.9198096394538879,metal,metal.00010.wav
0.5108508467674255,0.2306375354528427,2699.980049142347,2240.17995020246,5157.935477336494,0.17150160845588236,8.792969703674316,82.82320404052734,-30.564281463623047,66.71607971191406,-16.359281539916992,16.568220138549805,-10.763800621032715,29.540407180786133,-25.08977699279785,16.821931838989258,-11.392602920532227,12.785900115966797,-13.347066879272461,9.802605628967285,-14.256787300109863,9.601154327392578,-8.031881332397461,5.187307357788086,-2.950700283050537,4.404458522796631,metal,metal.00011.wav
0.6049745678901672,0.11428379267454147,2803.3032043751823,2183.2462667935056,5262.743176912007,0.17691276243227555,-64.10792541503906,74.52598571777344,-45.96800231933594,65.85509490966797,-14.676302909851074,23.84915542602539,-13.777111053466797,37.762298583984375,-10.5878324508667,21.390439987182617,-9.345857620239258,17.91301918029785,-10.791604042053223,11.354604721069336,-11.166747093200684,8.709754943847656,-8.963810920715332,3.2297370433807373,-5.7455220222473145,2.4206762313842773,metal,metal.00012.wav
0.6362047791481018,0.08629317581653595,3047.8529556987282,2303.5609515672522,5735.965315402476,0.20360421101006193,-84.90263366699219,64.63973999023438,-36.32612991333008,65.39541625976562,-13.867815971374512,22.872535705566406,-15.565662384033203,36.293033599853516,-13.677165985107422,21.25946617126465,-9.251360893249512,19.171607971191406,-10.60749340057373,12.314615249633789,-9.792945861816406,10.552153587341309,-9.910698890686035,5.051336765289307,-5.342369079589844,3.801618814468384,metal,metal.00013.wav
0.552592396736145,0.07755839079618454,2877.399022234635,2101.1766118449304,5198.36856617647,0.18530764742163314,-117.9197006225586,65.44175720214844,-51.43996047973633,74.10701751708984,-13.760527610778809,25.75345802307129,-13.13806438446045,32.225914001464844,-10.345248222351074,21.71337127685547,-7.802454471588135,12.349828720092773,-14.452733039855957,5.787717819213867,-13.264057159423828,4.567938327789307,-11.399252891540527,-0.6668630242347717,-4.57332706451416,-0.2159217894077301,metal,metal.00014.wav
0.4849301874637604,0.11093488335609436,2986.823467315232,2458.9986179482075,5818.289817597475,0.16926541638448142,-76.78498840332031,68.00348663330078,-11.247029304504395,76.36323547363281,-17.476348876953125,25.336973190307617,-17.900314331054688,20.368680953979492,-21.420490264892578,14.217724800109863,-15.76894474029541,12.524235725402832,-18.50743293762207,10.831446647644043,-13.703333854675293,4.864304065704346,-11.980359077453613,1.6491082906723022,-7.64530086517334,2.2255213260650635,metal,metal.00015.wav
0.5020533800125122,0.2696990966796875,2743.3971145568185,2140.557521316081,5129.2856505780765,0.17962174076044893,26.69307518005371,79.79640197753906,-52.05575180053711,51.320682525634766,-16.361846923828125,22.011913299560547,-17.46108055114746,30.92519187927246,-15.979047775268555,16.12738609313965,-12.196157455444336,11.30388355255127,-12.446610450744629,5.20654296875,-7.687123775482178,10.177716255187988,-9.72083854675293,-1.6887614727020264,-7.599414348602295,-3.929781913757324,metal,metal.00016.wav
0.580923855304718,0.11375342309474945,2656.165733706926,2337.227556587653,5325.867795206076,0.15877568389609134,-75.51750946044922,81.91142272949219,-22.081079483032227,69.87699890136719,-11.740438461303711,25.740245819091797,-18.518964767456055,27.0277099609375,-14.085997581481934,22.134109497070312,-12.107687950134277,14.95165729522705,-13.525077819824219,5.81548547744751,-10.154532432556152,6.781166076660156,-10.48783016204834,4.37252950668335,-5.466020584106445,2.9706361293792725,metal,metal.00017.wav
0.555522084236145,0.11838973313570023,2291.2788294344687,1583.4318016750549,3884.9098418150156,0.1803178816756966,-76.3720703125,123.29144287109375,-89.89614868164062,76.445556640625,-21.269107818603516,22.295799255371094,-13.65000057220459,14.647890090942383,-6.320443153381348,9.922285079956055,-3.922687530517578,5.398592472076416,-2.488511562347412,5.038360118865967,-2.984164237976074,5.112243175506592,-4.37988805770874,-1.2858985662460327,3.0850467681884766,0.17664611339569092,metal,metal.00018.wav
0.555185079574585,0.1008545383810997,2699.597527581128,2324.236570543931,5385.400768551664,0.16150658197078174,-89.329833984375,82.3569107055664,-23.258312225341797,68.10751342773438,-13.086759567260742,22.45479965209961,-18.52653694152832,26.232650756835938,-14.358576774597168,21.504411697387695,-13.878503799438477,12.481538772583008,-14.122218132019043,3.7533559799194336,-10.118067741394043,5.401124477386475,-11.116164207458496,2.6867973804473877,-5.688729763031006,3.0959978103637695,metal,metal.00019.wav
0.49589502811431885,0.11727560311555862,2658.2188462959766,2345.8279592545605,5358.7425964166505,0.152409131312887,-75.018310546875,81.17256927490234,-20.199926376342773,68.30472564697266,-11.342597961425781,23.670305252075195,-19.834022521972656,24.183435440063477,-13.177371978759766,22.286407470703125,-11.556872367858887,13.553210258483887,-15.058012962341309,3.302359104156494,-10.513961791992188,5.075372219085693,-10.686497688293457,3.865929365158081,-4.944836139678955,3.259939432144165,metal,metal.00020.wav
0.5254718065261841,0.10844625532627106,3046.7299311449274,2324.3903702115454,5735.348652464687,0.19161335381191952,-76.2828598022461,61.76295852661133,-37.11274719238281,62.44001388549805,-14.831242561340332,34.567806243896484,-11.487005233764648,30.963096618652344,-12.27812385559082,22.313232421875,-7.511116981506348,17.84716033935547,-11.126255989074707,10.237994194030762,-10.79403018951416,5.159157752990723,-7.724808216094971,2.5857319831848145,-3.091277837753296,2.6671667098999023,metal,metal.00021.wav
0.3698008060455322,0.19878226518630981,2218.499205435564,2226.12293771312,4779.587765153347,0.10698310214299536,-45.84393310546875,108.01372528076172,-11.740544319152832,66.3277587890625,-30.207605361938477,9.236700057983398,-25.772972106933594,21.877349853515625,-17.929054260253906,10.275842666625977,-14.119917869567871,18.74677085876465,-14.238831520080566,-2.2378859519958496,-5.778148174285889,-5.864989280700684,-2.5429694652557373,1.4795749187469482,-5.616363048553467,-2.8201231956481934,metal,metal.00022.wav
0.5272756814956665,0.19530221819877625,2576.107537052409,2237.1069520691894,5058.119414243904,0.13178756288699692,-43.71674346923828,82.74608612060547,-29.634931564331055,70.4197006225586,-21.6125545501709,31.16525650024414,2.0789449214935303,28.88348960876465,-2.683551788330078,19.901939392089844,-6.940589904785156,19.136198043823242,-7.372360706329346,7.891116142272949,-13.86393928527832,4.059309005737305,-6.876037120819092,-1.7961832284927368,1.4668608903884888,4.53969144821167,metal,metal.00023.wav
0.47880807518959045,0.23138710856437683,2410.986411509785,2227.7060388833856,4950.420065487132,0.12833369110390866,-16.70627784729004,94.11414337158203,-32.78630065917969,61.49044418334961,-10.10155200958252,34.223567962646484,-11.971186637878418,28.20022201538086,-15.321425437927246,19.325448989868164,-8.278708457946777,17.934833526611328,-7.455648899078369,12.818328857421875,-6.190164566040039,6.381687641143799,-6.894107818603516,4.455629825592041,-4.161802291870117,4.225447177886963,metal,metal.00024.wav
0.4655107855796814,0.10044173151254654,2384.812609828754,2073.302486019001,4585.038941563467,0.12610316793246903,-120.1278076171875,91.28766632080078,-38.794960021972656,75.0037841796875,-3.8060123920440674,22.66649055480957,-8.123723030090332,23.654573440551758,-14.638493537902832,13.365053176879883,-9.405638694763184,13.70650863647461,-9.314507484436035,3.583580732345581,-11.857463836669922,1.0247249603271484,-10.713959693908691,-3.241502046585083,-3.466503620147705,-4.576841831207275,metal,metal.00025.wav
0.48454973101615906,0.1382410228252411,2871.3062606691374,2127.0201151316833,5187.1436340520995,0.19822933799342105,-61.475521087646484,71.7444839477539,-46.28823471069336,75.44222259521484,-18.52456283569336,35.95708465576172,-12.682559967041016,28.374231338500977,-9.363222122192383,14.51096248626709,-4.269454002380371,11.87000846862793,-16.039182662963867,12.117883682250977,-16.081953048706055,2.3608217239379883,-8.121184349060059,-1.4349422454833984,-0.941949725151062,0.8197294473648071,metal,metal.00026.wav
0.47494441270828247,0.165077805519104,2398.412461241184,2218.776789877403,4866.8372375677245,0.12830912587074303,-36.46259307861328,94.79669189453125,-36.610260009765625,55.00199508666992,-8.238859176635742,29.687299728393555,-13.684500694274902,28.724905014038086,-11.995235443115234,19.36692237854004,-15.665719032287598,13.938667297363281,-11.981067657470703,7.540056228637695,-11.918596267700195,5.480809688568115,-9.272308349609375,6.184252738952637,-4.3013176918029785,1.8341253995895386,metal,metal.00027.wav
0.4812479019165039,0.1440742015838623,2789.300841643996,2247.55273231388,5345.842674420714,0.17996187475812694,-28.08998680114746,84.03387451171875,-43.71615982055664,47.99097442626953,-22.455089569091797,19.91740608215332,-25.181150436401367,24.802288055419922,-13.120749473571777,24.66950225830078,-16.41937255859375,17.56419563293457,-15.417398452758789,8.639938354492188,-9.952717781066895,7.071071147918701,-9.484701156616211,8.427124977111816,-3.548901081085205,2.6234772205352783,metal,metal.00028.wav
0.4409225881099701,0.08899232745170593,2955.2644930453703,2478.4332031027843,5928.739149725474,0.16334179385158668,-103.65834045410156,73.83582305908203,-16.12746810913086,53.154727935791016,-25.099674224853516,33.991573333740234,-13.641717910766602,25.99047088623047,-18.906932830810547,18.668743133544922,-12.777742385864258,9.54562759399414,-16.148778915405273,8.769026756286621,-12.545799255371094,5.365654468536377,-8.112324714660645,6.66635274887085,-4.49536657333374,2.9296631813049316,metal,metal.00029.wav
0.4622928500175476,0.23020584881305695,1525.6954691515564,1868.4091444059852,3501.087162738245,0.051203016157120744,-77.45471954345703,130.8889617919922,-23.28746795654297,61.996238708496094,0.9075685739517212,30.53289222717285,-8.758489608764648,19.443262100219727,-2.227692127227783,13.108555793762207,-3.2997827529907227,8.93582534790039,-8.964678764343262,-0.3513033390045166,-6.036297798156738,-0.3981812298297882,-6.789775848388672,-4.395871639251709,0.9761338233947754,3.97910475730896,metal,metal.00030.wav
0.4462239444255829,0.2203839123249054,2566.910608201603,2408.6174998051465,5444.5504108818695,0.12520937137190402,-12.502531051635742,91.33016967773438,-23.0791015625,50.981163024902344,-12.106396675109863,30.916202545166016,-15.001935005187988,23.061729431152344,-14.281172752380371,23.065378189086914,-17.684673309326172,13.161979675292969,-15.200902938842773,3.940260648727417,-9.093106269836426,5.543548583984375,-9.840606689453125,5.627540588378906,-7.040094375610352,1.4170807600021362,metal,metal.00031.wav
0.43656766414642334,0.13647572696208954,2502.5342481859757,2133.931627896007,4761.48787460091,0.14816085768188855,-61.90703582763672,93.03636169433594,-39.967708587646484,56.14796447753906,-19.685197830200195,23.381887435913086,-7.644094467163086,17.719402313232422,-19.306636810302734,17.783296585083008,-13.095866203308105,14.30197811126709,-13.079708099365234,5.447865962982178,-10.79558277130127,3.732999086380005,-10.746842384338379,1.2737481594085693,-4.612356185913086,0.33479154109954834,metal,metal.00032.wav
0.4802137315273285,0.2567307949066162,2029.838779673465,1929.5737681834808,4223.366128549487,0.10000733177728328,-35.73134994506836,115.4668960571289,-40.63166427612305,75.38111114501953,-12.545452117919922,21.83925437927246,1.8210290670394897,15.60556411743164,-0.17317214608192444,10.234973907470703,-11.762731552124023,15.405224800109863,-12.47100830078125,4.6235504150390625,-2.4706270694732666,-1.6684321165084839,-0.33323410153388977,-7.77242374420166,0.9960803985595703,-4.180789470672607,metal,metal.00033.wav
0.4068881869316101,0.09048659354448318,2707.5423665716226,2235.0475160780124,5292.017999891157,0.16091248125483745,-104.68675994873047,87.7356948852539,-33.24212646484375,48.45683288574219,-28.924985885620117,22.513729095458984,-24.994108200073242,20.53480339050293,-12.077210426330566,18.256620407104492,-15.190194129943848,10.294037818908691,-13.897688865661621,10.28689956665039,-4.697042942047119,9.94359302520752,-5.620970726013184,4.791561126708984,-11.678110122680664,2.9583418369293213,metal,metal.00034.wav
0.5016604065895081,0.27074897289276123,2836.947977795833,2339.3457327787883,5615.124379444417,0.1628051379885836,13.472155570983887,78.02857971191406,-32.999122619628906,55.55011749267578,-9.963229179382324,35.41740798950195,-17.641218185424805,29.05707550048828,-11.254932403564453,14.004887580871582,-10.102362632751465,16.5273494720459,-8.494954109191895,5.9217753410339355,-11.878570556640625,6.448641300201416,-11.164233207702637,-0.19770099222660065,-2.1881189346313477,1.3877146244049072,metal,metal.00035.wav
0.5190667510032654,0.11219081282615662,2685.8291745827923,2317.5266104972716,5331.467761343847,0.16050318667763158,-71.27533721923828,82.33836364746094,-30.173229217529297,56.46429443359375,-10.87507152557373,26.822750091552734,-15.808303833007812,25.34827423095703,-15.630502700805664,17.76871109008789,-13.0557279586792,14.628011703491211,-14.275041580200195,9.547383308410645,-10.368047714233398,8.101743698120117,-7.463907241821289,5.43087911605835,-4.402182579040527,3.0511741638183594,metal,metal.00036.wav
0.3958386182785034,0.11197950690984726,2292.510290744662,2149.265803381687,4819.912521315064,0.12365873826915634,-79.07527160644531,106.81675720214844,-38.75978088378906,39.85444641113281,-26.75737762451172,32.46525573730469,-15.021737098693848,29.701921463012695,-11.37106990814209,13.770957946777344,-14.502705574035645,16.169477462768555,-3.0626535415649414,3.5663230419158936,-17.280031204223633,-2.1323604583740234,-12.573260307312012,-1.2415168285369873,-1.201715111732483,9.030017852783203,metal,metal.00037.wav
0.4705982506275177,0.14581423997879028,2690.651414951033,2118.4679544008673,5088.035900009675,0.14832790126741485,-122.2348861694336,62.28791427612305,-34.47575378417969,75.65299987792969,6.277377605438232,22.031089782714844,-10.95864486694336,23.2354793548584,-12.284939765930176,5.612534046173096,-6.983781814575195,5.616976737976074,-14.398442268371582,-0.4762992858886719,-11.284502029418945,2.1349809169769287,-7.712521076202393,-2.723754405975342,0.8729692101478577,-5.3240556716918945,metal,metal.00038.wav
0.37923383712768555,0.15433324873447418,2099.3502081908823,2062.5313354447185,4450.38142248573,0.08829727409055728,-99.77964782714844,102.1220703125,-23.655641555786133,63.082618713378906,-8.785433769226074,30.73992919921875,-9.646097183227539,14.164795875549316,0.3726571500301361,13.223106384277344,-10.096966743469238,9.193242073059082,-4.932151794433594,2.309426784515381,-7.185385227203369,-1.091427206993103,-4.928223609924316,6.327073574066162,-5.05540132522583,-9.303228378295898,metal,metal.00039.wav
0.5092077255249023,0.10460098087787628,2709.5400662447228,2194.487062440739,5081.527606031105,0.16644079249709753,-74.11552429199219,80.12188720703125,-46.98442077636719,51.019859313964844,-9.1384916305542,31.765640258789062,-6.376152038574219,24.855520248413086,-19.142610549926758,20.790122985839844,-11.669212341308594,13.848666191101074,-16.4748592376709,7.7488322257995605,-10.613852500915527,7.497550964355469,-10.351635932922363,4.9836578369140625,-8.210214614868164,1.2308669090270996,metal,metal.00040.wav
0.4568982720375061,0.09756061434745789,2269.195809921602,1928.8258972738681,4186.549684506821,0.13738125544214397,-100.42864990234375,104.687255859375,-57.25813293457031,56.59077453613281,-5.536773681640625,22.83633041381836,-6.167543888092041,23.09093475341797,-19.06918716430664,17.792306900024414,-13.767806053161621,9.958694458007812,-14.84881591796875,0.3448951244354248,-7.325638294219971,6.975785255432129,-12.664746284484863,-0.5581991672515869,-11.753995895385742,-1.5418611764907837,metal,metal.00041.wav
0.4366055727005005,0.09364970773458481,2463.4494582050966,2037.300178784003,4547.580834734182,0.15180860584365324,-93.5913314819336,89.8940200805664,-55.90269470214844,51.637325286865234,-5.558395862579346,28.777814865112305,-13.89287281036377,27.350772857666016,-15.316164016723633,22.82941246032715,-12.410713195800781,9.704985618591309,-19.730852127075195,-0.7791874408721924,-9.100342750549316,12.414119720458984,-5.453556060791016,4.2386250495910645,-10.870193481445312,-2.9501216411590576,metal,metal.00042.wav
0.43851199746131897,0.0904478132724762,2683.329925042629,2126.7478903554274,4972.6949307940695,0.17731298676954335,-110.87448120117188,83.18675994873047,-45.25742721557617,56.5964241027832,-7.492354393005371,19.979755401611328,-13.402860641479492,21.21897315979004,-15.71973991394043,18.087411880493164,-18.127010345458984,12.930389404296875,-17.241710662841797,3.331918716430664,-7.579140663146973,5.867790699005127,-7.949427127838135,6.8205413818359375,-5.672730922698975,1.351562738418579,metal,metal.00043.wav
0.46960169076919556,0.095346599817276,2760.342381683784,2242.7379917564763,5260.1848590484715,0.17124877551760836,-86.27023315429688,76.75910949707031,-42.35627365112305,53.99910354614258,-8.3302583694458,29.407861709594727,-7.908730506896973,26.66146469116211,-14.234940528869629,18.466794967651367,-17.955867767333984,9.869915962219238,-19.038646697998047,6.4772539138793945,-8.355194091796875,4.881690979003906,-11.782923698425293,1.6698999404907227,-10.605783462524414,-3.7786943912506104,metal,metal.00044.wav
0.4301720857620239,0.08803665637969971,2389.4350405557316,2027.283197639479,4448.281435184065,0.1442818184017028,-135.5176239013672,93.37061309814453,-43.314273834228516,59.227752685546875,-8.516593933105469,20.944652557373047,-6.532815933227539,21.88986587524414,-18.970129013061523,17.050317764282227,-15.88487720489502,11.082777976989746,-18.488880157470703,-0.8268369436264038,-5.617230415344238,4.665266513824463,-8.73454475402832,2.1139979362487793,-8.564519882202148,0.21051941812038422,metal,metal.00045.wav
0.48254916071891785,0.21233072876930237,2795.6746741322545,2321.7588424214873,5455.575344215606,0.16373219209558823,0.3734970688819885,79.70632934570312,-30.638967514038086,61.075767517089844,-17.464641571044922,26.69574546813965,-21.25828742980957,22.35318946838379,-13.023765563964844,17.867393493652344,-13.381072998046875,19.257633209228516,-10.976208686828613,10.706493377685547,-9.433652877807617,7.660082817077637,-8.689538955688477,3.1708357334136963,-6.828639030456543,3.878101348876953,metal,metal.00046.wav
0.4310415983200073,0.21744711697101593,2908.260266485554,2286.246871539177,5405.6423128204815,0.17811948227070434,-1.9254101514816284,72.695556640625,-32.789642333984375,63.59203338623047,-18.557952880859375,25.872955322265625,-13.854104995727539,18.06438446044922,-11.945405960083008,19.657590866088867,-13.961472511291504,18.7376651763916,-11.190176010131836,7.953333377838135,-10.283533096313477,5.310403823852539,-9.02578067779541,4.315321445465088,-5.643382549285889,8.725260734558105,metal,metal.00047.wav
0.4770042598247528,0.2244560718536377,2889.2745891447994,2337.500799495277,5485.266831341912,0.17660928732101394,9.61259937286377,76.3458251953125,-31.27543830871582,56.88774490356445,-20.739660263061523,27.254444122314453,-16.64427947998047,19.372135162353516,-13.9225492477417,19.669509887695312,-16.06404685974121,17.490234375,-12.9599609375,11.716283798217773,-11.183551788330078,5.478862762451172,-8.5878324508667,4.103700637817383,-4.4196367263793945,8.82962417602539,metal,metal.00048.wav
0.5244218111038208,0.2175055891275406,2980.160116271462,2297.4092335076393,5461.808639857053,0.19402490385545665,10.011059761047363,74.12017822265625,-32.231590270996094,62.77232360839844,-23.324920654296875,30.028404235839844,-14.876240730285645,20.15312957763672,-12.14114761352539,19.180307388305664,-14.977438926696777,18.800048828125,-12.278636932373047,11.281031608581543,-9.482024192810059,7.924270153045654,-5.609724521636963,4.656140327453613,-5.280219554901123,6.82608699798584,metal,metal.00049.wav
0.5024440288543701,0.24893580377101898,2987.2017926625704,2408.7557346459994,5629.0576285253,0.17751366582817338,16.498144149780273,71.17402648925781,-22.343835830688477,60.27359390258789,-18.556434631347656,27.622684478759766,-12.4092435836792,16.955913543701172,-8.733990669250488,17.861543655395508,-13.475232124328613,18.930727005004883,-11.02466106414795,9.9116849899292,-7.375143527984619,6.735554218292236,-5.955688953399658,3.814929962158203,-6.191192150115967,7.169330596923828,metal,metal.00050.wav
0.5169346928596497,0.22617772221565247,3401.339372945473,2458.6986699147983,6163.937727511851,0.2284702738003096,9.626441955566406,54.66244888305664,-21.02598762512207,60.16081619262695,-21.065937042236328,32.140621185302734,-15.826891899108887,21.457956314086914,-8.718100547790527,19.355714797973633,-12.387802124023438,19.743501663208008,-10.803767204284668,12.307345390319824,-8.376523971557617,8.234569549560547,-7.085052490234375,4.327324867248535,-7.33438777923584,6.029405117034912,metal,metal.00051.wav
0.5338851809501648,0.23981979489326477,2716.8331745213422,2208.6739200618445,5122.777356599507,0.16221897373258515,4.0075812339782715,83.27434539794922,-37.258846282958984,62.33454513549805,-14.855902671813965,23.40530014038086,-10.465683937072754,16.790584564208984,-7.9484052658081055,16.296947479248047,-11.256233215332031,13.319225311279297,-7.81800651550293,6.423223972320557,-5.477012634277344,4.675414085388184,-5.141711711883545,3.0196292400360107,-2.7726502418518066,3.814351797103882,metal,metal.00052.wav
0.4926023781299591,0.22735066711902618,2906.8537059020937,2374.6262223434837,5519.324958730408,0.17261573626160992,4.940333843231201,75.07083892822266,-24.73708152770996,57.0108528137207,-21.782840728759766,26.048837661743164,-12.566024780273438,17.441984176635742,-10.243249893188477,18.605541229248047,-13.024873733520508,18.95309829711914,-9.702420234680176,11.359748840332031,-7.270559310913086,7.729152679443359,-5.397446632385254,3.4073266983032227,-6.935816764831543,6.544120788574219,metal,metal.00053.wav
0.510177731513977,0.206991046667099,3114.329793935282,2411.5957201103206,5830.064746396091,0.19579171101006193,1.1746386289596558,66.648681640625,-23.702898025512695,60.94436264038086,-18.885223388671875,29.74541664123535,-17.549291610717773,21.030996322631836,-11.191259384155273,18.808361053466797,-13.06593132019043,19.950944900512695,-10.563494682312012,10.513773918151855,-9.336369514465332,8.415617942810059,-6.65799617767334,5.004918575286865,-6.474300861358643,7.611028671264648,metal,metal.00054.wav
0.49903520941734314,0.23245997726917267,3108.6767565401215,2361.285861644137,5699.065538530379,0.19692586892898606,10.467679977416992,63.715049743652344,-28.434465408325195,62.60122299194336,-19.601041793823242,28.823450088500977,-15.230561256408691,19.29732894897461,-10.699569702148438,18.856491088867188,-12.712320327758789,18.030092239379883,-10.830204010009766,12.705910682678223,-6.121331691741943,9.256771087646484,-7.143946170806885,4.640530109405518,-6.5071797370910645,7.859060764312744,metal,metal.00055.wav
0.4634760618209839,0.24290090799331665,3010.8123920844464,2386.8322619411997,5633.407602221604,0.17932884759578174,11.974040031433105,69.42491912841797,-23.26604461669922,60.7076301574707,-20.82064437866211,25.098285675048828,-16.19551658630371,15.557082176208496,-10.503490447998047,18.778438568115234,-13.38760757446289,17.373083114624023,-11.05994701385498,10.266617774963379,-8.716944694519043,8.182579040527344,-4.96077823638916,5.420797824859619,-5.496190547943115,9.081052780151367,metal,metal.00056.wav
0.48765814304351807,0.2071896493434906,2718.481020565502,2270.645535830712,5227.210058442579,0.14377388496517027,-24.911848068237305,77.54363250732422,-30.417301177978516,68.36966705322266,-6.5246429443359375,24.694499969482422,-9.80585765838623,19.51862335205078,-11.461867332458496,18.59208106994629,-14.161356925964355,14.44835376739502,-5.9202141761779785,9.08152961730957,-7.698091983795166,5.832565784454346,-6.617127895355225,2.2925329208374023,-7.498657703399658,5.759309768676758,metal,metal.00057.wav
0.46137362718582153,0.18442486226558685,2459.3807747248898,2221.3829014466087,5024.202952665441,0.1428422957381966,-15.687385559082031,100.0982666015625,-37.590457916259766,45.97100067138672,-20.77373695373535,25.637006759643555,-18.643869400024414,26.51662254333496,-20.163169860839844,21.129619598388672,-13.649134635925293,10.978789329528809,-15.535990715026855,3.6814210414886475,-7.714609622955322,3.9337353706359863,-8.12183952331543,6.954765796661377,-2.054826498031616,3.907961368560791,metal,metal.00058.wav
0.4676862061023712,0.18227964639663696,2442.6700033077755,2102.9788876670614,4728.971404556889,0.14985396913699692,-15.622626304626465,99.1316909790039,-45.62268829345703,55.0214729309082,-18.016517639160156,23.8904972076416,-19.60334014892578,27.334909439086914,-15.099960327148438,18.792261123657227,-16.151487350463867,9.215641021728516,-16.21818733215332,5.4411444664001465,-4.656043529510498,6.278655529022217,-4.701227188110352,7.445223331451416,-5.8759636878967285,-0.694004476070404,metal,metal.00059.wav
0.5405548810958862,0.12572911381721497,2315.8697989887996,2066.663280190379,4616.630417200803,0.13954412974071206,-58.221923828125,105.82452392578125,-43.90766906738281,58.44156265258789,-18.440866470336914,27.96586036682129,-17.969337463378906,21.048118591308594,-15.550261497497559,13.395051002502441,-15.685903549194336,9.36444091796875,-15.32344913482666,1.532315731048584,-5.974994659423828,2.0517449378967285,-6.815100193023682,4.210941314697266,-3.407655954360962,1.7647106647491455,metal,metal.00060.wav
0.5092077255249023,0.10460098087787628,2709.5400662447228,2194.487062440739,5081.527606031105,0.16644079249709753,-74.11552429199219,80.12188720703125,-46.98442077636719,51.019859313964844,-9.1384916305542,31.765640258789062,-6.376152038574219,24.855520248413086,-19.142610549926758,20.790122985839844,-11.669212341308594,13.848666191101074,-16.4748592376709,7.7488322257995605,-10.613852500915527,7.497550964355469,-10.351635932922363,4.9836578369140625,-8.210214614868164,1.2308669090270996,metal,metal.00061.wav
0.4568982720375061,0.09756061434745789,2269.195809921602,1928.8258972738681,4186.549684506821,0.13738125544214397,-100.42864990234375,104.687255859375,-57.25813293457031,56.59077453613281,-5.536773681640625,22.83633041381836,-6.167543888092041,23.09093475341797,-19.06918716430664,17.792306900024414,-13.767806053161621,9.958694458007812,-14.84881591796875,0.3448951244354248,-7.325638294219971,6.975785255432129,-12.664746284484863,-0.5581991672515869,-11.753995895385742,-1.5418611764907837,metal,metal.00062.wav
0.4366055727005005,0.09364970773458481,2463.4494582050966,2037.300178784003,4547.580834734182,0.15180860584365324,-93.5913314819336,89.8940200805664,-55.90269470214844,51.637325286865234,-5.558395862579346,28.777814865112305,-13.89287281036377,27.350772857666016,-15.316164016723633,22.82941246032715,-12.410713195800781,9.704985618591309,-19.730852127075195,-0.7791874408721924,-9.100342750549316,12.414119720458984,-5.453556060791016,4.2386250495910645,-10.870193481445312,-2.9501216411590576,metal,metal.00063.wav
0.43851199746131897,0.0904478132724762,2683.329925042629,2126.7478903554274,4972.6949307940695,0.17731298676954335,-110.87448120117188,83.18675994873047,-45.25742721557617,56.5964241027832,-7.492354393005371,19.979755401611328,-13.402860641479492,21.21897315979004,-15.71973991394043,18.087411880493164,-18.127010345458984,12.930389404296875,-17.241710662841797,3.331918716430664,-7.579140663146973,5.867790699005127,-7.949427127838135,6.8205413818359375,-5.672730922698975,1.351562738418579,metal,metal.00064.wav
0.46960169076919556,0.095346599817276,2760.342381683784,2242.7379917564763,5260.1848590484715,0.17124877551760836,-86.27023315429688,76.75910949707031,-42.35627365112305,53.99910354614258,-8.3302583694458,29.407861709594727,-7.908730506896973,26.66146469116211,-14.234940528869629,18.466794967651367,-17.955867767333984,9.869915962219238,-19.038646697998047,6.4772539138793945,-8.355194091796875,4.881690979003906,-11.782923698425293,1.6698999404907227,-10.605783462524414,-3.7786943912506104,metal,metal.00065.wav
0.4301720857620239,0.08803665637969971,2389.4350405557316,2027.283197639479,4448.281435184065,0.1442818184017028,-135.5176239013672,93.37061309814453,-43.314273834228516,59.227752685546875,-8.516593933105469,20.944652557373047,-6.532815933227539,21.88986587524414,-18.970129013061523,17.050317764282227,-15.88487720489502,11.082777976989746,-18.488880157470703,-0.8268369436264038,-5.617230415344238,4.665266513824463,-8.73454475402832,2.1139979362487793,-8.564519882202148,0.21051941812038422,metal,metal.00066.wav
0.4691471755504608,0.13624882698059082,2254.451747982022,2070.908728642475,4381.173507643189,0.12015875943304953,-82.50125885009766,97.3441162109375,-34.37358474731445,71.40592193603516,-3.283182382583618,17.367372512817383,-9.023832321166992,16.011180877685547,-19.003856658935547,12.078761100769043,-9.568191528320312,13.949616432189941,-14.460562705993652,7.954933166503906,-7.123618125915527,5.177264213562012,-7.204544544219971,0.6676064729690552,-4.838899612426758,-2.1070077419281006,metal,metal.00067.wav
0.4630775451660156,0.09832204878330231,2302.7150351085147,2069.410699884745,4598.97219064435,0.13075015419407895,-99.92597198486328,106.37654876708984,-40.69356918334961,52.71699142456055,-20.75264549255371,25.278520584106445,-11.83483600616455,22.090795516967773,-12.473095893859863,13.77430248260498,-14.384913444519043,15.974963188171387,-11.7249755859375,5.771152019500732,-9.1574068069458,3.6455304622650146,-8.888175964355469,2.382878303527832,-3.68794584274292,0.15610039234161377,metal,metal.00068.wav
0.4540756642818451,0.17355334758758545,1741.2304486143773,2098.6378220486495,4110.21681274792,0.05379181380611455,-111.63196563720703,111.15151977539062,-10.673633575439453,69.675048828125,-4.912428379058838,29.834531784057617,-10.388691902160645,21.257766723632812,-6.639108657836914,20.084321975708008,-7.234053134918213,16.228864669799805,-10.118009567260742,5.317102909088135,-3.5098681449890137,1.3618948459625244,-4.704603672027588,5.637869358062744,1.5145244598388672,1.8745895624160767,metal,metal.00069.wav
0.4146484434604645,0.04885876551270485,2742.97005055359,2450.8153919409297,5626.015980251064,0.14287668706462847,-197.24264526367188,74.13582611083984,-10.73293399810791,54.719276428222656,-7.598918437957764,18.415987014770508,-18.87796974182129,11.60135269165039,-14.567999839782715,18.417076110839844,-16.479150772094727,12.56982707977295,-10.47082233428955,12.35538101196289,-6.258788585662842,10.495670318603516,-7.059467315673828,3.7297091484069824,-3.235438108444214,0.6581138968467712,metal,metal.00070.wav
0.4798264503479004,0.11531482636928558,2808.0046134374647,2407.491842048223,5674.13235596459,0.15380519241002322,-78.64667510986328,80.88037872314453,-24.58921241760254,47.0252799987793,-23.75067901611328,27.423234939575195,-17.42961883544922,22.271526336669922,-13.534701347351074,21.574050903320312,-11.100493431091309,15.586864471435547,-9.705411911010742,10.519355773925781,-8.843405723571777,6.2142014503479,-4.767706871032715,4.531236171722412,-3.428898334503174,3.1645641326904297,metal,metal.00071.wav
0.4452381432056427,0.19427227973937988,2340.03096955969,2151.991170036022,4708.263196443257,0.11682733588912539,-35.211856842041016,93.95565795898438,-35.18496322631836,62.78997039794922,-11.732125282287598,26.993427276611328,-10.765925407409668,24.075376510620117,-13.050642013549805,13.600350379943848,-12.42331600189209,13.567938804626465,-12.2533597946167,5.9238691329956055,-11.990138053894043,3.3103525638580322,-11.968026161193848,-1.3697471618652344,-2.404491662979126,-2.626803159713745,metal,metal.00072.wav
0.42996472120285034,0.29335370659828186,2642.032925778633,2461.1191861458697,5566.866337920859,0.12134280367163312,2.765820026397705,77.06904602050781,-17.56217384338379,57.96926498413086,0.7340002655982971,28.834630966186523,-7.862348556518555,27.621089935302734,-13.553444862365723,17.290193557739258,-7.578150749206543,13.043516159057617,-8.747499465942383,6.266200542449951,-8.751729965209961,5.634681701660156,-10.762565612792969,1.731536626815796,-7.044318675994873,-1.6029268503189087,metal,metal.00073.wav
0.483519583940506,0.04084273427724838,2723.644292308425,2399.629391000356,5495.000105819466,0.13497272881191952,-201.17037963867188,76.82514953613281,-14.830625534057617,68.75314331054688,-12.952949523925781,36.95549011230469,-10.982540130615234,23.68573570251465,-12.256572723388672,16.67241859436035,-11.068587303161621,15.556434631347656,-11.184572219848633,10.567687034606934,-3.8928818702697754,7.0718302726745605,-9.825485229492188,2.655147075653076,-9.000149726867676,-2.2275776863098145,metal,metal.00074.wav
0.44833269715309143,0.24473604559898376,2068.6843930292544,2199.3695655238575,4439.356489151993,0.08889326443982198,-40.462825775146484,105.28376770019531,-14.121418952941895,54.854095458984375,-1.1847330331802368,20.078170776367188,-11.686579704284668,22.17769432067871,-10.237689018249512,14.195451736450195,-6.912578105926514,13.34514045715332,-9.254658699035645,6.935655117034912,-4.394073963165283,7.803830146789551,-7.623222827911377,0.6606220602989197,-3.964674472808838,-0.0010193627094849944,metal,metal.00075.wav
0.49588969349861145,0.09692568331956863,2792.6902805308296,2250.7753981057467,5321.717820300406,0.16254058932372292,-100.87203979492188,76.13174438476562,-29.54094886779785,69.70768737792969,-17.33968734741211,21.392005920410156,-12.921216011047363,22.00493812561035,-9.841376304626465,18.42426109313965,-12.037166595458984,8.981180191040039,-20.8742618560791,-2.6910977363586426,-9.629924774169922,2.9316749572753906,-7.503587245941162,0.5312700271606445,-4.969364166259766,-3.18510365486145,metal,metal.00076.wav
0.44094371795654297,0.14909757673740387,2741.086952229798,2302.147296184746,5409.3672902960525,0.15998467129450464,-42.029930114746094,86.99800109863281,-27.519882202148438,62.607791900634766,-27.020549774169922,32.348594665527344,-18.955394744873047,22.13898277282715,-14.33113956451416,19.516881942749023,-10.9707670211792,16.759538650512695,-12.395560264587402,10.520513534545898,-6.721216201782227,6.517083168029785,-9.209882736206055,6.571162223815918,-5.786405563354492,1.3288354873657227,metal,metal.00077.wav
0.5335913896560669,0.2694525420665741,2815.480455068502,2548.1294283251427,5898.380999963719,0.13186541577979877,-1.6504898071289062,73.40672302246094,-15.897675514221191,55.80284881591797,-1.921775221824646,34.024566650390625,-8.336319923400879,32.76787567138672,-9.721336364746094,20.836997985839844,-9.04139518737793,13.956027030944824,-9.598966598510742,4.9651408195495605,-6.625369071960449,6.481496810913086,-6.449592113494873,2.2325193881988525,-3.009212017059326,1.989917516708374,metal,metal.00078.wav
0.4725174605846405,0.12730838358402252,2710.046718960873,2264.040229064905,5322.6094815753195,0.14390615929760062,-74.93043518066406,79.14186096191406,-40.91248321533203,54.720619201660156,-9.683361053466797,37.261474609375,-14.976004600524902,20.9373722076416,-17.431297302246094,16.582231521606445,-11.095816612243652,15.470193862915039,-11.143388748168945,10.473645210266113,-6.382821559906006,5.54788875579834,-7.290110111236572,2.9126553535461426,-0.5690330862998962,-2.834362030029297,metal,metal.00079.wav
0.4970938563346863,0.13986295461654663,2848.182022368144,2497.656043493818,5930.589138538845,0.14412119956946595,-73.53079223632812,74.63623809814453,-16.441614151000977,55.65842056274414,-7.735835075378418,36.544734954833984,-18.30474853515625,27.83493995666504,-11.930488586425781,20.06295394897461,-11.35605239868164,14.714357376098633,-7.291874408721924,9.606172561645508,-6.75244665145874,7.892545700073242,-3.5827741622924805,2.6660890579223633,-5.102822303771973,3.0479607582092285,metal,metal.00080.wav
0.5176470279693604,0.1903994381427765,2138.240246747415,1970.6705014339861,4201.149596223152,0.12199056997387771,-19.13578224182129,118.84263610839844,-52.17037582397461,42.71204376220703,-21.577301025390625,27.6951847076416,-14.619277000427246,27.023914337158203,-17.13873863220215,18.976408004760742,-10.77082633972168,9.391385078430176,-4.6610589027404785,1.0903962850570679,-5.044095516204834,4.053997993469238,-6.419680118560791,1.9957600831985474,-5.504405975341797,0.45868533849716187,metal,metal.00081.wav
0.5132023096084595,0.1315898895263672,2378.3920475708815,2092.439556858862,4748.562952756143,0.1413173616486068,-57.683387756347656,101.43231964111328,-41.48524475097656,55.13059997558594,-23.349279403686523,28.151098251342773,-12.139104843139648,18.150203704833984,-15.429839134216309,11.888646125793457,-10.803694725036621,9.394469261169434,-12.284427642822266,4.809484004974365,-12.406641960144043,5.426150321960449,-8.844724655151367,0.05928110331296921,-3.1784744262695312,-3.361844062805176,metal,metal.00082.wav
0.4572301506996155,0.20863252878189087,2340.756058449333,2140.301219248905,4715.921483467976,0.1229134668875774,-29.364521026611328,101.90518951416016,-29.13861083984375,69.73786163330078,-16.19940948486328,19.44755744934082,-18.34846305847168,19.07645606994629,-18.298919677734375,15.284217834472656,-8.2564697265625,2.497313976287842,-14.802310943603516,4.613595962524414,-12.252426147460938,5.274203300476074,-10.689711570739746,6.4197163581848145,-6.411851406097412,-7.012049674987793,metal,metal.00083.wav
0.4804001450538635,0.2297840416431427,2522.6734734695337,2276.0092934078225,5089.835889125387,0.13858495186726005,0.29729411005973816,94.16095733642578,-32.389198303222656,45.457828521728516,-15.206418991088867,25.88822364807129,-12.407600402832031,19.62569236755371,-6.809361934661865,17.237934112548828,-12.9938325881958,13.681172370910645,-8.694562911987305,6.838665962219238,-8.357131958007812,4.982168674468994,-4.341176509857178,4.789307594299316,-4.181029796600342,2.548668146133423,metal,metal.00084.wav
0.44104909896850586,0.1519096940755844,2647.051996452653,2256.5629950023,5304.93458845298,0.15778135884287925,-46.61735153198242,86.81587219238281,-34.77482986450195,49.901302337646484,-18.186410903930664,28.723974227905273,-23.486286163330078,15.659388542175293,-8.936177253723145,10.59855842590332,-18.183574676513672,12.444950103759766,-13.554953575134277,4.671209812164307,-11.670171737670898,5.325438022613525,-13.545012474060059,1.3799647092819214,-4.724109649658203,-3.1248199939727783,metal,metal.00085.wav
0.4342162609100342,0.0882878378033638,2629.0107378061284,2248.236150073976,5189.310287617309,0.15904401182759287,-96.30450439453125,90.98214721679688,-32.244606018066406,54.340145111083984,-23.049861907958984,27.70753288269043,-16.949060440063477,21.061527252197266,-18.193655014038086,22.60833740234375,-9.001288414001465,14.27405834197998,-11.000205993652344,10.093279838562012,-11.180352210998535,5.786025524139404,-9.896402359008789,4.3992180824279785,-6.978398323059082,1.2410430908203125,metal,metal.00086.wav
0.5167891383171082,0.26716455817222595,3338.669549044171,2697.0449706569257,6670.7596628289475,0.18681330725135448,22.81381607055664,60.819091796875,-6.410773754119873,53.192283630371094,-13.250526428222656,27.924463272094727,-14.31942367553711,29.694120407104492,-17.342933654785156,20.313676834106445,-9.746160507202148,17.13395881652832,-8.265369415283203,8.699249267578125,-10.18781852722168,8.03524398803711,-8.118927001953125,4.918069839477539,-2.4821693897247314,3.2020516395568848,metal,metal.00087.wav
0.4216420650482178,0.13326412439346313,1988.109763779383,1986.9871058028693,4148.1665832708495,0.09242007606907894,-129.7239227294922,104.04530334472656,-26.97124481201172,68.26852416992188,2.4256184101104736,22.604602813720703,-12.102456092834473,17.05898666381836,-5.673137187957764,13.6705904006958,-2.8124678134918213,5.3755269050598145,-3.0072360038757324,2.979386568069458,-5.830591201782227,3.9462995529174805,-5.997954368591309,-1.9706921577453613,2.3825228214263916,-3.856475591659546,metal,metal.00088.wav
0.45595163106918335,0.26598837971687317,1443.9436096106108,1726.935516744757,3286.646792763158,0.046570013182082044,-90.70469665527344,128.0314483642578,-34.76201629638672,73.75540924072266,4.335819244384766,28.097118377685547,-0.5283839702606201,17.35628890991211,4.389689922332764,12.314993858337402,2.270378828048706,5.679951190948486,-6.7684245109558105,-0.47747519612312317,-0.2847348153591156,5.875542163848877,-3.954836368560791,-1.2923450469970703,3.5097076892852783,-1.2530524730682373,metal,metal.00089.wav
0.4268674850463867,0.14660067856311798,2141.760929048819,2217.392132662726,4682.913349730312,0.08467824835526316,-93.48880004882812,100.64778137207031,-23.369590759277344,52.49628829956055,-7.74951171875,39.587459564208984,-7.775391578674316,26.730106353759766,-12.477862358093262,11.733406066894531,-10.556070327758789,23.026805877685547,-9.961859703063965,4.154842376708984,-12.798698425292969,1.7885050773620605,-2.017068862915039,1.9329510927200317,-9.061236381530762,-7.053524971008301,metal,metal.00090.wav
0.3801835775375366,0.11596696078777313,2323.780312899506,2263.9213905015763,5018.994650825996,0.12008733129353716,-96.65605926513672,101.724853515625,-16.843751907348633,47.31169509887695,-27.082908630371094,28.275732040405273,-17.2005558013916,21.652477264404297,-17.890527725219727,7.018766403198242,-14.618828773498535,15.222269058227539,-16.005714416503906,3.4892616271972656,-13.510424613952637,0.34644556045532227,-9.604606628417969,2.957612991333008,-7.067704677581787,-3.128978729248047,metal,metal.00091.wav
0.34193187952041626,0.1662825644016266,2090.4594584373685,2065.2601325757073,4393.290101042473,0.09332936762287151,-67.8962631225586,108.9341049194336,-33.84925842285156,50.50245666503906,-21.373014450073242,21.50031852722168,-14.890105247497559,11.634114265441895,-19.267108917236328,10.540526390075684,-13.92236042022705,5.562826156616211,-14.43623161315918,1.9926130771636963,-14.666115760803223,-3.027456283569336,-13.955389976501465,-2.079977512359619,-9.063074111938477,-7.546156406402588,metal,metal.00092.wav
0.4443258047103882,0.09202425181865692,2644.8797461791337,2268.0800473393033,5176.952029012674,0.14164653577302633,-104.97825622558594,80.70867156982422,-28.53383445739746,66.80076599121094,-20.70402717590332,29.119020462036133,-9.355721473693848,22.35357666015625,-12.043807983398438,13.592498779296875,-14.734193801879883,11.049199104309082,-15.269818305969238,5.305158615112305,-14.498409271240234,4.748712062835693,-11.454514503479004,-0.1182704046368599,-6.502527713775635,-2.6735780239105225,metal,metal.00093.wav
0.4068881869316101,0.09048659354448318,2707.5423665716226,2235.0475160780124,5292.017999891157,0.16091248125483745,-104.68675994873047,87.7356948852539,-33.24212646484375,48.45683288574219,-28.924985885620117,22.513729095458984,-24.994108200073242,20.53480339050293,-12.077210426330566,18.256620407104492,-15.190194129943848,10.294037818908691,-13.897688865661621,10.28689956665039,-4.697042942047119,9.94359302520752,-5.620970726013184,4.791561126708984,-11.678110122680664,2.9583418369293213,metal,metal.00094.wav
0.5292280316352844,0.18551446497440338,2445.203639101959,2330.736927615811,5191.393608353086,0.12103592722039473,-35.348392486572266,94.13723754882812,-24.249738693237305,43.305694580078125,-16.374916076660156,29.515817642211914,-5.852855205535889,28.46188735961914,-13.956538200378418,13.7386474609375,-9.201020240783691,15.596586227416992,-8.491607666015625,11.409294128417969,-6.1395063400268555,9.319452285766602,-6.61479377746582,3.5066885948181152,-3.2864222526550293,3.667304039001465,metal,metal.00095.wav
0.5185317397117615,0.1881980299949646,2493.9383740127623,2286.39257382821,5105.485794492551,0.12823996529121517,-51.58415222167969,86.15931701660156,-20.28268051147461,59.051578521728516,-10.889932632446289,27.533498764038086,-11.254170417785645,23.941713333129883,-11.557459831237793,13.293803215026855,-9.016419410705566,13.90733528137207,-10.74036693572998,8.38607120513916,-7.090927600860596,8.215173721313477,-6.175487041473389,3.8028130531311035,-1.911283254623413,0.8906285166740417,metal,metal.00096.wav
0.49188628792762756,0.1860797107219696,1983.2971581753839,2112.1199113500784,4241.324353291892,0.08620620585816563,-82.15792083740234,98.2918472290039,-16.52199935913086,68.44801330566406,1.4452632665634155,29.869274139404297,-5.275089263916016,24.399490356445312,-10.475003242492676,14.404364585876465,-7.892159938812256,10.02022933959961,-8.503235816955566,6.668704986572266,-6.297928810119629,4.435781002044678,-7.250671863555908,2.326681613922119,4.2457356452941895,1.103367805480957,metal,metal.00097.wav
0.5105758905410767,0.13900022208690643,2241.4549321413824,2115.725579999044,4490.681178798616,0.11576498403637771,-95.33910369873047,92.06636047363281,-28.061176300048828,52.79628372192383,-3.018975019454956,25.395771026611328,-6.135991096496582,20.098093032836914,-10.22387409210205,12.411140441894531,-8.27039623260498,11.69328784942627,-9.26838493347168,2.8058440685272217,-4.433478832244873,5.498816967010498,-6.28054141998291,3.83031964302063,-0.4240160882472992,4.660675525665283,metal,metal.00098.wav
0.5163208842277527,0.17009800672531128,2375.5535392574902,2231.7505281706153,4898.312047243857,0.1080065275493421,-66.66678619384766,88.3671646118164,-27.544342041015625,53.177696228027344,-9.20226001739502,27.95931625366211,-8.114094734191895,26.286819458007812,-8.2391357421875,12.685690879821777,-7.1309590339660645,13.688372611999512,-8.364937782287598,7.967362403869629,-6.297574520111084,8.121078491210938,-4.975645065307617,6.161322593688965,0.36444416642189026,2.6937670707702637,metal,metal.00099.wav
0.3897145092487335,0.18582646548748016,3422.09468148469,3409.811125578918,7953.293574188516,0.12676680715460525,-94.53428649902344,55.664608001708984,29.260526657104492,27.047908782958984,20.063941955566406,1.1709084510803223,12.9537992477417,-0.7993096113204956,8.872953414916992,-0.676195502281189,-5.338356971740723,2.220707416534424,-4.614716053009033,-0.9826608896255493,-1.4855210781097412,3.1320600509643555,2.511770009994507,4.095825672149658,9.172982215881348,4.736745357513428,pop,pop.00000.wav
0.41275858879089355,0.2621861398220062,3702.928030369771,3431.802175141902,8073.092849778686,0.14947642039957432,-59.20097732543945,45.28543472290039,36.858238220214844,15.686738014221191,15.643389701843262,1.6743940114974976,7.2945380210876465,8.814742088317871,5.8260087966918945,7.992021083831787,-2.2828500270843506,1.8962290287017822,-0.9197741746902466,0.03975760191679001,0.09380673617124557,-0.8249687552452087,5.583770751953125,3.828219175338745,5.586190700531006,4.933341979980469,pop,pop.00001.wav
0.41789016127586365,0.21516600251197815,3213.5168358111127,3269.5960671771636,7423.94677507619,0.11886851780185759,-59.60712432861328,62.98234176635742,31.122060775756836,16.928890228271484,8.904488563537598,10.81533432006836,10.561758995056152,5.165958404541016,5.408297538757324,6.159944534301758,2.2780191898345947,4.254537582397461,4.125680446624756,5.727717876434326,5.061071395874023,5.671051979064941,1.4182493686676025,2.8187901973724365,-1.4061421155929565,-3.3785641193389893,pop,pop.00002.wav
0.41005274653434753,0.12935476005077362,1837.191501891123,2067.0125708404385,3671.0694682118324,0.08535171367066563,-125.90678405761719,126.61827850341797,-23.186908721923828,36.22425079345703,20.962921142578125,-1.1735233068466187,16.486766815185547,-3.6612226963043213,6.520490646362305,9.33726978302002,-6.409656047821045,3.8801941871643066,-7.941657066345215,2.048692226409912,-2.3359534740448,-1.4812029600143433,4.753123760223389,-3.5139243602752686,4.886850357055664,-3.199080467224121,pop,pop.00003.wav
0.3843885064125061,0.2111654430627823,2753.2217697518786,2861.4105412456793,5986.188802335285,0.12376304602844428,-20.901945114135742,83.24166870117188,5.04695987701416,16.37078857421875,9.402539253234863,-0.5629182457923889,4.051513195037842,6.209601879119873,9.122196197509766,5.865447044372559,-3.5055267810821533,-0.6387332677841187,-3.172269582748413,1.5466725826263428,-0.9175539612770081,-2.959960460662842,-1.330204725265503,-0.8693878054618835,0.6923022270202637,-1.7670422792434692,pop,pop.00004.wav
0.32325658202171326,0.13953836262226105,2290.0859207010612,2435.9183882963516,4748.004622798955,0.10678053345104489,-113.61810302734375,90.01456451416016,-5.541343688964844,25.595474243164062,2.6011500358581543,3.1922523975372314,1.1311811208724976,6.143718719482422,2.789379596710205,-1.8761606216430664,-7.119990825653076,-3.4417924880981445,-5.911004543304443,-4.350749492645264,-4.9464616775512695,-4.380102634429932,-3.3122668266296387,-5.4329094886779785,-0.5704751014709473,-2.1802384853363037,pop,pop.00005.wav
0.37462320923805237,0.09395813196897507,2125.4079876587084,2673.9246329139587,4979.028225830834,0.06769535785119969,-169.15084838867188,94.64078521728516,24.504722595214844,27.41386604309082,11.641731262207031,14.895840644836426,4.234471797943115,12.369024276733398,10.702795028686523,5.126412868499756,-0.34236663579940796,1.2547647953033447,-4.157588481903076,-3.1358938217163086,0.29853343963623047,-3.5512030124664307,-2.817248821258545,-5.76090145111084,-5.208212852478027,-0.09840220957994461,pop,pop.00006.wav
0.2515885829925537,0.08428382128477097,1968.4064522146039,2326.80098776959,4127.166710254209,0.08234492913119196,-224.45635986328125,107.30908966064453,-1.5683283805847168,13.870830535888672,8.12395191192627,-9.378747940063477,8.120474815368652,9.29403305053711,9.099868774414062,6.025224208831787,-6.6545023918151855,2.0728163719177246,6.202076435089111,8.332798957824707,7.578469753265381,2.0672483444213867,4.5554518699646,1.221805453300476,-1.6407909393310547,-3.716320753097534,pop,pop.00007.wav
0.4038112163543701,0.19541193544864655,2885.3303652171926,3009.780057474386,6430.294450222524,0.1213038772252322,-52.448246002197266,74.02206420898438,12.697417259216309,24.50034523010254,21.107900619506836,1.9049278497695923,6.7965569496154785,4.719959259033203,8.40647029876709,8.24699592590332,-2.2676541805267334,-1.2025365829467773,-2.677809715270996,0.261335164308548,-1.0678633451461792,-0.8462423086166382,-1.257346510887146,-2.3307621479034424,3.8170018196105957,0.30459076166152954,pop,pop.00008.wav
0.4548354744911194,0.15964585542678833,3279.967331808209,3026.3931113810377,6953.21628818571,0.17281943873355263,-35.29734802246094,61.24724197387695,14.059666633605957,28.661287307739258,4.329987525939941,-1.3499213457107544,-0.7904129028320312,5.122540473937988,5.352399826049805,1.2215204238891602,-7.257073402404785,-0.5168179273605347,0.21715883910655975,-1.2905802726745605,-0.10900883376598358,-1.2562847137451172,-2.535810947418213,0.5710996985435486,1.574944257736206,-1.719333291053772,pop,pop.00009.wav
0.37797877192497253,0.1839800775051117,1901.4116456876454,2421.1106771081168,4192.274649888738,0.06621728666795666,-111.13056182861328,103.09619140625,10.9099702835083,34.34892654418945,22.343650817871094,17.86838150024414,6.8071393966674805,6.333683013916016,5.488653182983398,0.618813693523407,0.3394002616405487,3.825078248977661,2.0442042350769043,-5.5212602615356445,1.2078166007995605,0.39954301714897156,0.33297696709632874,1.6744766235351562,-4.054276466369629,-6.405829906463623,pop,pop.00010.wav
0.2256295531988144,0.0557723268866539,2200.799680588226,2579.825496215232,4627.663683817483,0.08712532350522446,-240.68592834472656,97.10967254638672,0.4066188633441925,-0.2689549922943115,-10.47899341583252,-15.741311073303223,1.3906446695327759,-17.873804092407227,-9.089089393615723,-8.767288208007812,-14.260693550109863,-5.50178337097168,-8.36895751953125,-9.316448211669922,-3.1734797954559326,1.753185510635376,1.5742666721343994,5.622141361236572,4.966923713684082,3.7379045486450195,pop,pop.00011.wav
0.3858869969844818,0.16416127979755402,2679.2839905691167,2661.8102808791496,5533.6998718072755,0.12593423471362228,-50.853858947753906,80.22756958007812,-9.293903350830078,20.294153213500977,12.10611343383789,6.784271240234375,6.279613494873047,3.4291558265686035,-3.9568374156951904,2.5745725631713867,-5.706396102905273,0.48411139845848083,-0.5719529986381531,-0.5842751860618591,-3.3943569660186768,-6.792630195617676,-5.52635383605957,-1.6323349475860596,-1.605623722076416,-1.5018033981323242,pop,pop.00012.wav
0.35619187355041504,0.173065185546875,2150.085229874043,2917.6059092800347,5224.360075676035,0.05165917364067337,-161.6541290283203,85.56669616699219,53.27549362182617,32.21720886230469,27.1954402923584,11.300174713134766,7.896171569824219,8.764694213867188,1.2665907144546509,13.211441040039062,0.0675891637802124,4.826746463775635,3.1036131381988525,2.3464162349700928,3.6764767169952393,-2.8747072219848633,-2.614323139190674,-3.1520004272460938,-1.1912891864776611,-1.4712896347045898,pop,pop.00013.wav
0.4260218143463135,0.07802101969718933,1997.9771683248648,2291.3767266632785,4139.38330304881,0.0880610699255031,-135.3231201171875,107.81954193115234,-13.443976402282715,19.020700454711914,8.79883098602295,12.496943473815918,1.0323983430862427,11.318427085876465,2.543212413787842,1.2272974252700806,-6.39171028137207,5.854485988616943,2.88142991065979,1.021510124206543,-1.775194525718689,-0.5023207068443298,-1.075958490371704,-0.16349218785762787,-0.89657062292099,-2.138352632522583,pop,pop.00014.wav
0.3867236375808716,0.1961825042963028,3207.220332891123,3125.8917931551077,7019.807552184114,0.14158379994678794,-45.75362014770508,65.2761459350586,12.941987037658691,14.516027450561523,7.018110275268555,4.408518314361572,6.614441394805908,3.29875111579895,7.736769676208496,4.059378147125244,3.6551008224487305,2.6030385494232178,4.055315017700195,2.39744234085083,1.785437822341919,-2.375516653060913,-1.3446786403656006,-2.870405435562134,-0.8429200649261475,-2.597478151321411,pop,pop.00015.wav
0.38877132534980774,0.14658914506435394,3490.329748964607,3205.8190593470636,7499.387985560178,0.15341592794601394,-97.0082015991211,51.78600311279297,18.738693237304688,20.48166275024414,5.610452651977539,3.5735023021698,5.572288990020752,0.7373949885368347,7.336126327514648,1.6588529348373413,-2.7012627124786377,-0.44397425651550293,-1.0818588733673096,-3.454360008239746,-2.4807753562927246,-3.3093783855438232,-2.2329962253570557,-2.6434991359710693,-2.740489959716797,0.31153416633605957,pop,pop.00016.wav
0.4352955222129822,0.14308856427669525,2789.1243751604316,2795.4017589510063,6112.05470790804,0.12622977336493807,-53.12335968017578,78.31343841552734,2.2469546794891357,18.838302612304688,3.864591121673584,2.51427960395813,-3.7991859912872314,6.814704895019531,-0.8102047443389893,8.754905700683594,-4.800525188446045,-2.1519947052001953,1.2861205339431763,-1.7439154386520386,-1.9404189586639404,-1.5876646041870117,2.6303961277008057,2.4295570850372314,4.024240970611572,3.9174656867980957,pop,pop.00017.wav
0.410010427236557,0.20742075145244598,3433.92215467519,3405.627632829895,7932.5853660748835,0.12773467734133126,-48.95814514160156,62.637794494628906,34.225830078125,12.313788414001465,16.560747146606445,8.622407913208008,8.767117500305176,5.245012283325195,6.7942399978637695,9.059274673461914,-4.085325241088867,-0.7463065385818481,-0.3756467401981354,-0.4725792407989502,0.6466342210769653,1.705061674118042,1.3546006679534912,1.9141526222229004,3.8434877395629883,1.6038546562194824,pop,pop.00018.wav
0.37669721245765686,0.21087110042572021,3130.9812160844167,2944.782384135563,6552.402045187935,0.15605347813467493,-25.156341552734375,70.81892395019531,2.9392478466033936,7.554466247558594,1.4596192836761475,2.8461227416992188,1.9075498580932617,-6.825979709625244,0.29145100712776184,-1.9537078142166138,-6.651635646820068,-0.24398104846477509,-0.7550277709960938,-4.249934196472168,-2.440793752670288,-5.681471347808838,-1.5769208669662476,0.6693617701530457,1.6911362409591675,0.7881384491920471,pop,pop.00019.wav
0.4123198688030243,0.24811077117919922,3487.4996203779583,3132.2284173757953,7444.24665232561,0.17974985789957432,13.536641120910645,58.196353912353516,-2.2051022052764893,5.008135795593262,8.070770263671875,-0.479264497756958,4.105179309844971,2.258924722671509,4.293473720550537,3.586092472076416,-0.5052727460861206,2.421469211578369,1.8804908990859985,2.1731512546539307,1.939626932144165,-0.17357274889945984,-0.6167384386062622,0.7545497417449951,0.735609233379364,2.0239272117614746,pop,pop.00020.wav
0.50439453125,0.19348683953285217,3502.139027387522,3026.937586569852,7199.581465115857,0.1870177655766254,-23.23011016845703,53.81916427612305,-0.6900111436843872,14.726740837097168,4.871845722198486,6.730589866638184,4.845880031585693,4.945091247558594,4.26452112197876,3.1102583408355713,2.549565076828003,2.987947463989258,4.636329650878906,2.848132848739624,2.1776063442230225,1.0669052600860596,-0.4715663194656372,0.38901880383491516,-1.171729326248169,0.5477561950683594,pop,pop.00021.wav
0.3869217038154602,0.19612179696559906,3206.199866093883,3126.2162445699487,7019.440887734617,0.14153920460042568,-45.717811584472656,65.28741455078125,12.934513092041016,14.516592025756836,7.038323879241943,4.395020961761475,6.6337785720825195,3.3018980026245117,7.729785442352295,4.070034980773926,3.668118476867676,2.6062710285186768,4.049001216888428,2.3892908096313477,1.7840553522109985,-2.3934216499328613,-1.3437684774398804,-2.873575210571289,-0.8461024165153503,-2.5911920070648193,pop,pop.00022.wav
0.3934256434440613,0.21067363023757935,3759.8089732129138,3293.7281764334216,7855.135834401606,0.17767428466041021,-44.28742599487305,51.32791519165039,24.99048614501953,12.160305976867676,10.87307357788086,7.612086772918701,8.211469650268555,-0.773329496383667,5.946743965148926,4.761636257171631,-2.508432626724243,1.3215402364730835,-1.946599006652832,-0.44633591175079346,0.23645822703838348,-2.0033762454986572,-1.9639544486999512,-1.0339816808700562,0.5159018039703369,-0.38595902919769287,pop,pop.00023.wav
0.41098088026046753,0.20751021802425385,3301.8647028211412,3175.6669505910377,7302.64750855626,0.14452671488003097,-40.83016586303711,61.52112579345703,9.867294311523438,10.096549987792969,8.454962730407715,5.366854190826416,8.3766508102417,3.5050008296966553,8.251043319702148,5.880058288574219,-0.1042388379573822,-0.5703607797622681,0.5514452457427979,-1.9820307493209839,1.9155516624450684,0.07612808048725128,-1.2709840536117554,1.2328516244888306,1.4938199520111084,0.9502185583114624,pop,pop.00024.wav
0.33036473393440247,0.1896257996559143,2928.6503834649243,3201.0195484910073,6817.467109042424,0.10574085719814241,-106.8328628540039,81.01405334472656,47.822872161865234,13.640558242797852,13.000601768493652,6.895191669464111,7.581347942352295,-2.6333248615264893,-2.498311996459961,1.8714977502822876,-5.139432907104492,-2.7431228160858154,-3.6675772666931152,-7.882550239562988,-4.8072099685668945,-6.377817153930664,-7.399427890777588,-4.740164279937744,-0.1340019255876541,-2.3326780796051025,pop,pop.00025.wav
0.33502960205078125,0.19566839933395386,2526.130442686517,2848.670626274591,5554.674744975087,0.10354207986648607,-73.36741638183594,97.46428680419922,16.87055015563965,-0.5790376663208008,7.180088043212891,4.872416973114014,0.7465053796768188,-5.5500168800354,0.9903745651245117,4.916617393493652,-5.83544397354126,-4.921416282653809,-0.03095630370080471,-3.046363592147827,-0.15896785259246826,-2.381000280380249,0.723444402217865,0.682856023311615,1.9683635234832764,0.8037626147270203,pop,pop.00026.wav
0.37741294503211975,0.15791942179203033,2682.713194799874,2924.230379942181,5957.288977088574,0.1019147276509288,-75.36612701416016,83.33487701416016,10.703895568847656,14.45510196685791,14.244521141052246,7.410257339477539,5.279713153839111,-0.4001257121562958,5.717756271362305,3.3618035316467285,-2.521101951599121,-4.227081298828125,-1.8455220460891724,-5.90795373916626,-1.2724807262420654,-3.7835543155670166,-2.8646180629730225,-0.9353353381156921,-1.1115845441818237,-2.721470355987549,pop,pop.00027.wav
0.34934645891189575,0.1945643424987793,2946.5774176287164,3051.63637253713,6656.151417829673,0.1212698638254644,-45.638736724853516,74.70450592041016,15.980230331420898,14.800469398498535,8.992414474487305,8.204231262207031,5.686349391937256,5.25449275970459,5.3968095779418945,2.435222625732422,0.7794389724731445,1.174706220626831,-2.3591649532318115,-2.9500174522399902,-2.5942533016204834,-2.703075885772705,-1.5022324323654175,1.561936855316162,1.6137362718582153,-0.013135786168277264,pop,pop.00028.wav
0.354754239320755,0.23414307832717896,2988.85797981166,3143.032661235072,6919.399826002564,0.11157037599167957,-40.52484130859375,73.47651672363281,22.62272071838379,12.3551025390625,14.860798835754395,8.94628620147705,5.305812835693359,9.025769233703613,2.0851216316223145,4.303849697113037,-3.1314620971679688,1.8446420431137085,2.0324933528900146,1.3936073780059814,4.124269485473633,-0.354114830493927,-0.7509657740592957,1.158539891242981,0.7373186945915222,-0.043280407786369324,pop,pop.00029.wav
0.3576986491680145,0.2031058669090271,3070.6451711304394,2975.8591939206276,6652.968103745405,0.14873984133126936,-18.171194076538086,72.29644012451172,-4.8672308921813965,-0.35958096385002136,1.6975715160369873,-0.9182093143463135,-1.3221728801727295,-0.34197288751602173,0.6473230123519897,-0.180980384349823,-1.2175111770629883,-1.0574641227722168,2.519505262374878,1.2472866773605347,1.7523705959320068,-3.442979574203491,0.39454007148742676,-0.8525014519691467,0.9242998957633972,1.6602957248687744,pop,pop.00030.wav
0.3660338521003723,0.19834771752357483,3111.0610992009765,2992.1921120372886,6745.27587890625,0.15291026206946595,-18.854591369628906,71.32852172851562,-3.743232488632202,-1.3965916633605957,0.7103474736213684,-1.0491368770599365,-1.052406668663025,-0.24947144091129303,0.6239637732505798,0.42929908633232117,-1.4892839193344116,-1.0790832042694092,2.4154279232025146,1.2472485303878784,0.9718108177185059,-3.5882298946380615,0.891751766204834,-0.49628251791000366,0.7083632349967957,1.6725212335586548,pop,pop.00031.wav
0.42664915323257446,0.09789096564054489,4225.564575455603,3404.2193029459822,8483.032037599169,0.22873671209849072,-113.16950225830078,41.588138580322266,21.516307830810547,11.092116355895996,17.44065284729004,0.6074316501617432,3.0293283462524414,0.0845087468624115,3.4569807052612305,0.29064029455184937,0.6160154342651367,1.2555636167526245,2.8942456245422363,-0.7695475220680237,0.22040614485740662,-1.4086614847183228,-0.7604615092277527,-0.870232105255127,-1.5392059087753296,1.0672656297683716,pop,pop.00032.wav
0.42290183901786804,0.13991199433803558,2835.0593021892837,2731.7531718304963,5945.014051313371,0.13706266326431887,-69.0019302368164,73.7699966430664,-12.468981742858887,9.536623001098633,-0.0456104576587677,12.718271255493164,3.165059804916382,-0.08465784043073654,2.5223581790924072,2.8746747970581055,-1.6729779243469238,-3.025171995162964,1.6149282455444336,1.0892640352249146,0.9343862533569336,-0.416272908449173,-1.23820960521698,-0.7576577663421631,-1.7046669721603394,-1.0437556505203247,pop,pop.00033.wav
0.34084367752075195,0.18744316697120667,3141.655140286262,3230.4022459601906,7237.0312386622,0.131055518938661,-59.5895881652832,77.30937194824219,26.367233276367188,3.1743204593658447,6.7570414543151855,-0.06425405293703079,-0.6247923970222473,-0.6904833316802979,4.141959190368652,-0.4403371810913086,-4.541955947875977,-3.561495780944824,-2.2030646800994873,-3.5575008392333984,0.2617940604686737,-4.672630310058594,-4.6041975021362305,-3.740569591522217,-1.3851970434188843,-0.8453675508499146,pop,pop.00034.wav
0.41207367181777954,0.28261181712150574,3194.1768682916545,3052.8892510243627,6993.782709552776,0.15937998863196595,24.466630935668945,68.96240997314453,-4.211300373077393,-1.0326178073883057,5.249466896057129,2.9858522415161133,4.336798191070557,4.287288665771484,6.422605037689209,3.630784511566162,0.11548243463039398,-0.00023516487271990627,2.0697717666625977,1.5497288703918457,3.9990150928497314,2.8162686824798584,2.199469804763794,1.577379584312439,-0.4722058176994324,0.5248476266860962,pop,pop.00035.wav
0.3945741057395935,0.2564522624015808,2944.4779985642813,3162.425540413327,6877.916743511755,0.1151153281008127,-44.21401596069336,76.17581176757812,22.921127319335938,16.81614112854004,22.998910903930664,3.2665929794311523,6.908667087554932,0.10313864052295685,6.495676517486572,6.542088985443115,0.8544854521751404,2.7243902683258057,4.51695442199707,2.8543570041656494,1.3195445537567139,1.7970861196517944,0.3768288195133209,-1.1220285892486572,-0.437849760055542,1.5700188875198364,pop,pop.00036.wav
0.4517120122909546,0.24089603126049042,3236.3834897605984,2953.665320076075,6698.901159327835,0.16482477808146284,4.804321765899658,64.50390625,-2.501272439956665,10.4194974899292,3.24208927154541,7.8209686279296875,3.101567029953003,1.4055255651474,6.7450032234191895,4.88483190536499,3.2736434936523438,1.7477710247039795,3.3316636085510254,2.3504841327667236,1.4266738891601562,-0.605488657951355,-2.1835033893585205,-1.6002752780914307,-0.6110449433326721,-4.051368713378906,pop,pop.00037.wav
0.40059253573417664,0.22182826697826385,3267.580275537532,3014.383904612794,6921.308147796536,0.14652330144640094,-15.679173469543457,59.26908493041992,-1.583402395248413,12.570526123046875,8.758745193481445,3.9658682346343994,2.0486032962799072,4.232300758361816,4.989131450653076,2.9016716480255127,2.3270890712738037,1.994311809539795,1.7193478345870972,-1.5517667531967163,-0.6201590299606323,0.2913806438446045,-0.002985431579872966,2.756805896759033,2.2938926219940186,0.05696991831064224,pop,pop.00038.wav
0.38415250182151794,0.279705673456192,3934.6043578715803,3509.582338482005,8525.24844898897,0.18717800648219815,-19.479713439941406,51.92008972167969,37.00408172607422,13.116384506225586,14.590093612670898,3.207625389099121,15.297412872314453,-0.7794647812843323,7.2424235343933105,10.393446922302246,-0.37440061569213867,6.230769634246826,-1.188515305519104,-2.1225435733795166,-1.567496418952942,-0.7654629349708557,0.032623857259750366,2.8346593379974365,0.8237699866294861,1.8658276796340942,pop,pop.00039.wav
0.2922433316707611,0.19927945733070374,1962.259860440553,2325.3182258713837,3821.2268935637576,0.0958112120259288,-76.91657257080078,113.29569244384766,-6.219377040863037,19.946250915527344,15.115961074829102,-3.2893810272216797,4.789510726928711,1.0169309377670288,2.2929258346557617,-0.01146842073649168,-3.762733221054077,4.241213798522949,2.286330223083496,-2.9218852519989014,4.5193352699279785,3.4273295402526855,-0.534138560295105,-0.5602077841758728,0.6277448534965515,-2.0107126235961914,pop,pop.00040.wav
0.2823801636695862,0.08329673856496811,2053.894371276876,2559.593930825625,4508.014407320288,0.0753657574255031,-204.7529754638672,101.60511779785156,26.38422393798828,9.18571949005127,10.460927963256836,5.108919143676758,-9.447197914123535,9.308316230773926,-12.491375923156738,-2.496669292449951,6.212447166442871,-9.488957405090332,-2.560032606124878,-9.048956871032715,-10.187872886657715,-4.044252395629883,-7.749784469604492,-5.138516902923584,-1.8299530744552612,-4.416521072387695,pop,pop.00041.wav
0.3797297477722168,0.2234424501657486,3002.6169823427717,2972.7827670259026,6445.919355740857,0.14374780802534828,-37.0710334777832,68.84185028076172,10.511308670043945,23.959775924682617,15.370537757873535,3.5479140281677246,11.677659034729004,2.9124515056610107,2.545921564102173,4.750341415405273,-1.5888675451278687,2.5664658546447754,-1.0170679092407227,-1.661367654800415,0.489344984292984,-2.8281733989715576,-3.4125828742980957,-4.102841854095459,-4.214855670928955,1.1007028818130493,pop,pop.00042.wav
0.47344568371772766,0.25419881939888,2703.2416682609646,2725.9617319867466,5776.106739339445,0.1032971833881579,-50.89095687866211,68.04222869873047,12.08259391784668,36.31442642211914,8.64687728881836,19.502784729003906,10.722350120544434,12.312873840332031,1.6614350080490112,10.164873123168945,4.839787483215332,1.696905255317688,2.7312357425689697,3.166468858718872,2.4620580673217773,1.4162687063217163,1.0564287900924683,1.8941798210144043,2.2652883529663086,2.4275951385498047,pop,pop.00043.wav
0.4561452567577362,0.2227635383605957,3143.535196698567,3016.4276117711397,6689.351217075029,0.135637501814048,-47.93827819824219,54.15921401977539,-4.00504207611084,21.51289939880371,13.886649131774902,6.00395393371582,13.755339622497559,1.0669995546340942,6.722087860107422,6.232227802276611,1.6225082874298096,0.45345962047576904,2.4148380756378174,-5.597134590148926,0.3046676516532898,-1.0046957731246948,0.6401352286338806,1.2582229375839233,2.081016778945923,3.032484769821167,pop,pop.00044.wav
0.412869393825531,0.20229460299015045,2842.6607931089798,3039.1056726884412,6479.344153625677,0.12498941805340558,-71.6150131225586,81.1212387084961,16.35566520690918,8.950533866882324,13.818387031555176,-0.7371724247932434,12.522272109985352,-0.6393704414367676,3.0430490970611572,3.054753541946411,-3.212191343307495,-1.3185769319534302,-0.6402586102485657,-4.006222724914551,-0.9454736709594727,1.9157289266586304,3.52946138381958,5.987802982330322,6.0908732414245605,2.567976951599121,pop,pop.00045.wav
0.41501155495643616,0.20336604118347168,2838.0210737706198,3045.7558870993503,6485.7024485112715,0.12218028915924922,-72.17291259765625,81.31210327148438,16.729719161987305,8.680574417114258,14.163569450378418,-1.048661231994629,12.839071273803711,-0.534349262714386,3.1377692222595215,3.1529664993286133,-3.4740796089172363,-1.1388002634048462,-0.6851625442504883,-3.9981558322906494,-1.0880298614501953,1.7791658639907837,3.494495153427124,5.905808448791504,6.341025352478027,2.441528558731079,pop,pop.00046.wav
0.43353989720344543,0.21580053865909576,3149.97113080032,3220.089949254964,7291.955906540247,0.12735523897058823,-45.06425476074219,69.78575897216797,11.866147994995117,8.177107810974121,12.603080749511719,7.750250816345215,11.309998512268066,0.25850751996040344,9.659319877624512,2.8038880825042725,3.8585238456726074,-0.8353043794631958,2.1194326877593994,1.1247410774230957,0.007464240770787001,0.7613850235939026,-1.480884075164795,3.6563611030578613,4.45889139175415,4.199800491333008,pop,pop.00047.wav
0.4649372696876526,0.15645989775657654,4052.8886703211056,3426.219519828341,8382.25764696812,0.21071452326818885,-52.64915084838867,47.78274154663086,13.455156326293945,2.2134273052215576,13.251046180725098,9.133874893188477,14.447652816772461,0.8738372325897217,9.45965576171875,7.004076957702637,-0.6928577423095703,1.7276201248168945,8.496527671813965,6.927436351776123,3.1864774227142334,2.274325132369995,-0.8961153030395508,2.03198504447937,2.2780227661132812,3.4661898612976074,pop,pop.00048.wav
0.32267647981643677,0.14744551479816437,1987.8719219449235,2579.9699093585987,4265.424207563371,0.06614018962848298,-170.92262268066406,105.92536926269531,31.060646057128906,22.226055145263672,12.814610481262207,-5.166970729827881,11.237102508544922,-2.1054718494415283,-0.17249329388141632,5.078826427459717,-11.541210174560547,-3.624070644378662,1.3911012411117554,-6.636336326599121,-2.4310407638549805,-7.377176761627197,-2.553611993789673,-1.7130773067474365,-6.137735366821289,5.067965030670166,pop,pop.00049.wav
0.414081871509552,0.208364337682724,3046.2397998563833,3095.3865062358905,6630.418240101345,0.1186580126499613,-78.19249725341797,65.99214172363281,24.578516006469727,25.65282440185547,13.85488224029541,3.6000478267669678,16.22553825378418,0.5925538539886475,3.325775384902954,4.160470008850098,2.712695837020874,3.649890899658203,1.3959065675735474,2.0099124908447266,-1.8058222532272339,-3.9544832706451416,-0.9509977698326111,-1.0149827003479004,-0.46333375573158264,-0.7493813633918762,pop,pop.00050.wav
0.447019100189209,0.21318002045154572,4156.136801574854,3451.227813998198,8676.447534708785,0.23004509420955882,-14.170113563537598,44.39023971557617,12.68057632446289,10.152087211608887,11.25930118560791,3.9758951663970947,12.507779121398926,-2.171722412109375,10.705039024353027,2.2852632999420166,5.033559322357178,-0.8662653565406799,3.8058700561523438,1.662751317024231,1.5042860507965088,-0.19028259813785553,-1.0201590061187744,4.7820868492126465,4.863109111785889,3.0533201694488525,pop,pop.00051.wav
0.5227214694023132,0.3214349150657654,3662.9266594641513,3276.4112530558,7776.786308170472,0.15600737108165635,-39.98735046386719,35.583213806152344,8.93850040435791,15.0822172164917,15.20681381225586,10.572661399841309,21.824983596801758,10.004446029663086,13.97350025177002,16.557458877563477,1.4647634029388428,3.2635626792907715,0.06211220100522041,0.9717617034912109,7.6504011154174805,7.642752170562744,9.41557788848877,6.587523460388184,1.190311074256897,-0.6452359557151794,pop,pop.00052.wav
0.27737411856651306,0.17211171984672546,2639.59187801044,2753.5605024541996,5626.524310510594,0.10700086469620743,-145.92575073242188,62.535240173339844,-23.1148681640625,-18.786008834838867,-14.782012939453125,-28.421491622924805,3.134416103363037,-24.94000244140625,-13.637031555175781,-4.6073899269104,-24.383533477783203,-15.806172370910645,-17.455078125,-11.709296226501465,-8.264144897460938,-13.850936889648438,-9.910086631774902,-11.985029220581055,-5.035615921020508,-2.9024739265441895,pop,pop.00053.wav
0.3904014527797699,0.2736048698425293,3498.3579746722603,3295.5183653344498,7664.611986473249,0.13602223115808823,-46.7030143737793,55.87751388549805,26.120210647583008,16.54320526123047,7.104526996612549,-3.3266866207122803,9.256010055541992,-0.8715933561325073,8.313572883605957,7.148098945617676,-0.5387219190597534,1.7517584562301636,-1.8377469778060913,5.196832180023193,-3.110543727874756,-0.8630542159080505,-3.862114191055298,-2.3494834899902344,-0.22604809701442719,2.220569372177124,pop,pop.00054.wav
0.43286314606666565,0.24087685346603394,3940.3499208914445,3361.504206090715,8259.450056235488,0.16739883659055727,-56.0911865234375,36.46816635131836,11.945320129394531,-6.441751480102539,3.778162717819214,5.284156799316406,3.3947839736938477,4.265097618103027,7.993917465209961,5.8644280433654785,1.5971134901046753,4.861390590667725,0.4924771189689636,2.5060009956359863,0.27597901225090027,-2.5915579795837402,-1.4281115531921387,-1.8711602687835693,-5.389883518218994,-4.313989162445068,pop,pop.00055.wav
0.47309401631355286,0.2499428689479828,3681.430351016257,3221.829158023403,7566.579245930486,0.14562421391253869,-80.39633178710938,35.96251678466797,20.40726661682129,26.376535415649414,17.37970542907715,4.580235958099365,13.489167213439941,3.6187565326690674,7.324075222015381,5.479913234710693,3.9538543224334717,5.313695907592773,3.5346319675445557,0.5135293006896973,0.18830318748950958,-1.125119686126709,3.52966570854187,1.4410525560379028,0.47266530990600586,-1.7977360486984253,pop,pop.00056.wav
0.5185312628746033,0.3293133080005646,3672.6739422013616,3279.7424058326787,7783.686266447368,0.15406445010158668,-39.69137954711914,33.95167541503906,9.604388236999512,16.657577514648438,14.90616226196289,11.198782920837402,21.502826690673828,9.886200904846191,14.73235034942627,15.628254890441895,2.0403950214385986,2.579495906829834,0.35728564858436584,1.6512008905410767,6.941173553466797,8.237751007080078,9.367546081542969,6.966198444366455,1.4967379570007324,-1.1285765171051025,pop,pop.00057.wav
0.3399387300014496,0.16742224991321564,2940.0005210928985,2629.4641540033667,5750.6902263629545,0.14575422068498453,-87.72349548339844,64.30924987792969,-12.97658634185791,16.03264617919922,0.48616600036621094,0.40709489583969116,4.431544780731201,-2.7237472534179688,-0.30932486057281494,-0.04974520951509476,-5.9292988777160645,-4.2699689865112305,-3.509701728820801,-4.6309356689453125,-4.093827247619629,-3.3208751678466797,0.21073715388774872,2.7040021419525146,2.4902894496917725,0.21650171279907227,pop,pop.00058.wav
0.4754621684551239,0.25179001688957214,3727.2488351836582,3223.867461789819,7633.178843211833,0.14478748427825078,-77.94188690185547,32.36495590209961,20.07725715637207,27.63348388671875,16.262773513793945,5.319163799285889,13.481538772583008,3.5032267570495605,7.344143867492676,5.2718024253845215,4.001197338104248,5.271228790283203,3.752624988555908,0.7814799547195435,0.4002598524093628,-0.7132614850997925,3.0644116401672363,1.4034703969955444,0.5459310412406921,-1.9002220630645752,pop,pop.00059.wav
0.3904014527797699,0.2736048698425293,3498.3579746722603,3295.5183653344498,7664.611986473249,0.13602223115808823,-46.7030143737793,55.87751388549805,26.120210647583008,16.54320526123047,7.104526996612549,-3.3266866207122803,9.256010055541992,-0.8715933561325073,8.313572883605957,7.148098945617676,-0.5387219190597534,1.7517584562301636,-1.8377469778060913,5.196832180023193,-3.110543727874756,-0.8630542159080505,-3.862114191055298,-2.3494834899902344,-0.22604809701442719,2.220569372177124,pop,pop.00060.wav
0.45551934838294983,0.2208092212677002,2949.270014966028,2908.876601117744,6067.7883089142315,0.11195132606907894,-65.1854476928711,65.4745101928711,4.127747535705566,32.74247360229492,16.918561935424805,-5.8376946449279785,14.960991859436035,-0.24383580684661865,9.038333892822266,8.441268920898438,-6.576152801513672,-4.484363555908203,-2.6280577182769775,3.4548990726470947,1.600554347038269,-0.6978750228881836,3.203176498413086,1.0458928346633911,-1.1681350469589233,-4.722194194793701,pop,pop.00061.wav
0.32964274287223816,0.3978508710861206,2468.498529319245,2625.1515768457407,5481.816852203464,0.09820877878289473,-6.926640033721924,68.88017272949219,3.770587205886841,28.195871353149414,2.293225049972534,13.625752449035645,1.0469882488250732,6.0046467781066895,2.7504959106445312,15.018392562866211,-8.786577224731445,0.7954419255256653,-7.219668388366699,2.924489974975586,0.5617504119873047,11.366312980651855,11.479181289672852,14.170940399169922,-0.9239000082015991,0.8095098733901978,pop,pop.00062.wav
0.31671932339668274,0.12609246373176575,1826.5420467927368,2294.444461991146,3796.335377412684,0.07464656298374613,-125.9814224243164,117.33393096923828,-0.07229208201169968,10.211121559143066,4.490169525146484,2.18886661529541,-3.63608455657959,3.376340389251709,1.737519383430481,4.551119327545166,0.8427296876907349,2.4246017932891846,-3.112575054168701,-2.837451934814453,-6.1066365242004395,-5.267573356628418,-1.8156683444976807,-3.2187061309814453,1.2653751373291016,5.8006911277771,pop,pop.00063.wav
0.34651315212249756,0.16902655363082886,3647.8594016331967,2886.6604007045057,7112.756990131579,0.205950001814048,-88.45124816894531,34.333656311035156,-11.282462120056152,2.2004079818725586,-4.858425140380859,-6.127730846405029,0.3310779333114624,2.440187931060791,-8.177470207214355,5.635985374450684,-9.3944091796875,-7.359539031982422,-3.9459164142608643,2.3768630027770996,1.2362306118011475,10.805465698242188,9.384404182434082,5.292023181915283,-2.9351189136505127,-5.572681903839111,pop,pop.00064.wav
0.34565117955207825,0.1334853619337082,2518.6680120349943,2683.946956917925,5496.225098412104,0.10014338537635449,-111.61652374267578,85.57909393310547,3.515357494354248,16.35746955871582,2.205944299697876,5.980132102966309,-5.045757293701172,-3.962523937225342,-0.09616835415363312,1.574602723121643,-5.793351173400879,-5.0871901512146,-0.20802851021289825,-4.411729335784912,-0.7768346071243286,1.5563338994979858,0.3625802993774414,0.575282633304596,-0.6926282644271851,-1.8156012296676636,pop,pop.00065.wav
0.35411641001701355,0.24325013160705566,2844.070407885239,3219.148147976031,6839.566975407556,0.09974656237906347,-63.63505554199219,79.045654296875,42.744022369384766,16.095537185668945,15.268360137939453,10.78914737701416,13.311583518981934,3.6857290267944336,4.92832612991333,10.677057266235352,-0.012672070413827896,3.4803085327148438,3.4220938682556152,-2.450833320617676,0.850641131401062,-5.120553970336914,-4.299978256225586,-1.5640300512313843,-0.0592823326587677,2.661999225616455,pop,pop.00066.wav
0.44740769267082214,0.19137336313724518,3889.787116785757,3271.6627619560186,8057.209612489116,0.19104230662248453,-52.5379753112793,37.49602127075195,14.121390342712402,18.18031120300293,16.78276824951172,5.95809268951416,6.432402610778809,2.7082066535949707,-0.4474385380744934,3.2196102142333984,-3.928455352783203,1.5937503576278687,0.29058223962783813,-0.16011741757392883,-0.5063943266868591,-1.5440645217895508,2.073817729949951,1.2248798608779907,4.58701753616333,1.6419144868850708,pop,pop.00067.wav
0.40740537643432617,0.24570654332637787,3262.9124447410586,2930.999781412338,6714.734396919746,0.15505650759481424,-29.26038932800293,53.86872482299805,-1.7002240419387817,15.506246566772461,1.0880837440490723,0.5439645648002625,4.902141094207764,-3.222588300704956,-1.691772222518921,2.2325522899627686,-7.122958660125732,-5.9894914627075195,-2.980396270751953,-3.796762466430664,-4.894907474517822,-6.724095344543457,-0.41865259408950806,-4.012816429138184,4.3791422843933105,4.460429668426514,pop,pop.00068.wav
0.49696141481399536,0.2155563086271286,2327.9956325128483,2516.8257860719295,4930.953516532024,0.09549942252805728,-30.211868286132812,88.44852447509766,-6.587007999420166,32.78564453125,8.500259399414062,8.388699531555176,2.04252028465271,6.8641839027404785,3.5769941806793213,2.720842123031616,1.294276237487793,3.29060697555542,1.5695496797561646,2.379436492919922,2.525005340576172,1.0964288711547852,-1.5795058012008667,-0.26449084281921387,0.11285192519426346,0.42111673951148987,pop,pop.00069.wav
0.43713656067848206,0.16782020032405853,3142.2532583222696,3001.708558953997,6825.458727384868,0.13644399731520898,-91.8537368774414,56.674156188964844,13.763751983642578,15.050705909729004,0.9011201858520508,-4.079192161560059,-0.22235451638698578,0.5639136433601379,-4.600769996643066,-2.616190195083618,-2.761265993118286,-3.0964155197143555,1.7973816394805908,-0.9524220824241638,1.4047229290008545,0.9235883355140686,1.0776355266571045,0.9147183895111084,3.2946672439575195,0.2199544459581375,pop,pop.00070.wav
0.44740769267082214,0.19137336313724518,3889.787116785757,3271.6627619560186,8057.209612489116,0.19104230662248453,-52.5379753112793,37.49602127075195,14.121390342712402,18.18031120300293,16.78276824951172,5.95809268951416,6.432402610778809,2.7082066535949707,-0.4474385380744934,3.2196102142333984,-3.928455352783203,1.5937503576278687,0.29058223962783813,-0.16011741757392883,-0.5063943266868591,-1.5440645217895508,2.073817729949951,1.2248798608779907,4.58701753616333,1.6419144868850708,pop,pop.00071.wav
0.4807797074317932,0.2344522327184677,2569.255822724336,2559.52936247521,5351.900971120356,0.13165642233455882,9.675073623657227,88.8260726928711,-20.29368019104004,5.1013054847717285,-2.917801856994629,-0.18818102777004242,0.3274818956851959,1.604320764541626,-2.2592055797576904,-0.9406509399414062,-6.212249755859375,-2.9767894744873047,-1.8151836395263672,-0.31959983706474304,-1.341313362121582,-1.6791985034942627,-0.18654181063175201,1.7162681818008423,-0.13248799741268158,-3.9011390209198,pop,pop.00072.wav
0.42336025834083557,0.2598068118095398,3671.2604882708424,3295.553788823971,7879.044023165393,0.16189735814144737,-8.531340599060059,54.25175476074219,20.96331024169922,13.099079132080078,9.721153259277344,6.01505184173584,10.720785140991211,6.102119445800781,0.6942644119262695,5.00238561630249,-3.4498136043548584,0.8725566864013672,-1.939046859741211,-2.784979820251465,-2.676201105117798,-3.3184635639190674,1.7050131559371948,-0.14683867990970612,4.8484673500061035,2.908008337020874,pop,pop.00073.wav
0.3494405448436737,0.2103721648454666,3419.3447490583962,3368.7113595438686,7789.061233945676,0.1308480372000774,-93.63922119140625,59.69026184082031,32.07737731933594,13.127490043640137,13.270319938659668,-6.869358539581299,2.3390276432037354,-7.887984752655029,2.2946646213531494,4.487583637237549,-4.040566444396973,2.6735634803771973,-3.086395263671875,-5.756002426147461,-1.523375153541565,-1.1896891593933105,-3.05141282081604,-1.0875478982925415,2.389270782470703,4.767098903656006,pop,pop.00074.wav
0.40938666462898254,0.1856050342321396,3645.470694057959,3200.7208510864684,7658.53702320772,0.15924053369291796,-68.85472106933594,40.457462310791016,25.354524612426758,35.76828384399414,13.383127212524414,2.8213698863983154,12.759581565856934,4.483544826507568,3.357187509536743,10.026521682739258,-2.375098705291748,2.9945144653320312,-1.8024029731750488,-3.378382921218872,-1.546330451965332,-1.6591519117355347,-3.5203816890716553,1.3764957189559937,2.0280373096466064,1.5048236846923828,pop,pop.00075.wav
0.4757270812988281,0.24529977142810822,3544.132839481264,3311.301496368,7780.519618928986,0.14281924221168732,-38.288414001464844,47.80237579345703,20.052776336669922,23.84808921813965,19.795454025268555,13.665191650390625,14.684334754943848,4.572096347808838,7.713704586029053,8.956255912780762,5.42100191116333,1.1439083814620972,1.0811883211135864,4.386655807495117,4.584089279174805,2.5498769283294678,-0.24593879282474518,4.625783443450928,3.010173797607422,-1.309259295463562,pop,pop.00076.wav
0.44544219970703125,0.23102271556854248,4037.153770826656,3342.3644138556137,8331.4746207128,0.21392576613293343,-34.209938049316406,40.39930725097656,17.510662078857422,13.42147159576416,13.2406005859375,7.449265003204346,18.18345832824707,2.7254276275634766,4.339627742767334,5.825296401977539,-1.125758171081543,3.1106066703796387,2.4149975776672363,-2.09065318107605,-1.28515625,0.15344464778900146,2.336223602294922,4.3297200202941895,2.1379220485687256,2.9388880729675293,pop,pop.00077.wav
0.454754501581192,0.22333700954914093,3124.14935420786,2970.2727587674012,6618.043314930825,0.14272098127902477,-42.77943420410156,62.79966735839844,4.760207653045654,24.068391799926758,9.64216136932373,-1.8881843090057373,9.252785682678223,-2.969123125076294,3.1815619468688965,5.934004306793213,-4.773739337921143,3.019498348236084,-1.240799903869629,-3.5244290828704834,-0.3243882954120636,-1.4424750804901123,-1.8644706010818481,-0.031904663890600204,-0.7304686307907104,-0.9891400933265686,pop,pop.00078.wav
0.35192859172821045,0.03756089508533478,1995.3281824967328,2425.0406811254434,4383.806825053212,0.07255095963138544,-273.28631591796875,103.14757537841797,8.722427368164062,31.69770050048828,12.511966705322266,3.492265462875366,3.939650297164917,-0.16230230033397675,-3.9216830730438232,3.2304422855377197,-6.373683929443359,-1.5361915826797485,-3.2130470275878906,-6.77750301361084,-3.815354824066162,-6.24072265625,-5.618338108062744,-4.015953063964844,-2.388751745223999,-3.0845282077789307,pop,pop.00079.wav
0.43361696600914,0.21570029854774475,3151.445800513278,3220.4070745387885,7293.239232113487,0.1275974899622678,-44.972015380859375,69.76533508300781,11.851114273071289,8.137467384338379,12.623069763183594,7.798754692077637,11.30739974975586,0.19175656139850616,9.630409240722656,2.8426687717437744,3.8571951389312744,-0.8326628804206848,2.1378021240234375,1.0925358533859253,-0.06844648718833923,0.648835301399231,-1.4783101081848145,3.722926378250122,4.547461032867432,4.263484954833984,pop,pop.00080.wav
0.3698594868183136,0.09215401113033295,2246.9998668388666,2684.4523036223895,5155.910489581318,0.08601724252612229,-137.73312377929688,100.24317932128906,14.383045196533203,15.40381145477295,2.3205363750457764,-1.0818114280700684,-2.106971502304077,-1.6870850324630737,-5.311201095581055,-1.784702181816101,1.748408555984497,-6.183539390563965,-3.0364274978637695,-9.783618927001953,-6.664297580718994,-3.9666075706481934,-10.177886962890625,-2.970681667327881,-3.5730905532836914,-0.6477028131484985,pop,pop.00081.wav
0.46213287115097046,0.20798876881599426,3168.3771358678678,3341.5360777099304,7555.42098006966,0.1003391513883514,-62.04380798339844,64.23981475830078,29.874727249145508,23.244829177856445,16.247188568115234,7.438479423522949,8.871021270751953,6.4075446128845215,7.394821643829346,3.0163872241973877,1.4878419637680054,2.975710868835449,1.8600913286209106,0.5432620048522949,-0.33012375235557556,0.8136625289916992,1.2980130910873413,1.1867972612380981,0.8605456352233887,0.09585127234458923,pop,pop.00082.wav
0.2981050908565521,0.1429828703403473,2489.577623717522,2941.99075457532,5977.07219079552,0.08429578657120743,-104.4753189086914,86.85540771484375,28.76275062561035,26.635526657104492,8.927456855773926,5.674565315246582,7.759279727935791,0.46634581685066223,6.630064010620117,6.563312530517578,0.3774832487106323,2.1488523483276367,-0.019938088953495026,-0.3627292811870575,1.3109478950500488,1.3177943229675293,1.9381651878356934,1.2264539003372192,-0.12414588779211044,0.8405375480651855,pop,pop.00083.wav
0.40918561816215515,0.17935271561145782,3262.336283566903,3046.9965393068346,6827.983712116631,0.13586614744582043,-112.39599609375,59.759735107421875,14.483948707580566,19.190073013305664,15.127423286437988,-3.211503267288208,6.109609127044678,-6.668193817138672,1.4637218713760376,-1.1876870393753052,-1.233044981956482,-0.758741557598114,1.8843270540237427,-0.6907866597175598,-2.299689769744873,-3.4926953315734863,-3.891752004623413,-3.388657808303833,-2.4311671257019043,-2.089298963546753,pop,pop.00084.wav
0.4438236653804779,0.19525384902954102,2516.4589514571976,2465.640306694536,5087.48590333543,0.1220960115131579,-81.77599334716797,78.6092758178711,-17.26093292236328,24.51177406311035,8.410554885864258,2.144618272781372,5.520015239715576,1.9346674680709839,8.799278259277344,-0.1222967877984047,0.49543994665145874,4.642274379730225,2.3893165588378906,5.508352756500244,0.6174306273460388,-1.8081220388412476,2.305687427520752,7.846461772918701,5.010964393615723,-3.3342337608337402,pop,pop.00085.wav
0.3876946270465851,0.1324763000011444,3594.167118271268,3170.8583483099096,7634.353836106811,0.18523244001547987,-50.44928741455078,56.416481018066406,12.563282012939453,11.288338661193848,-2.739751100540161,1.3628129959106445,4.539969444274902,-0.9632135629653931,2.289421558380127,2.7384724617004395,-1.9891648292541504,2.5949509143829346,-4.0203375816345215,0.6830959916114807,-1.3967139720916748,3.325117349624634,3.028759002685547,2.63110613822937,2.0771775245666504,1.3595715761184692,pop,pop.00086.wav
0.3523111045360565,0.1909152865409851,3587.4721810924966,3336.2277931206263,7947.001945566467,0.1464783281733746,-47.05376052856445,55.78174591064453,27.61712646484375,19.19342803955078,15.186062812805176,3.1757607460021973,5.627553462982178,1.6121147871017456,4.148367881774902,1.6211522817611694,-1.587005853652954,-3.0055181980133057,-7.636995315551758,-3.84152889251709,-8.11368465423584,-3.369736909866333,-2.272132396697998,4.5030903816223145,1.4371147155761719,-0.3833654522895813,pop,pop.00087.wav
0.43150874972343445,0.23498305678367615,3510.9284752203253,3148.809837219885,7257.397782175164,0.17203410712558048,-42.68938064575195,54.88202667236328,17.061819076538086,19.76453971862793,6.852839946746826,2.7781906127929688,11.820236206054688,1.2058558464050293,7.93871545791626,1.1382529735565186,-4.071281433105469,0.13736183941364288,-4.236570835113525,-4.456480503082275,-2.512268543243408,-2.89111590385437,0.6187277436256409,0.8994229435920715,2.3103713989257812,1.9261038303375244,pop,pop.00088.wav
0.4371242821216583,0.2205497771501541,3401.2336884828965,3070.3590067421464,7052.665686828802,0.16573822682856038,-47.68193435668945,55.53718948364258,19.178861618041992,24.482961654663086,4.039877414703369,1.5440773963928223,6.966500759124756,-1.046118140220642,3.0828685760498047,1.795280933380127,-3.0351192951202393,1.9345390796661377,-4.678550720214844,-2.5212111473083496,-0.8627603054046631,-2.2868990898132324,-1.691514015197754,-3.2324559688568115,2.6129024028778076,1.8930480480194092,pop,pop.00089.wav
0.3531476557254791,0.19408726692199707,3603.429553551326,3334.0083043535483,7959.451870283475,0.14755995428599072,-44.72324752807617,55.059226989746094,27.137182235717773,19.502979278564453,14.696993827819824,3.204047441482544,5.509529113769531,1.4237080812454224,4.496978759765625,1.3679072856903076,-1.6663117408752441,-3.534416675567627,-7.9148335456848145,-3.532205104827881,-8.198314666748047,-3.392683506011963,-2.666100263595581,4.283487319946289,1.353115439414978,-0.16799041628837585,pop,pop.00090.wav
0.4245191514492035,0.26530829071998596,3696.287748409418,3246.71775600717,7871.152404218266,0.1668300569611068,-8.406137466430664,42.00487518310547,8.297646522521973,17.972023010253906,14.039091110229492,7.345696926116943,5.725320816040039,-1.899734377861023,4.603677272796631,2.0709261894226074,-1.0726747512817383,-0.6631825566291809,-2.4345152378082275,-1.4743019342422485,-3.7601752281188965,-1.6542797088623047,-2.376532554626465,0.052155107259750366,-0.9929896593093872,-2.6045353412628174,pop,pop.00091.wav
0.4873383641242981,0.22711193561553955,3271.2458605975758,2989.851208660016,6883.5083763665825,0.14535890939434984,-25.935338973999023,60.87203598022461,6.071952819824219,17.71719741821289,5.132510185241699,10.431290626525879,2.450117349624634,4.924422264099121,8.108928680419922,3.8508591651916504,-0.18614740669727325,7.252810478210449,4.946839809417725,0.9169611930847168,-2.294769287109375,1.5526827573776245,0.21936407685279846,1.9272804260253906,2.3685061931610107,5.434199333190918,pop,pop.00092.wav
0.4152349829673767,0.24578635394573212,3258.8665238179296,3144.2281341811336,7268.872712787829,0.1316624691611842,-20.228376388549805,57.7734489440918,16.77764892578125,18.24957847595215,8.958151817321777,14.899964332580566,2.66963529586792,3.752622127532959,1.1145035028457642,1.8456721305847168,-5.980838298797607,-3.6137545108795166,-3.6554596424102783,0.9081742167472839,-0.4759976267814636,-0.40367448329925537,-4.619456768035889,1.9671378135681152,1.5699368715286255,0.5438472628593445,pop,pop.00093.wav
0.3330983817577362,0.19856701791286469,2806.432725529733,2857.788083353668,6102.421432825803,0.12854835344910992,-42.26880645751953,82.17974853515625,-2.2469732761383057,19.916231155395508,13.862175941467285,0.8657801151275635,7.920979976654053,-0.7182551026344299,6.87735652923584,-1.9071584939956665,-4.687560558319092,-3.164194107055664,-2.9416699409484863,3.6025867462158203,-0.07809381932020187,1.5862793922424316,0.8490443825721741,-1.232439398765564,2.538912296295166,0.7802422642707825,pop,pop.00094.wav
0.3657050132751465,0.303727388381958,3046.1865869262933,3306.415151404711,7384.438680642898,0.10639353654702012,-36.62918472290039,73.09261322021484,39.12303924560547,20.328523635864258,12.493546485900879,2.1519129276275635,11.737692832946777,-2.4324147701263428,6.64672327041626,3.182790994644165,-5.380570888519287,-3.14936900138855,-5.77508020401001,-7.682375907897949,-7.6059956550598145,-6.843699932098389,-6.105222225189209,-1.5670517683029175,2.123518466949463,-1.5718984603881836,pop,pop.00095.wav
0.3400040566921234,0.2511536777019501,3126.3938966039664,3162.6817626437364,6931.116421820579,0.10534554590750773,-59.098690032958984,60.998294830322266,27.750640869140625,23.867935180664062,12.298356056213379,7.372222423553467,12.321167945861816,7.1516923904418945,13.415489196777344,2.485731840133667,-1.967411756515503,-2.414118766784668,-4.519556045532227,3.4697351455688477,2.034987211227417,3.728008508682251,2.497927188873291,1.2848572731018066,3.139601230621338,1.6590124368667603,pop,pop.00096.wav
0.4669703245162964,0.20417360961437225,3510.042356894514,3310.2784279907473,7587.437453137094,0.13724822525638544,-125.53952026367188,51.196956634521484,38.51710510253906,14.49169635772705,16.2325382232666,4.642958164215088,12.308260917663574,1.1730316877365112,1.724549651145935,9.770825386047363,-2.822416067123413,2.078929901123047,0.8530097603797913,-0.5038498640060425,1.3426532745361328,-0.8620616793632507,0.4848824739456177,4.129414081573486,1.7497429847717285,8.234591484069824,pop,pop.00097.wav
0.39934101700782776,0.21293947100639343,3634.106563927481,3134.284751630451,7534.996103576093,0.18310584667666407,-26.936580657958984,46.71036911010742,8.708178520202637,8.604124069213867,6.086184024810791,12.425230026245117,6.958877086639404,2.5068421363830566,1.1593009233474731,7.257309913635254,-3.1307194232940674,1.253766417503357,3.838254928588867,4.690353870391846,1.713788628578186,-0.9803975224494934,-1.3044108152389526,-2.6919028759002686,-1.271787405014038,-2.4849612712860107,pop,pop.00098.wav
0.3605327904224396,0.1381460428237915,2765.6481348893653,3222.6973193873114,6873.341771175987,0.09601491449787151,-119.3464584350586,85.94365692138672,33.886932373046875,9.992517471313477,17.7014102935791,0.5190525650978088,9.565488815307617,-5.299008846282959,4.170094013214111,8.1222505569458,-7.977633476257324,1.5659164190292358,-2.933182954788208,-1.6069087982177734,-0.1992255598306656,-2.4307656288146973,1.206272840499878,5.846440315246582,1.6082751750946045,7.583360195159912,pop,pop.00099.wav
0.32887840270996094,0.09414240717887878,2133.43713267984,2289.9243153801,4801.820964045569,0.09781082200561146,-159.4761962890625,104.84811401367188,-10.300141334533691,34.65602493286133,-4.9666266441345215,26.805261611938477,-21.953397750854492,23.45207977294922,-14.029751777648926,19.586172103881836,-8.298797607421875,9.717496871948242,-10.065848350524902,1.420350432395935,-6.5029802322387695,1.0738481283187866,-9.211350440979004,3.285134792327881,-0.7643053531646729,3.762075901031494,reggae,reggae.00000.wav
0.3490114212036133,0.08202815800905228,1638.967412134596,1995.4037341423593,3575.111715121904,0.06396144241002322,-190.9176483154297,127.40975952148438,-3.763439416885376,26.714160919189453,-12.804947853088379,23.936830520629883,-8.225953102111816,9.973004341125488,-12.233067512512207,13.443713188171387,-7.079031944274902,1.6518702507019043,-14.517786979675293,-3.2188596725463867,-10.45173454284668,-3.4889702796936035,-9.745509147644043,-3.905662775039673,-7.649685382843018,-3.5429673194885254,reggae,reggae.00001.wav
0.378512978553772,0.09248043596744537,1797.298466871339,2103.079588509661,3926.451257286426,0.07512652984713622,-189.03758239746094,110.84746551513672,2.95247220993042,48.38526916503906,-6.414886474609375,20.739728927612305,-12.55073070526123,15.891012191772461,-13.612208366394043,9.429014205932617,-8.036865234375,8.0992431640625,-10.633535385131836,-2.542346954345703,-4.712573051452637,-1.0250476598739624,-3.2118282318115234,2.693958282470703,-3.986368179321289,2.8767805099487305,reggae,reggae.00002.wav
0.3913434147834778,0.09416088461875916,1924.062787400072,2107.849824229109,4154.89154260594,0.08493448263351393,-201.14634704589844,104.1486587524414,-15.473288536071777,30.80438232421875,14.252315521240234,31.42222023010254,-7.867556571960449,17.963144302368164,-4.0559983253479,16.94393539428711,-11.217153549194336,12.121105194091797,-5.287185192108154,-0.686693012714386,-1.3800301551818848,3.9323620796203613,-5.86171817779541,1.042814016342163,-2.9809184074401855,-1.365169644355774,reggae,reggae.00003.wav
0.40186622738838196,0.10106945037841797,2009.3766964303297,2140.9098581701182,4303.540643745163,0.08446849905669504,-175.6417236328125,104.89667510986328,-15.691055297851562,27.549057006835938,-8.112590789794922,24.01068115234375,-10.33552360534668,18.850736618041992,-8.387436866760254,11.847502708435059,-7.593305587768555,12.554908752441406,-6.044675827026367,2.499579668045044,1.9082942008972168,7.143781661987305,-3.3788843154907227,12.449427604675293,-3.3393540382385254,0.7524497509002686,reggae,reggae.00004.wav
0.36461248993873596,0.10033389925956726,1798.6538836861723,1964.025053822455,3797.0103733310757,0.07305095660797213,-176.69528198242188,116.83857727050781,-21.323230743408203,38.7664909362793,-5.471619129180908,26.622394561767578,-8.185519218444824,15.7808837890625,-10.489777565002441,11.041742324829102,-10.061266899108887,9.915604591369629,-3.2601382732391357,2.8171873092651367,-2.5358471870422363,-1.406864881515503,-9.888323783874512,3.0774343013763428,-0.2820031940937042,1.9877512454986572,reggae,reggae.00005.wav
0.3424329161643982,0.10510128736495972,1418.2807056387023,1704.9426029358347,2881.0659119219235,0.060822383538119196,-207.34693908691406,134.6690673828125,-9.072053909301758,38.46156692504883,6.294405460357666,22.612716674804688,-8.29777717590332,16.307374954223633,-8.460723876953125,4.160749435424805,-4.351008892059326,6.347874164581299,-6.902564525604248,0.9577759504318237,-0.9435606002807617,-2.5334954261779785,-6.108428001403809,2.483578681945801,-6.168631553649902,-4.584958076477051,reggae,reggae.00006.wav
0.3859999477863312,0.0905776098370552,1754.296876028464,2026.157906175875,3769.0188759251646,0.07391149562209752,-192.26953125,116.49671173095703,-10.948331832885742,29.89508056640625,-0.6437028050422668,21.415996551513672,-11.890398025512695,18.631174087524414,-13.07237434387207,14.453672409057617,-7.383002281188965,4.824287414550781,-2.811899423599243,3.1115598678588867,-1.6245098114013672,-2.3962562084198,-6.515826225280762,-1.41162109375,-5.534719944000244,-2.5470499992370605,reggae,reggae.00007.wav
0.3687390983104706,0.10185106098651886,1691.9918927541435,1963.6870059672185,3657.736215502854,0.06947274695239938,-194.59451293945312,118.5517349243164,-6.407085418701172,40.793235778808594,-3.289793014526367,25.464677810668945,-9.305264472961426,11.397985458374023,-6.148848533630371,15.341208457946777,-5.157905578613281,5.756854057312012,-6.286323547363281,5.865663051605225,-2.801506757736206,2.5843725204467773,-4.748822212219238,4.527493953704834,-3.1933517456054688,-0.3205060064792633,reggae,reggae.00008.wav
0.3829874098300934,0.08663682639598846,1609.7558037303513,1990.2806356947433,3270.7802220394738,0.06057597535313467,-232.593017578125,131.2395477294922,2.662842035293579,18.392391204833984,11.315526962280273,22.940380096435547,-10.487954139709473,16.76371192932129,-15.250353813171387,15.543020248413086,-8.380157470703125,8.02341365814209,-3.7811055183410645,3.1112141609191895,-1.4120815992355347,3.2603437900543213,-4.105790615081787,2.9342403411865234,0.3832840919494629,0.01220840122550726,reggae,reggae.00009.wav
0.29494279623031616,0.06166275218129158,2149.7748681954477,2037.0132045310904,4427.873225256385,0.10279038373161764,-233.6129608154297,87.49832916259766,-22.208412170410156,52.04625701904297,-8.596837043762207,24.979408264160156,-18.240001678466797,1.8987337350845337,-9.137019157409668,-0.2273465096950531,-17.065608978271484,-3.0177414417266846,-9.790681838989258,-8.786684036254883,-7.723598003387451,-2.1792304515838623,-13.649117469787598,-6.486290454864502,-9.148552894592285,-12.729435920715332,reggae,reggae.00010.wav
0.41850125789642334,0.0784122422337532,1995.6005146508544,2295.4662396097133,4557.697440227119,0.07032270401993033,-198.63279724121094,102.41358184814453,-10.031449317932129,30.802383422851562,-3.310605764389038,20.27692413330078,-5.637373447418213,28.095630645751953,-11.512123107910156,18.20206642150879,-7.365782260894775,12.278468132019043,-4.360509395599365,11.402966499328613,-3.4694695472717285,2.0161314010620117,-6.987337112426758,1.11392080783844,-1.4947572946548462,1.9552050828933716,reggae,reggae.00011.wav
0.4273662567138672,0.07557864487171173,2300.0529187574825,2303.614904048928,4920.020249310662,0.1137952302631579,-191.17173767089844,96.34012603759766,-17.656991958618164,24.872455596923828,-0.8780680298805237,26.344680786132812,-12.918911933898926,19.642457962036133,-9.785496711730957,16.9770565032959,-8.600343704223633,11.421409606933594,-8.215002059936523,5.967795372009277,-1.8638286590576172,5.96027135848999,-8.060111045837402,3.3991615772247314,-2.6318390369415283,-0.7988751530647278,reggae,reggae.00012.wav
0.3621758818626404,0.11165975779294968,1606.560170615663,1974.1980410603148,3432.80424230239,0.07054114563177244,-206.4923553466797,122.64485931396484,-0.6156088709831238,29.371662139892578,10.252774238586426,28.223461151123047,-9.92139720916748,13.379462242126465,-8.442612648010254,11.284242630004883,-7.274707317352295,7.082518577575684,-10.333574295043945,1.9441689252853394,-6.532225131988525,-0.21489080786705017,-7.540655612945557,0.4136563241481781,-1.6585842370986938,-0.1671600341796875,reggae,reggae.00013.wav
0.3949899971485138,0.11409615725278854,1716.11172259999,2062.763193139658,3791.193741836784,0.06411563648897059,-209.72825622558594,105.23511505126953,2.5971055030822754,34.90690994262695,15.330764770507812,25.211894989013672,-6.054940700531006,18.22258186340332,-5.076517105102539,8.924583435058594,-0.996709942817688,8.245265007019043,-4.022233963012695,4.729955196380615,-1.0536168813705444,3.0564935207366943,-4.592584609985352,4.248056888580322,-2.1156551837921143,-3.6582186222076416,reggae,reggae.00014.wav
0.35863691568374634,0.13193196058273315,1923.7123234958624,2314.448964060523,4493.747826921682,0.06821916420762383,-157.72598266601562,109.83527374267578,8.463047981262207,41.79172134399414,5.113607883453369,25.760814666748047,-12.964588165283203,22.06696128845215,-15.514671325683594,14.3726806640625,-11.921098709106445,11.602115631103516,-10.626172065734863,4.125749111175537,-4.051511764526367,3.47048020362854,-8.407583236694336,1.7806471586227417,-5.24262809753418,-1.4668235778808594,reggae,reggae.00015.wav
0.4195210337638855,0.1855965256690979,2118.326028871004,2302.856387031626,4852.278992266109,0.07927087364551083,-76.04832458496094,101.1271743774414,-11.631933212280273,46.23291778564453,-11.216928482055664,31.394113540649414,-9.462058067321777,22.460752487182617,-16.815595626831055,15.975831985473633,-9.508243560791016,11.81232738494873,-7.84501838684082,9.720803260803223,-7.247490406036377,6.174860000610352,-8.610061645507812,8.070505142211914,-5.585202693939209,3.7330098152160645,reggae,reggae.00016.wav
0.4259521961212158,0.13965924084186554,1803.5661063308744,1972.8008640329194,3777.985488371952,0.07796513702109133,-154.8780975341797,110.04191589355469,-18.444854736328125,36.64432907104492,0.523158609867096,31.58628273010254,-10.428807258605957,18.810909271240234,-7.182783603668213,13.130121231079102,-5.2511677742004395,8.89039421081543,-6.718358993530273,6.009431838989258,-2.800279378890991,3.6374125480651855,-2.220893144607544,5.303639888763428,-6.580044746398926,-2.9349851608276367,reggae,reggae.00017.wav
0.394586443901062,0.10636913776397705,1907.3818844890318,2124.386654365797,4220.232814162878,0.07739862495162539,-170.92190551757812,107.74945831298828,-1.7545521259307861,46.44015884399414,-0.19604653120040894,24.946035385131836,-10.681297302246094,18.073284149169922,-10.796637535095215,11.152105331420898,-7.2524518966674805,6.203108310699463,-6.464095592498779,2.046372413635254,-2.4408740997314453,2.557905673980713,-4.042342185974121,0.7938117384910583,-3.756038188934326,-1.6679434776306152,reggae,reggae.00018.wav
0.39388507604599,0.1387546807527542,1754.5284525268162,2068.6260106561267,3841.8934352626743,0.07129926651993033,-184.5159454345703,106.18036651611328,4.0202484130859375,38.73769760131836,8.40831470489502,30.45932960510254,-3.355588436126709,20.299545288085938,-1.551379919052124,15.9221773147583,-6.521013259887695,13.197271347045898,-1.7158337831497192,6.85284423828125,-3.2387495040893555,1.8637657165527344,-6.04903507232666,3.513502597808838,-7.414122104644775,-1.7434582710266113,reggae,reggae.00019.wav
0.37093377113342285,0.13927479088306427,1637.926368499015,2045.9357051126199,3596.253253948578,0.05678045786571207,-177.68386840820312,113.61753845214844,2.316892385482788,35.84281539916992,1.594757318496704,34.69797897338867,-8.755849838256836,16.29605484008789,-9.335260391235352,14.175699234008789,-2.073439598083496,13.142422676086426,-7.247561454772949,3.586015462875366,-0.5792335271835327,4.835953235626221,-3.5922882556915283,3.7729363441467285,-4.312046527862549,-1.1142003536224365,reggae,reggae.00020.wav
0.3900379240512848,0.15503212809562683,2007.3726579716629,2120.5352413386854,4324.615516308291,0.09286754123935759,-88.09089660644531,109.4167251586914,-25.173023223876953,40.403038024902344,-8.781224250793457,24.70951271057129,-11.537566184997559,18.49916648864746,-8.295320510864258,17.030210494995117,-8.444005966186523,9.802780151367188,-12.90077018737793,1.5720210075378418,-10.528802871704102,-0.43553224205970764,-7.793018817901611,3.4446897506713867,-4.978801727294922,0.05896695330739021,reggae,reggae.00021.wav
0.4554273784160614,0.182183176279068,2059.358899258583,2227.0664146910763,4552.972468798374,0.0723423441128096,-91.33976745605469,98.83060455322266,-23.198654174804688,46.87973403930664,-6.8574090003967285,29.266338348388672,-9.967306137084961,25.659387588500977,-10.211893081665039,19.611228942871094,-8.218379974365234,13.4072265625,-6.49976110458374,14.019779205322266,0.4112347960472107,12.581326484680176,0.3452065885066986,10.107012748718262,-0.4318874180316925,1.2852144241333008,reggae,reggae.00022.wav
0.42847755551338196,0.10780409723520279,2354.2710703063417,2335.857887101552,5048.41113961518,0.1202902779121517,-161.81602478027344,78.71281433105469,-19.275562286376953,55.1133918762207,13.201412200927734,30.957822799682617,-7.024675369262695,24.269943237304688,-12.833857536315918,21.512704849243164,-13.528580665588379,12.772055625915527,-7.446732521057129,12.76699447631836,-3.334873914718628,9.13467025756836,-7.7527360916137695,0.6410759687423706,-4.095522403717041,0.5013718605041504,reggae,reggae.00023.wav
0.3486715257167816,0.12365177273750305,1811.3582154873116,2019.2526860338728,3854.901689936871,0.0721775680872678,-169.24366760253906,110.44771575927734,-8.553956985473633,43.8986930847168,0.26645389199256897,26.64651107788086,-14.365674018859863,13.026835441589355,-11.14289665222168,8.14470100402832,-7.690255641937256,10.9099702835083,-8.17238712310791,2.804637908935547,-6.414233207702637,1.1023634672164917,-4.261435508728027,4.327075958251953,-3.458247423171997,1.208492636680603,reggae,reggae.00024.wav
0.362489253282547,0.12678320705890656,1709.0354342543874,1899.2199943519847,3582.7866687125097,0.07374974300986842,-177.34091186523438,110.98352813720703,-15.655527114868164,36.77762985229492,0.06121845170855522,24.468961715698242,-3.7678868770599365,18.42662239074707,-3.3727521896362305,13.775833129882812,-2.107058048248291,8.593649864196777,-5.945119857788086,2.901698350906372,-5.276312828063965,-3.0622096061706543,-6.204488754272461,2.0515823364257812,-0.9910092949867249,2.3013546466827393,reggae,reggae.00025.wav
0.40271538496017456,0.13427872955799103,1840.8054757537875,2054.3627295419174,4007.0841030439724,0.07455850607101393,-171.674560546875,99.35704040527344,-8.266291618347168,49.60402297973633,1.087764024734497,31.122861862182617,-7.134890556335449,15.888201713562012,-1.3654099702835083,12.733199119567871,-5.199900150299072,11.809978485107422,-5.325465679168701,3.167011260986328,-6.69428014755249,0.026681657880544662,-7.726802825927734,6.697010040283203,-3.759105682373047,-1.7928301095962524,reggae,reggae.00026.wav
0.403734028339386,0.12768055498600006,2086.531502835946,2317.960538492454,4678.97170689822,0.08737815644349846,-177.61338806152344,89.95230102539062,4.605282783508301,40.16278839111328,0.16708147525787354,23.18253517150879,-9.905035018920898,12.76270866394043,-7.30821418762207,18.73248291015625,-5.735256195068359,6.114346027374268,-9.921317100524902,0.2747690677642822,-8.23163890838623,3.8664119243621826,-6.866093635559082,2.1783082485198975,-2.355292797088623,1.8247568607330322,reggae,reggae.00027.wav
0.48730456829071045,0.07285960763692856,1640.0485302065745,1906.2950902164437,3494.9705330580014,0.06783783620356038,-256.3182678222656,104.26258087158203,-7.273194789886475,56.24643325805664,11.09731674194336,27.300397872924805,5.819084167480469,17.78363609313965,-1.2736736536026,14.663481712341309,-3.464660167694092,10.8682279586792,-2.4614920616149902,1.56373131275177,-3.7310221195220947,-1.3596017360687256,-4.205596446990967,1.3962827920913696,-0.27640560269355774,-1.6045074462890625,reggae,reggae.00028.wav
0.4289092421531677,0.10383700579404831,1585.601293881055,2126.9648563718615,3736.244074109907,0.04367887420181889,-202.02220153808594,111.09486389160156,8.87687873840332,51.826438903808594,1.2931867837905884,30.04319190979004,-4.508890151977539,22.452714920043945,-7.146486759185791,11.500770568847656,-4.760858058929443,10.600747108459473,-2.6392035484313965,9.013607025146484,-4.35933780670166,-0.04145137593150139,-4.326358318328857,0.6534750461578369,-3.74523663520813,-6.195462703704834,reggae,reggae.00029.wav
0.4876407980918884,0.08051517605781555,1814.19900091257,2187.883147011966,4068.258733129354,0.07047840980553406,-239.17884826660156,98.96217346191406,19.201751708984375,50.79389953613281,2.838991165161133,32.244686126708984,-1.5015263557434082,16.732337951660156,-7.452125072479248,16.716909408569336,1.497063159942627,16.056482315063477,2.8027045726776123,5.9377055168151855,-6.308285236358643,-1.0379016399383545,-6.344043254852295,2.1457455158233643,-6.64042329788208,-5.261344909667969,reggae,reggae.00030.wav
0.4904192388057709,0.09199360013008118,1578.9797524821934,2022.4438370808307,3540.945255055147,0.05862247242647059,-226.4188232421875,103.35993194580078,0.1665022075176239,43.97385787963867,10.650589942932129,35.2100715637207,8.444857597351074,21.14563751220703,-3.2926626205444336,15.537871360778809,-3.010857105255127,11.102892875671387,1.7772819995880127,10.621122360229492,-5.756462574005127,-0.9837617874145508,-4.132329940795898,0.6594139933586121,-3.791853189468384,-0.5790857076644897,reggae,reggae.00031.wav
0.48696228861808777,0.06389627605676651,1510.806650097002,1850.300559898857,3319.1299296754064,0.0658639252370356,-243.80943298339844,123.34759521484375,-15.570890426635742,38.88397216796875,6.487192153930664,25.511737823486328,3.0363428592681885,17.17544174194336,-0.21269448101520538,8.983331680297852,-2.4875261783599854,6.7616143226623535,-3.453197479248047,3.2560691833496094,-3.433875799179077,-0.47975537180900574,-2.5348236560821533,-1.862334966659546,-4.96552038192749,-2.7182347774505615,reggae,reggae.00032.wav
0.44672203063964844,0.07420201599597931,1615.9036118108686,2062.8677397297074,3560.1451389560757,0.059147790489551086,-249.427734375,111.49365234375,11.282425880432129,41.32826614379883,-2.885129928588867,34.55427551269531,0.42364582419395447,22.34600067138672,-9.96639633178711,10.20838451385498,-2.8217613697052,8.728781700134277,-1.4477804899215698,2.2692573070526123,-3.888221502304077,-1.8549621105194092,-0.842357337474823,-0.937394380569458,-3.169790267944336,-4.326778411865234,reggae,reggae.00033.wav
0.47058528661727905,0.08248903602361679,1291.4824551695663,1746.2980689654737,2827.566235427148,0.04461386476876935,-238.86949157714844,132.3236541748047,-0.12489058822393417,41.23384475708008,2.423020362854004,19.093399047851562,7.968852996826172,19.944677352905273,-0.6315843462944031,11.098160743713379,-1.719542145729065,9.940314292907715,3.0247061252593994,2.2102932929992676,-7.8496413230896,-3.9856925010681152,-4.919959545135498,-2.1506597995758057,-2.4111886024475098,0.05068013072013855,reggae,reggae.00034.wav
0.4585399925708771,0.0732119157910347,1699.8353933233093,2030.7174837332313,3787.3354318341235,0.061317467468072755,-223.3667755126953,114.21255493164062,-4.424649238586426,40.1878662109375,-5.098537921905518,24.676881790161133,0.7235718965530396,17.04950523376465,-2.365762233734131,11.154623031616211,-3.084627866744995,6.129700660705566,-5.687175750732422,3.512551784515381,-5.481879711151123,0.03166841343045235,-4.844579696655273,-0.7003846168518066,-3.6393680572509766,-2.8057820796966553,reggae,reggae.00035.wav
0.4345426559448242,0.0799814909696579,1811.5147924120351,2166.312468392972,4119.283424590025,0.05923924874226006,-236.62388610839844,91.68299102783203,1.8581236600875854,45.465084075927734,1.2693517208099365,32.25914764404297,9.054457664489746,19.60755157470703,-5.063745498657227,10.957539558410645,-4.013187408447266,7.537910461425781,-0.33258381485939026,5.808463096618652,-1.819447636604309,5.380284309387207,0.2831557095050812,5.0203537940979,-0.3373815715312958,-0.8484340906143188,reggae,reggae.00036.wav
0.517737627029419,0.0862402692437172,1709.714456389325,2068.0062617750314,3837.6684608105165,0.06328759916795666,-242.55130004882812,98.30878448486328,-3.8207767009735107,46.03242492675781,3.2868471145629883,29.200767517089844,8.863107681274414,26.982606887817383,4.722848415374756,13.119674682617188,-0.6375585198402405,12.055010795593262,3.004189968109131,10.169962882995605,-3.2666876316070557,2.036473035812378,-3.544640302658081,0.9496666193008423,-6.313107013702393,-2.8599464893341064,reggae,reggae.00037.wav
0.37383952736854553,0.07575374841690063,1701.103192532159,2000.4313412268452,3693.844330495356,0.0655547812258127,-240.00929260253906,108.7555160522461,-8.202256202697754,32.19762420654297,-8.816149711608887,18.640666961669922,-4.701401710510254,15.518406867980957,-3.718203544616699,14.536972999572754,-4.792446136474609,6.403633117675781,-2.9500248432159424,2.4401066303253174,-7.110958576202393,-0.15518783032894135,-3.1421594619750977,-1.5445280075073242,-3.7374157905578613,-0.8148621320724487,reggae,reggae.00038.wav
0.5074148774147034,0.10385958850383759,1312.7373064527953,2137.460140238594,2649.925642928841,0.02594957853618421,-300.35504150390625,99.2526626586914,52.999855041503906,43.22673797607422,18.883024215698242,24.84849739074707,-7.955613136291504,22.17586898803711,1.7826728820800781,24.794260025024414,8.393651008605957,20.713451385498047,2.804007053375244,9.560832977294922,1.1138259172439575,5.903201103210449,1.1138864755630493,4.182938575744629,-2.2141101360321045,-2.02830171585083,reggae,reggae.00039.wav
0.3026154935359955,0.039068758487701416,2031.8882309842427,1850.2019356993098,3837.843459752322,0.10104549632352941,-296.0807800292969,93.19380950927734,-31.427438735961914,29.488937377929688,-18.940149307250977,1.9491983652114868,-19.498470306396484,-6.2451171875,-24.019805908203125,-7.098768711090088,-14.191152572631836,3.2708816528320312,-10.61277961730957,-2.7966268062591553,-10.806493759155273,-6.708710193634033,-8.496007919311523,-3.1317625045776367,-7.059975624084473,-4.760056018829346,reggae,reggae.00040.wav
0.3736055791378021,0.11992645263671875,1931.4896901504014,2205.638614424234,4123.183401007402,0.05904763992356811,-177.2906036376953,89.63706970214844,9.614038467407227,65.46782684326172,-1.0167571306228638,15.51467227935791,8.01046085357666,16.342636108398438,0.26795142889022827,2.6445181369781494,2.896160364151001,0.6422156691551208,2.5766913890838623,2.810241937637329,-0.4553273320198059,2.5262749195098877,-1.4070919752120972,-1.6532325744628906,1.2065383195877075,-1.8943055868148804,reggae,reggae.00041.wav
0.43341031670570374,0.0712503045797348,2480.8459326909738,2521.7094790983374,5049.419466851296,0.10571062306501548,-174.81072998046875,79.29305267333984,-24.33302116394043,17.978055953979492,24.47028350830078,15.726946830749512,7.472576141357422,4.225911617279053,3.9170730113983154,4.806662559509277,2.760657787322998,1.7235027551651,-2.3440122604370117,-1.6011022329330444,-4.455368995666504,-0.37273797392845154,-2.4354047775268555,1.4890795946121216,-0.32870975136756897,-3.6642162799835205,reggae,reggae.00042.wav
0.3347782790660858,0.1106187105178833,1484.7434261821936,1644.3137702371994,2775.2082186955786,0.07602637323432662,-164.68896484375,142.69796752929688,-41.4739875793457,41.2348518371582,16.1884708404541,-5.570958614349365,7.642460823059082,5.620356559753418,0.8028852343559265,-10.47752571105957,-2.3480629920959473,-0.4949835538864136,-3.0664114952087402,-0.6133681535720825,1.13455069065094,0.7280752658843994,1.0431115627288818,1.9845235347747803,3.4986023902893066,5.307884216308594,reggae,reggae.00043.wav
0.449276328086853,0.1524408608675003,2454.215349177034,2820.883466207411,5582.274578082673,0.08757694586880804,-104.24897003173828,83.94451141357422,18.881547927856445,28.945411682128906,10.635660171508789,9.320363998413086,9.311715126037598,6.5240044593811035,3.0084590911865234,2.4963021278381348,2.7950141429901123,-0.20271983742713928,3.101010322570801,-2.2135159969329834,-1.747210144996643,-1.530808448791504,-0.2690863609313965,-0.9262979030609131,-0.9377565383911133,-3.527247667312622,reggae,reggae.00044.wav
0.4575735628604889,0.09121400862932205,4283.044762530106,3112.0550806340652,7926.302070735778,0.22392041469136997,-120.32481384277344,16.383317947387695,25.046579360961914,37.259220123291016,9.280131340026855,13.014446258544922,3.22973370552063,5.967851638793945,4.083349227905273,1.696159839630127,1.8896632194519043,2.6729695796966553,2.0346596240997314,-1.7154502868652344,2.103203535079956,3.2449557781219482,-2.076007127761841,2.773261547088623,1.6097710132598877,-4.05014705657959,reggae,reggae.00045.wav
0.3243007957935333,0.09348248690366745,2322.2929756125877,2592.9071385788216,5228.026720171004,0.08097759046052631,-169.03961181640625,79.50440979003906,15.242740631103516,42.74113082885742,7.687919616699219,17.028827667236328,-5.982692718505859,0.5410266518592834,0.06319968402385712,-0.9479885697364807,0.8362159132957458,-1.5890545845031738,-2.892287015914917,-4.030862808227539,-5.774508476257324,-2.5853257179260254,-6.522956848144531,-6.593554973602295,-2.841447591781616,-1.2010623216629028,reggae,reggae.00046.wav
0.3424767553806305,0.10929273068904877,2477.9298991117516,2309.8552804001843,4759.787884880515,0.1149788965750774,-140.3178253173828,69.63296508789062,-9.986164093017578,52.16775131225586,3.2691404819488525,4.559303283691406,-3.493863344192505,2.9231503009796143,-6.571258068084717,-2.6421220302581787,-1.731411337852478,-6.943737506866455,-5.825411319732666,-2.692915678024292,2.5455923080444336,-1.8138262033462524,-2.1630096435546875,-2.9328243732452393,-1.79620361328125,-2.711276054382324,reggae,reggae.00047.wav
0.3901548683643341,0.12016338855028152,2673.271677146015,2550.062750195988,5607.916089698626,0.11121021188080496,-123.73369598388672,66.19564819335938,8.181811332702637,49.75967788696289,8.538769721984863,25.883350372314453,-5.3920440673828125,12.895174980163574,-2.5414345264434814,6.796806335449219,-3.5781755447387695,7.636993885040283,-2.055896520614624,4.918354034423828,3.664884090423584,4.112980842590332,-2.0491461753845215,6.775933265686035,-2.827813148498535,-2.3790359497070312,reggae,reggae.00048.wav
0.3696117699146271,0.1328657567501068,2322.9386798777355,2804.1799088004796,5452.1336983601,0.08073911873548761,-121.49298858642578,89.57814025878906,23.786144256591797,32.76792907714844,8.8570556640625,-2.615966320037842,6.627801418304443,1.766899585723877,-2.9514718055725098,-3.099351167678833,-0.6974905729293823,-5.429426193237305,-6.5477986335754395,-4.70449686050415,-3.2821004390716553,-6.46645975112915,-6.659791946411133,-4.415187358856201,-3.1623806953430176,-3.979930877685547,reggae,reggae.00049.wav
0.4603503346443176,0.1310683637857437,2955.9154393104704,2690.613294287067,5871.231164135062,0.12710883078560373,-104.88101959228516,66.38381958007812,-2.305335760116577,24.606273651123047,8.414865493774414,6.770360946655273,1.6772854328155518,5.181164264678955,1.0552061796188354,2.198810338973999,2.9562771320343018,4.582302570343018,4.208452224731445,3.0977349281311035,-1.4157376289367676,0.226889967918396,1.0962345600128174,-2.324596405029297,-2.894322156906128,-2.1844987869262695,reggae,reggae.00050.wav
0.5696021318435669,0.1173657551407814,4276.113111170075,2877.5263742277384,7677.036911341428,0.27482940390383126,-154.9625244140625,-1.539153814315796,22.388729095458984,30.425212860107422,2.1195714473724365,28.59612274169922,16.995513916015625,13.418903350830078,8.493890762329102,6.48397159576416,9.772991180419922,10.905425071716309,2.174382448196411,1.6381510496139526,6.348546504974365,6.907593727111816,-7.803151607513428,4.69493293762207,3.4125053882598877,0.6699700355529785,reggae,reggae.00051.wav
0.5022181272506714,0.19002780318260193,3288.43329145076,3252.779178641027,7285.10594796101,0.13413826673761609,-85.30075073242188,60.94269943237305,34.7901496887207,19.804203033447266,16.715721130371094,7.9753336906433105,9.312554359436035,11.3640718460083,1.394199252128601,-0.0879477858543396,6.4077630043029785,3.6292884349823,5.676821708679199,7.217583656311035,-0.8390436768531799,3.2431821823120117,-2.6891911029815674,0.36227473616600037,4.752417087554932,0.3332175314426422,reggae,reggae.00052.wav
0.46941012144088745,0.06305282562971115,2004.3538474526456,2298.145721741871,4159.908178937693,0.08977950246710527,-251.39256286621094,105.85577392578125,2.220024585723877,32.48439407348633,16.563274383544922,8.290815353393555,10.365556716918945,5.504936695098877,0.8699619770050049,8.355298042297363,-0.6317737698554993,9.898768424987793,-1.8497397899627686,4.418547630310059,1.8289824724197388,4.246808052062988,-0.20060063898563385,2.2507565021514893,0.934554934501648,1.2882609367370605,reggae,reggae.00053.wav
0.39628836512565613,0.0968751609325409,2541.9768822749897,2725.503663441282,5475.575223279073,0.10153566720684984,-182.1938934326172,83.51700592041016,4.844893455505371,12.691200256347656,30.07164192199707,17.201648712158203,6.103977680206299,7.693450927734375,7.146999835968018,8.883383750915527,-2.1501874923706055,5.713592052459717,1.4522558450698853,-4.9398345947265625,2.9155704975128174,2.189584732055664,-3.2314157485961914,0.7591997981071472,-1.6967705488204956,-0.6337946057319641,reggae,reggae.00054.wav
0.4619710147380829,0.11290561407804489,2525.883148548213,2840.031024653128,5595.957828675261,0.0822270160119969,-130.3925018310547,84.2853775024414,29.355722427368164,23.844406127929688,8.28787899017334,13.861767768859863,2.22910737991333,2.9254555702209473,2.5764942169189453,0.09832214564085007,2.340669631958008,2.746436834335327,3.7561280727386475,3.7823874950408936,2.122605562210083,3.13647723197937,0.16150407493114471,2.3938252925872803,-4.115126132965088,-1.7669310569763184,reggae,reggae.00055.wav
0.37026241421699524,0.10052798688411713,2174.1042292536513,2460.904693392289,4659.646823753144,0.08318468217879257,-162.5088348388672,98.48662567138672,-1.6052876710891724,20.81171417236328,12.058051109313965,11.743512153625488,6.093582630157471,4.958357810974121,1.705944299697876,3.0551607608795166,-0.8599133491516113,4.120586395263672,3.4256598949432373,-1.3976502418518066,2.2798967361450195,-3.710869073867798,-6.500755786895752,2.5851759910583496,1.4101468324661255,2.2299420833587646,reggae,reggae.00056.wav
0.37290987372398376,0.10334067046642303,2170.729333695411,2577.52397771507,4776.804448650349,0.07889861588138544,-177.292724609375,98.2851791381836,14.708465576171875,21.133085250854492,14.94108772277832,10.188179969787598,4.973139762878418,0.8437904119491577,4.830460071563721,6.869421005249023,3.542900323867798,-0.35623598098754883,0.5778768658638,1.3758777379989624,2.012892484664917,-0.30699247121810913,-1.3682137727737427,2.899634599685669,-0.9794655442237854,-0.5216541290283203,reggae,reggae.00057.wav
0.37186235189437866,0.091152623295784,2631.8490363841825,2827.839241374862,5700.073865766496,0.11201028262867647,-169.340576171875,83.90910339355469,11.203277587890625,12.13480281829834,21.07720375061035,9.5333833694458,0.9363658428192139,2.1945176124572754,0.8756654262542725,1.6430134773254395,-0.41765838861465454,0.7432359457015991,-4.787158489227295,-1.7297720909118652,-2.093574047088623,-1.4278101921081543,-4.669386863708496,-0.21244703233242035,1.9530636072158813,-1.2630274295806885,reggae,reggae.00058.wav
0.37597787380218506,0.12639175355434418,2671.9431591250614,2716.8459265601514,5700.315530971846,0.11742559379837461,-93.51580810546875,80.18165588378906,-0.3042792081832886,15.263566017150879,4.34832763671875,9.056693077087402,1.6918386220932007,2.54801869392395,-4.297323226928711,1.0002481937408447,-1.6963750123977661,-2.996873378753662,2.2530195713043213,-2.0940117835998535,0.3257627785205841,-4.3774824142456055,-4.043880462646484,-3.15999174118042,-5.4167256355285645,-2.143590211868286,reggae,reggae.00059.wav
0.2991151511669159,0.02583705447614193,2395.785250668999,2301.0001364932536,4792.521020281057,0.11853254099748452,-301.4396667480469,77.22313690185547,-13.575448989868164,39.30436706542969,1.602999210357666,16.89271354675293,-7.25034761428833,-3.6011548042297363,1.1691409349441528,-3.2648887634277344,-8.437726974487305,-3.6016147136688232,-2.6015775203704834,-7.234960556030273,-2.442450761795044,0.7665416598320007,-8.960346221923828,-2.651947021484375,-5.497489929199219,-8.402103424072266,reggae,reggae.00060.wav
0.395361989736557,0.18103952705860138,3122.9386087150997,2918.2212026844577,6473.494188999613,0.1335615506482198,-74.0531005859375,58.015201568603516,9.140951156616211,29.25894546508789,12.535322189331055,-0.18953324854373932,0.1652970016002655,1.3719067573547363,-5.0914998054504395,1.3520698547363281,2.8511605262756348,-1.5608810186386108,0.8852587938308716,1.0400748252868652,-4.336042404174805,-3.7478487491607666,-3.6638267040252686,-1.0602558851242065,-4.114143371582031,-4.137697219848633,reggae,reggae.00061.wav
0.44482913613319397,0.05732228606939316,2113.391953819571,2595.2174679502996,4785.929393473055,0.06088285180437306,-265.69500732421875,80.61592102050781,9.722023010253906,36.65708541870117,27.836795806884766,12.086828231811523,15.014477729797363,15.116936683654785,6.558818817138672,6.284592151641846,7.48602294921875,5.644510269165039,4.349678993225098,3.085050106048584,2.4041407108306885,2.1855628490448,2.478586435317993,1.273066520690918,-0.21760566532611847,0.8088294863700867,reggae,reggae.00062.wav
0.41585445404052734,0.09758127480745316,1910.6006441535096,2114.9895233091474,3939.834509693063,0.0833796923374613,-168.56568908691406,109.54734802246094,-20.666072845458984,38.95631408691406,7.960122108459473,0.33540141582489014,6.036591053009033,4.08657169342041,-1.3609744310379028,0.11973297595977783,0.24298766255378723,0.35119831562042236,5.302457332611084,3.68461537361145,2.848891496658325,4.475932598114014,0.8096897602081299,3.007136821746826,1.523585557937622,2.4545724391937256,reggae,reggae.00063.wav
0.4168050289154053,0.2677714228630066,3094.02220916496,3135.97809929496,6973.949496148171,0.10088072029798761,-70.11164855957031,54.3621826171875,15.596424102783203,19.821365356445312,27.005250930786133,13.251235008239746,0.7004847526550293,10.075650215148926,6.688830375671387,-0.3047304153442383,2.9781808853149414,6.023298263549805,1.0923577547073364,3.16975474357605,0.24927003681659698,3.036562442779541,-5.600441932678223,-1.314188838005066,-1.956627607345581,-8.710367202758789,reggae,reggae.00064.wav
0.3758155405521393,0.2980850338935852,2080.8998101028196,2264.8255954836695,4366.306930872678,0.08281998294794891,-66.1877670288086,97.88822174072266,-18.818099975585938,26.937904357910156,14.020184516906738,6.029330253601074,9.445992469787598,10.570343971252441,-0.136586993932724,8.126069068908691,10.541821479797363,8.009013175964355,3.8083314895629883,4.012860298156738,2.713129758834839,0.4244292080402374,-4.201878547668457,0.10073725134134293,0.1490149199962616,-3.1472928524017334,reggae,reggae.00065.wav
0.38920077681541443,0.12912783026695251,1629.3916759342683,1886.700233620657,3259.1219592020607,0.06711183908184984,-147.08929443359375,120.09329986572266,-21.591428756713867,39.64054870605469,6.949150085449219,15.087430953979492,-1.0081932544708252,15.945317268371582,2.54323410987854,4.510831356048584,0.02295202948153019,4.332127094268799,4.638779163360596,4.006374835968018,3.054718017578125,0.5425983667373657,-6.139917373657227,-1.6537439823150635,-0.7300300002098083,0.19702498614788055,reggae,reggae.00066.wav
0.39610007405281067,0.14007322490215302,1729.221510067004,2362.468419705552,3520.153714112084,0.06049774453366873,-132.95237731933594,117.09168243408203,-2.7985999584198,22.529333114624023,25.919849395751953,0.2901604175567627,13.511026382446289,3.395885705947876,4.522271156311035,0.5429567694664001,-0.0720813199877739,5.095772743225098,-0.15914741158485413,1.2715699672698975,3.0685508251190186,1.397264838218689,-0.5488079786300659,0.13979937136173248,-1.048182487487793,-0.040011584758758545,reggae,reggae.00067.wav
0.3586420714855194,0.09532419592142105,2104.9458967015426,2311.3974771349967,4381.623504922117,0.07786158511513158,-194.80711364746094,83.02938842773438,-0.7573575973510742,32.375301361083984,2.8250601291656494,23.1677303314209,2.9668242931365967,14.221725463867188,8.545363426208496,10.447763442993164,7.068881511688232,8.804685592651367,1.408790111541748,5.408779621124268,2.7515854835510254,5.247326374053955,1.6427810192108154,0.5076165199279785,1.141183614730835,-1.5598167181015015,reggae,reggae.00068.wav
0.36254438757896423,0.12575796246528625,2461.457562285525,2683.171027864963,5288.368021962075,0.08041447973103716,-142.7815399169922,83.62422943115234,21.906211853027344,33.849456787109375,4.624049186706543,4.1626973152160645,1.9368715286254883,21.812685012817383,-5.94234561920166,0.5001415610313416,17.423234939575195,-11.433121681213379,10.545722961425781,2.2018425464630127,1.4132795333862305,1.754595160484314,-1.397631049156189,2.016296863555908,-1.8893013000488281,0.6375470757484436,reggae,reggae.00069.wav
0.3805536925792694,0.14901283383369446,2288.9314176081257,2534.0413134160685,5006.536392826045,0.06099963114357585,-136.78912353515625,75.59191131591797,-5.333469867706299,23.440128326416016,0.7612740993499756,12.29259204864502,4.4802775382995605,5.15785026550293,-0.07490858435630798,9.033966064453125,4.9023919105529785,2.3301923274993896,5.475173473358154,0.6624333262443542,1.4746830463409424,3.8372912406921387,-1.5902513265609741,-1.7209572792053223,-4.443439483642578,-9.697896003723145,reggae,reggae.00070.wav
0.4089176654815674,0.15084101259708405,3109.580608719877,2852.420966793385,6392.311346567822,0.12166630889609133,-141.76731872558594,44.17989730834961,21.71708869934082,43.29201126098633,21.742549896240234,11.178961753845215,3.543303966522217,15.015563011169434,-1.7441003322601318,6.435993671417236,6.909985542297363,0.7032584547996521,3.9693093299865723,1.4794365167617798,4.678296089172363,0.9025712609291077,2.223074197769165,3.375713586807251,-2.6652097702026367,0.509578287601471,reggae,reggae.00071.wav
0.4327182471752167,0.14293235540390015,3086.1860008884605,2974.065400197414,6572.1602590460525,0.13607514089106038,-94.1405258178711,68.22994232177734,3.975480079650879,7.6313862800598145,12.791033744812012,-3.185734987258911,-3.9074442386627197,3.8176004886627197,-6.121651649475098,-0.35184234380722046,0.33756330609321594,-4.674421310424805,-3.0098025798797607,-2.9692575931549072,-3.1980948448181152,-4.922947406768799,-5.001903057098389,1.3904978036880493,-2.0881764888763428,-2.088639736175537,reggae,reggae.00072.wav
0.4494660794734955,0.19222165644168854,2153.2951509096097,2667.525534673681,5073.910985421101,0.05106696255804954,-105.88101959228516,87.99615478515625,19.372705459594727,30.62493133544922,10.02409553527832,18.0201473236084,3.6549272537231445,8.923996925354004,5.825234413146973,8.873672485351562,5.664957523345947,10.555123329162598,5.9011640548706055,6.10438871383667,7.049707889556885,5.099786281585693,4.457999229431152,2.1786813735961914,1.3961857557296753,-1.2673673629760742,reggae,reggae.00073.wav
0.4546491503715515,0.19221866130828857,2148.603575494345,2665.358067100445,5064.42770943184,0.051022745138351394,-105.86871337890625,88.18165588378906,19.30242347717285,30.579696655273438,9.983685493469238,17.954727172851562,3.689756155014038,8.922591209411621,5.854974269866943,8.851582527160645,5.623591899871826,10.514842987060547,5.916852951049805,6.103880882263184,7.047877311706543,5.083662509918213,4.441308975219727,2.1635663509368896,1.4177474975585938,-1.2327799797058105,reggae,reggae.00074.wav
0.38970285654067993,0.17095790803432465,2481.191325890234,2323.8040355304543,4846.387361225329,0.13506002987132354,-63.82210159301758,88.2540512084961,-27.603097915649414,18.600967407226562,-3.577483654022217,5.198116302490234,0.9838290810585022,8.052980422973633,-4.396183013916016,2.2758755683898926,4.154455661773682,-2.2084977626800537,10.26652717590332,1.8743327856063843,6.291245937347412,4.695100784301758,-7.750706672668457,4.598705291748047,-1.5900236368179321,0.6310114860534668,reggae,reggae.00075.wav
0.44042614102363586,0.21068911254405975,2456.1544092561144,2559.7410978450016,5054.527769295424,0.08827233093072756,-105.70984649658203,76.1017837524414,19.5106143951416,36.70929718017578,3.749850273132324,11.684267044067383,0.07589343935251236,7.092368125915527,7.659843444824219,10.457496643066406,0.9903632402420044,-2.199362277984619,-1.5104167461395264,2.6376311779022217,2.117230176925659,1.428885579109192,3.849297285079956,5.6981024742126465,-0.13352453708648682,-1.5506123304367065,reggae,reggae.00076.wav
0.39548975229263306,0.11652950942516327,1778.3264606974715,2174.118858547304,3821.9518891798084,0.06091951069078947,-151.77394104003906,105.12451934814453,-6.166162967681885,47.94609832763672,11.344108581542969,15.08799934387207,11.635066986083984,6.607784748077393,6.817538738250732,2.3976097106933594,-1.0347644090652466,-0.22057220339775085,-0.6423186659812927,-4.03156852722168,-1.7196907997131348,-0.6675688028335571,-6.978829860687256,-2.429037570953369,-1.1788955926895142,-3.8099961280822754,reggae,reggae.00077.wav
0.45281919836997986,0.09433407336473465,2317.4758286832307,2334.685756399186,4680.663363335671,0.09380782277960527,-175.48696899414062,78.02301788330078,-2.5604965686798096,52.86768341064453,15.842401504516602,24.755294799804688,5.295869827270508,8.655302047729492,6.652233600616455,9.806406021118164,-3.3547556400299072,4.118610858917236,2.3579514026641846,-3.3535118103027344,0.7974125742912292,-0.2639148533344269,-6.3318634033203125,-6.457859039306641,-1.2566739320755005,-6.455194473266602,reggae,reggae.00078.wav
0.47635507583618164,0.08061355352401733,3003.0228526329006,2214.713375068283,5294.126320475764,0.18643386888061145,-155.67242431640625,57.027366638183594,-35.24770736694336,33.28634262084961,-14.187575340270996,25.281808853149414,2.5339672565460205,4.247924327850342,8.487785339355469,4.56798791885376,2.8205196857452393,2.5739941596984863,2.8225185871124268,3.6183273792266846,-2.8702094554901123,-7.497377872467041,0.19377782940864563,-1.4596338272094727,-2.1718602180480957,-0.05962728336453438,reggae,reggae.00079.wav
0.477048397064209,0.19575418531894684,2538.8183244874817,2644.457246211116,5260.409857687935,0.09431537828947369,-103.10472869873047,67.23043823242188,2.2398650646209717,28.497493743896484,4.176846027374268,11.877421379089355,14.268192291259766,14.302058219909668,3.2598321437835693,15.845577239990234,8.033733367919922,4.457915306091309,8.679057121276855,8.057953834533691,7.979671955108643,5.031801223754883,3.7384490966796875,-0.32675492763519287,-0.938552975654602,-1.0842903852462769,reggae,reggae.00080.wav
0.4735247790813446,0.17930914461612701,2567.6720453746466,2630.235731297356,5315.526191073674,0.0994389300744969,-115.72032165527344,67.04470825195312,1.9207347631454468,29.12337875366211,4.00742769241333,12.044657707214355,13.98845100402832,14.918452262878418,2.2994470596313477,17.055818557739258,7.568180084228516,4.992762088775635,8.5475492477417,8.288142204284668,7.898526668548584,5.850144863128662,3.111436367034912,0.054986439645290375,-1.545289158821106,-1.279009222984314,reggae,reggae.00081.wav
0.4735247790813446,0.17930914461612701,2567.6720453746466,2630.235731297356,5315.526191073674,0.0994389300744969,-115.72032165527344,67.04470825195312,1.9207347631454468,29.12337875366211,4.00742769241333,12.044657707214355,13.98845100402832,14.918452262878418,2.2994470596313477,17.055818557739258,7.568180084228516,4.992762088775635,8.5475492477417,8.288142204284668,7.898526668548584,5.850144863128662,3.111436367034912,0.054986439645290375,-1.545289158821106,-1.279009222984314,reggae,reggae.00082.wav
0.3267635405063629,0.05672549828886986,1366.429347381977,1737.328608890746,2562.884502588042,0.07119609254063468,-285.9736022949219,138.68746948242188,19.947643280029297,35.245121002197266,-7.994090557098389,7.078868865966797,5.405129909515381,-3.206392288208008,-1.1585747003555298,3.2082622051239014,1.496443748474121,-4.035818576812744,-6.334192752838135,-0.9289379715919495,-4.3636250495910645,2.883333206176758,1.2566572427749634,1.972559928894043,0.7886766791343689,-4.28861141204834,reggae,reggae.00083.wav
0.3190639615058899,0.11420159786939621,1788.5445972751872,2121.0282353750026,3820.201899761755,0.07602221604102168,-150.912109375,111.76167297363281,2.91566801071167,42.73334884643555,-3.5954196453094482,15.153263092041016,3.4516782760620117,0.18917769193649292,-4.718381881713867,3.858656883239746,-0.8896032571792603,-5.351660251617432,0.6894755363464355,-1.2251096963882446,-5.051312446594238,-5.071632385253906,-8.56414794921875,-7.982334136962891,-5.302202224731445,-1.4553042650222778,reggae,reggae.00084.wav
0.3958238661289215,0.11948926001787186,1797.4051726737525,1649.7447379348403,3440.079198311726,0.09941020764802631,-175.1691436767578,116.6299819946289,-55.12920379638672,59.90557861328125,1.961409568786621,1.0681366920471191,14.60234546661377,-3.2314059734344482,2.789919137954712,5.709691047668457,-1.8400206565856934,7.874343395233154,0.40650472044944763,0.04450119659304619,-1.159000039100647,-4.510992527008057,-2.9495673179626465,-3.6833579540252686,-2.5156965255737305,-7.052287578582764,reggae,reggae.00085.wav
0.663541316986084,0.35094302892684937,4434.948742523192,2844.427231290672,7624.545562082769,0.2602225383368808,42.11286544799805,37.424171447753906,-7.922309398651123,4.491990089416504,8.947957038879395,3.5308406352996826,3.0852084159851074,1.6274316310882568,6.2675347328186035,1.821806788444519,-0.5613663196563721,-0.3943433165550232,1.6282494068145752,2.9074900150299072,0.3815021216869354,-2.3099114894866943,-4.1410393714904785,-2.188842296600342,-3.336350679397583,-1.8612619638442993,reggae,reggae.00086.wav
0.3877294957637787,0.2078382819890976,3296.209659000533,3064.6375918381927,6908.908222777187,0.1218802153879644,-110.20217895507812,48.54799270629883,29.644615173339844,18.442466735839844,-0.47234880924224854,4.6547112464904785,-2.267071008682251,-6.58841609954834,-2.1527016162872314,-0.15998108685016632,-0.6845914721488953,0.5441745519638062,1.9038584232330322,-1.063188910484314,1.7236895561218262,0.8197152018547058,-1.6870392560958862,2.6605753898620605,3.100893497467041,3.7421092987060547,reggae,reggae.00087.wav
0.3756997883319855,0.12002135813236237,3881.383875119963,3361.8478582878743,8250.366777827496,0.18931631554760062,-75.23249816894531,44.853004455566406,10.078606605529785,1.1481962203979492,1.1562961339950562,-3.140685796737671,0.13975992798805237,0.07932735234498978,-3.4337422847747803,0.11067809164524078,-1.9280569553375244,-2.3146519660949707,-0.07721777260303497,-3.4861435890197754,-0.3764776587486267,-2.729149103164673,2.508737564086914,-0.9931395649909973,3.6319658756256104,-2.596057176589966,reggae,reggae.00088.wav
0.36949577927589417,0.1513819396495819,1052.002100832135,1401.116765374744,2054.704242151219,0.03803831874032508,-194.45693969726562,157.13970947265625,-14.128241539001465,44.053367614746094,3.478423833847046,17.465808868408203,2.9772441387176514,5.83376407623291,3.0153090953826904,1.0755280256271362,2.5912234783172607,0.7998103499412537,0.6491770148277283,-2.4909732341766357,0.8378124237060547,1.383184790611267,-4.2748637199401855,-0.5335149765014648,-1.9673728942871094,-1.341783046722412,reggae,reggae.00089.wav
0.47000405192375183,0.14426259696483612,2867.992801312542,2676.037975462006,5796.573282247727,0.13065151533475233,-127.36402893066406,65.99180603027344,4.458125114440918,30.05898666381836,16.64737319946289,16.52498435974121,-6.399656772613525,15.2887601852417,4.620022296905518,5.104029655456543,5.585709571838379,-0.7697421312332153,6.062219142913818,3.7929255962371826,-2.186095714569092,2.006063461303711,-5.561904430389404,7.7648024559021,-1.513907551765442,5.000389099121094,reggae,reggae.00090.wav
0.3979944586753845,0.0688135027885437,2314.4949684089943,2180.528443145433,4561.047419970249,0.12388965146091331,-159.94081115722656,92.81088256835938,-28.70952606201172,31.46426010131836,-6.610722541809082,12.638018608093262,0.8522680997848511,10.961094856262207,-2.074934959411621,3.666249990463257,3.5795059204101562,0.323055237531662,8.548465728759766,2.839416980743408,6.7491607666015625,4.869925022125244,-7.0079426765441895,3.9703500270843506,-0.7589571475982666,-0.3264077603816986,reggae,reggae.00091.wav
0.39897421002388,0.09213820099830627,2170.7030022441018,2054.8194306433775,4306.940623185952,0.12004009046052631,-138.14389038085938,101.46946716308594,-35.31705093383789,36.16295623779297,-9.493778228759766,14.76218318939209,-0.23332861065864563,11.528227806091309,-2.106009006500244,3.405216693878174,4.204796314239502,0.13827943801879883,9.009115219116211,2.7621333599090576,6.236875534057617,5.738132476806641,-7.938071250915527,5.202520370483398,-1.4864928722381592,0.4521917998790741,reggae,reggae.00092.wav
0.37084782123565674,0.10712717473506927,2109.6362127896273,2528.099436488882,4606.555478122581,0.08934072961010062,-147.45053100585938,113.27776336669922,-6.279628276824951,9.088613510131836,24.54144287109375,-9.802510261535645,13.13619613647461,-1.9909199476242065,-2.7045507431030273,12.23032283782959,-4.112524509429932,-1.0004732608795166,1.969944953918457,1.4699805974960327,0.003984480630606413,-3.005542278289795,-3.584171772003174,-3.8875937461853027,-0.5127022862434387,-3.062150478363037,reggae,reggae.00093.wav
0.36561715602874756,0.13470537960529327,2022.437501264683,2129.4475446132888,3834.176815257353,0.09566646611358359,-97.76292419433594,108.83715057373047,-24.9234619140625,21.319740295410156,12.549696922302246,7.765998363494873,-3.3035848140716553,3.5284223556518555,0.689437210559845,4.195522308349609,-9.684724807739258,4.261557579040527,2.4569170475006104,-6.625020980834961,-3.1610610485076904,-1.1035149097442627,-4.836193084716797,-0.11613147705793381,-7.434682846069336,-7.706037521362305,reggae,reggae.00094.wav
0.42458441853523254,0.16228151321411133,2617.582608076272,2787.620433735666,5720.398742864744,0.10321517330205109,-69.03168487548828,79.13812255859375,13.08932113647461,29.371021270751953,0.26556169986724854,4.156529903411865,-0.442613810300827,0.18855521082878113,2.8111445903778076,0.597999095916748,-2.7980496883392334,-0.5165508389472961,-3.1858015060424805,-7.21445894241333,-4.41195821762085,-6.804214954376221,-9.3783597946167,-2.347946882247925,-5.951030254364014,-7.3565592765808105,reggae,reggae.00095.wav
0.4162684679031372,0.16214606165885925,1629.473422777735,1578.5745901784658,3183.1557518926566,0.07962990397639319,-167.01210021972656,116.64276885986328,-44.190364837646484,70.5038070678711,2.320695400238037,16.017593383789062,12.503347396850586,4.10035514831543,5.3281402587890625,4.525841236114502,7.307662010192871,7.58745813369751,2.9061529636383057,1.477813482284546,1.1352505683898926,-3.1276230812072754,-1.96109938621521,-1.0093393325805664,-4.656003475189209,-4.956987380981445,reggae,reggae.00096.wav
0.27204999327659607,0.11071928590536118,2007.1841367892719,2111.065943270962,4137.408314991292,0.09403079951141641,-142.7908935546875,103.1174545288086,-15.2323579788208,38.268043518066406,-12.985987663269043,2.749526262283325,-1.6750329732894897,-3.4322702884674072,-4.448258876800537,-9.285492897033691,-10.124065399169922,-2.116806983947754,-4.4709153175354,-7.905639171600342,-3.747282028198242,0.5096163153648376,-5.03223180770874,0.30626729130744934,1.589695930480957,1.2246900796890259,reggae,reggae.00097.wav
0.41004911065101624,0.13910417258739471,2025.3801449478724,2397.7380593665207,4461.0230248040825,0.06482538276412539,-134.68275451660156,93.56442260742188,8.521570205688477,34.86943054199219,3.285515308380127,15.515955924987793,4.963839530944824,8.545495986938477,-1.2880833148956299,2.734834671020508,5.069406509399414,11.860010147094727,4.410373687744141,2.062866687774658,1.317481279373169,0.29476428031921387,-2.326158046722412,0.3839457631111145,0.9154462814331055,-0.440934419631958,reggae,reggae.00098.wav
0.4312293827533722,0.18010452389717102,2466.3392174966807,2006.314276490286,4722.8464415937015,0.13958721338041796,-67.13854217529297,80.72981262207031,-43.87337875366211,57.72443389892578,-12.790912628173828,33.593772888183594,-7.733452796936035,14.125051498413086,-1.2325958013534546,7.419583320617676,-2.0364301204681396,6.110562324523926,-6.631474018096924,-1.0051321983337402,-4.763683795928955,1.052847981452942,3.491624116897583,4.5339884757995605,-1.2926300764083862,-3.149141311645508,reggae,reggae.00099.wav
0.38740280270576477,0.12913727760314941,1995.8245086755817,2096.9118028235707,4226.8911072344235,0.09019522179760062,-116.63066864013672,109.2781753540039,-23.151485443115234,40.68846130371094,-11.896858215332031,23.155595779418945,-15.398656845092773,15.127642631530762,-13.522637367248535,12.695952415466309,-10.886425018310547,8.505531311035156,-11.578761100769043,2.1894636154174805,-6.196372032165527,2.0095913410186768,-7.949274063110352,2.084738254547119,-2.3866889476776123,-1.5323055982589722,rock,rock.00000.wav
0.3655102252960205,0.18045319616794586,1529.317559052296,1845.2562029091948,3271.6468834655575,0.054981526944659444,-111.17635345458984,134.16851806640625,-24.667320251464844,41.55748748779297,-3.0730130672454834,28.49441909790039,-10.584973335266113,14.932526588439941,-14.398836135864258,8.850728034973145,-4.554006576538086,9.948249816894531,-4.670233249664307,3.633746385574341,-5.548107147216797,3.3697969913482666,-4.94974946975708,-1.4712833166122437,0.0947897732257843,-5.328054904937744,rock,rock.00001.wav
0.43683382868766785,0.14855237305164337,1874.829786811176,1984.0571930092751,3929.9762359713623,0.0767569054760062,-120.49427795410156,117.59748840332031,-27.599687576293945,42.82583999633789,-6.756321907043457,21.662517547607422,-12.098572731018066,17.94340705871582,-10.448060989379883,12.274320602416992,-6.567336082458496,13.52841854095459,-2.413079023361206,6.70375919342041,-3.146726608276367,5.4707159996032715,-2.239539861679077,1.057280421257019,-1.6519227027893066,-0.042325425893068314,rock,rock.00002.wav
0.3801327347755432,0.15116913616657257,1421.4880254979382,1902.5448382109196,3042.939933091863,0.04309724506578947,-156.60325622558594,130.69366455078125,-1.4667766094207764,36.23871612548828,0.3727351427078247,31.98138999938965,-0.6227638125419617,20.14137840270996,-11.3350830078125,13.838637351989746,-3.776273488998413,11.534398078918457,-3.222189426422119,5.062238693237305,-1.791041374206543,3.539682388305664,-2.4512622356414795,-0.7277507781982422,-1.4179353713989258,0.6315323710441589,rock,rock.00003.wav
0.37273654341697693,0.20868326723575592,1345.8882551385968,1841.7380789268302,2939.2572267136707,0.04109914679276316,-127.97257232666016,134.4472198486328,1.0256680250167847,54.43772888183594,-0.46697676181793213,35.82834243774414,-10.860184669494629,16.37975311279297,-10.032896041870117,6.600140571594238,-6.69980525970459,11.046619415283203,-8.382890701293945,2.1126203536987305,-6.342355251312256,0.9954607486724854,-5.32953405380249,-0.8412491679191589,-4.668554306030273,-4.78690767288208,rock,rock.00004.wav
0.3767895996570587,0.20368444919586182,1542.2216281068565,1591.9057963243026,2870.274310510594,0.07701994243421052,-62.3817138671875,153.77310180664062,-55.11629104614258,28.01772689819336,-6.851470470428467,17.476470947265625,-22.606952667236328,18.144702911376953,-12.58642864227295,4.494896411895752,-8.387154579162598,7.204118251800537,-2.525789260864258,4.8354339599609375,-6.27553653717041,-0.7264993190765381,-2.276829719543457,-5.245154857635498,-5.220954895019531,-6.282928466796875,rock,rock.00005.wav
0.34448835253715515,0.1801149994134903,1675.4999364261103,1653.1161464908168,3253.7969914014125,0.0872942567240712,-98.37913513183594,136.61773681640625,-46.71824645996094,46.47606658935547,-17.166425704956055,10.520159721374512,-14.581245422363281,16.5507869720459,-12.337285041809082,3.6909735202789307,-12.654891014099121,2.955455780029297,-12.512314796447754,0.09740566462278366,-0.7801604270935059,-5.695947170257568,-8.634934425354004,-1.9017950296401978,-2.1870081424713135,-3.3913445472717285,rock,rock.00006.wav
0.35925552248954773,0.15703405439853668,1282.2760121933156,1729.5806039581284,2675.950485560178,0.04718867913119195,-140.4444122314453,149.3003387451172,-10.059852600097656,38.7481803894043,1.5280160903930664,20.129011154174805,-11.331474304199219,16.294490814208984,-13.257333755493164,10.190116882324219,-9.253554344177246,4.700298309326172,-8.369612693786621,2.2758238315582275,-6.511661529541016,-1.6249569654464722,-6.491124153137207,-4.722906112670898,-2.575122833251953,-1.788163423538208,rock,rock.00007.wav
0.40882959961891174,0.26079556345939636,1717.3419433944864,1842.4239227784153,3362.8629985608554,0.0849809676131966,-14.93718147277832,138.4250946044922,-41.89853286743164,22.075092315673828,-18.672731399536133,31.993650436401367,-20.37347984313965,15.69235897064209,-17.352710723876953,14.868898391723633,-8.898109436035156,12.249725341796875,-5.823009490966797,9.96622371673584,-3.166883707046509,1.974073886871338,-6.924239158630371,3.1174814701080322,-2.987894296646118,-6.678657054901123,rock,rock.00008.wav
0.3761739730834961,0.12820887565612793,1181.5495135430565,1607.91698724318,2367.927348133949,0.04254093701625387,-178.59237670898438,153.9897918701172,-4.94950008392334,21.926918029785156,-2.061847448348999,23.677854537963867,-1.291935920715332,11.55847454071045,-6.040379524230957,4.9552412033081055,-2.951673746109009,5.406179904937744,-4.121703624725342,2.9820892810821533,-5.323763847351074,-8.825105667114258,-11.073637962341309,-3.2127788066864014,3.855121374130249,3.554147720336914,rock,rock.00009.wav
0.3982071578502655,0.15343888103961945,1857.8624034566847,2182.352453903645,4191.499654575029,0.07170251427051083,-108.9864273071289,114.9559097290039,-5.198552131652832,46.206581115722656,-9.133127212524414,20.515317916870117,-17.025161743164062,24.2147216796875,-8.057453155517578,13.438204765319824,-18.381256103515625,8.588360786437988,-11.405960083007812,1.8842731714248657,-10.553585052490234,-0.25984254479408264,-11.800165176391602,-6.5043535232543945,-4.308151721954346,-2.7400760650634766,rock,rock.00010.wav
0.34322381019592285,0.12337732315063477,1536.9871799571386,2036.9220735430445,3415.26268170714,0.05433413856907895,-169.74000549316406,119.11503601074219,7.171098709106445,53.4308967590332,4.141932010650635,23.13068962097168,-5.7138543128967285,24.995338439941406,-9.326623916625977,13.470993041992188,-14.286961555480957,5.954391002655029,-13.598769187927246,0.7701721787452698,-10.468750953674316,0.08046679943799973,-4.372726917266846,1.1727644205093384,0.48742911219596863,-5.829122066497803,rock,rock.00011.wav
0.3388994634151459,0.07588578760623932,1863.089813447186,2067.227436057664,3985.167568903589,0.06819006385448917,-204.65545654296875,107.00343322753906,-10.197385787963867,45.55988693237305,3.0363900661468506,24.00913429260254,-7.501374244689941,20.05852699279785,-5.170926570892334,8.742727279663086,-10.101094245910645,4.365466594696045,-6.959644317626953,4.693014144897461,-8.222785949707031,-0.8261211514472961,-9.62868881225586,-7.393808841705322,-9.437463760375977,-3.1371023654937744,rock,rock.00012.wav
0.4404309391975403,0.13374000787734985,1596.5231665437616,2237.464364196617,3824.085209613245,0.046099872411958204,-211.2082977294922,95.76803588867188,40.58082962036133,68.30281066894531,5.315100193023682,30.97361183166504,-5.270473003387451,22.828838348388672,-1.6150609254837036,17.489036560058594,-11.487265586853027,8.734695434570312,-10.456018447875977,5.723830223083496,-7.892425537109375,3.7275331020355225,-6.6275200843811035,-1.2788163423538208,2.7943084239959717,6.274991035461426,rock,rock.00013.wav
0.3805248737335205,0.05352145433425903,1935.4498295716771,2007.3329170232043,3982.742583567144,0.08359435468266253,-256.5845031738281,103.17071533203125,-8.463652610778809,48.5931510925293,-4.183111667633057,17.341554641723633,-6.668195724487305,17.03863525390625,-4.599119663238525,5.321587562561035,-10.013155937194824,8.242727279663086,-6.199188709259033,3.4362082481384277,-3.6468939781188965,1.6950732469558716,-5.41008996963501,-3.249790668487549,-3.8716671466827393,-1.0307320356369019,rock,rock.00014.wav
0.3437172770500183,0.0822996273636818,2336.111675735067,2099.3117468270684,4501.422780512287,0.11420150142705109,-174.94175720214844,90.89378356933594,-18.696542739868164,41.621612548828125,-8.882181167602539,9.097589492797852,-12.460493087768555,13.123887062072754,-9.697834014892578,4.337836742401123,-13.489968299865723,6.743155002593994,-10.383935928344727,7.150632381439209,-5.797455787658691,0.7992599010467529,-8.139412879943848,-5.716429710388184,-3.364278554916382,-0.421808660030365,rock,rock.00015.wav
0.46137362718582153,0.18442486226558685,2459.3807747248898,2221.3829014466087,5024.202952665441,0.1428422957381966,-15.687385559082031,100.0982666015625,-37.590457916259766,45.97100067138672,-20.77373695373535,25.637006759643555,-18.643869400024414,26.51662254333496,-20.163169860839844,21.129619598388672,-13.649134635925293,10.978789329528809,-15.535990715026855,3.6814210414886475,-7.714609622955322,3.9337353706359863,-8.12183952331543,6.954765796661377,-2.054826498031616,3.907961368560791,rock,rock.00016.wav
0.4188788831233978,0.16596873104572296,2311.9417457073478,2060.772911227813,4527.939286837268,0.14058758526025542,-41.432640075683594,105.41606903076172,-43.95048141479492,54.10911560058594,-18.41774559020996,23.525930404663086,-17.6177921295166,20.664485931396484,-18.46294593811035,17.48168182373047,-15.181072235107422,11.308914184570312,-14.158966064453125,2.8332056999206543,-9.479147911071777,3.3370885848999023,-8.206201553344727,3.695302724838257,-3.679185628890991,-0.1617000848054886,rock,rock.00017.wav
0.48023721575737,0.14070792496204376,2209.573799429134,2142.797814244651,4594.563883967444,0.11580542218943499,-67.55525970458984,109.12109375,-32.731327056884766,45.65721893310547,-11.699701309204102,27.49436378479004,-16.34174156188965,22.087678909301758,-15.454766273498535,19.40410614013672,-11.621109962463379,11.591024398803711,-10.52107048034668,4.444823265075684,-7.010191917419434,5.037844181060791,-6.761523723602295,3.813023090362549,-2.6553213596343994,-0.055492058396339417,rock,rock.00018.wav
0.43590205907821655,0.11218207329511642,2321.139396040278,2118.8652143813893,4701.921568123549,0.12819952713815788,-84.2173080444336,102.3507308959961,-41.34684371948242,47.03287887573242,-16.961946487426758,26.2421817779541,-18.962617874145508,18.80251693725586,-21.69579315185547,11.055486679077148,-19.242597579956055,5.239128112792969,-16.765684127807617,1.1029651165008545,-9.672752380371094,1.096179485321045,-7.5460686683654785,3.2413175106048584,-4.718832969665527,-0.3140651285648346,rock,rock.00019.wav
0.3981715440750122,0.15241935849189758,2188.2645254060567,2120.224007635576,4432.373198045666,0.11758961397058823,-56.943450927734375,115.21052551269531,-30.444604873657227,37.20380783081055,-21.99480438232422,21.870763778686523,-19.770648956298828,14.999987602233887,-24.074703216552734,17.787261962890625,-17.278640747070312,6.752427577972412,-10.744572639465332,0.8234415650367737,-10.16356372833252,3.682891607284546,-8.563291549682617,-0.9132154583930969,-2.526801586151123,-1.9751105308532715,rock,rock.00020.wav
0.3928767442703247,0.16148923337459564,2157.8298998957616,2060.213563519859,4244.366001566128,0.12160357306985294,-55.33060836791992,114.44246673583984,-34.06888961791992,37.984397888183594,-22.331317901611328,18.52655601501465,-18.157928466796875,13.806142807006836,-27.80347442626953,18.16130828857422,-14.623385429382324,6.555210590362549,-8.26966667175293,-2.2520105838775635,-11.609421730041504,2.4999237060546875,-10.94698715209961,0.7085563540458679,-0.6801812648773193,-0.06256254762411118,rock,rock.00021.wav
0.4159105122089386,0.17382122576236725,2342.335377421103,2112.8387079444346,4594.60555038216,0.13848895849458204,-34.62348175048828,106.51091003417969,-41.0748291015625,33.66883850097656,-27.23453140258789,21.397689819335938,-21.319238662719727,14.007781982421875,-27.776123046875,16.067190170288086,-18.824478149414062,5.654366493225098,-14.290796279907227,0.8202126622200012,-10.535016059875488,4.44219446182251,-7.468857288360596,2.0718631744384766,-2.9032280445098877,-0.36146071553230286,rock,rock.00022.wav
0.29429030418395996,0.1357429176568985,2295.565769219044,2207.4319000534083,4849.687341270801,0.11561872641737617,-88.29214477539062,105.3929443359375,-24.510700225830078,41.84850311279297,-22.376440048217773,23.734203338623047,-19.802425384521484,15.150588989257812,-27.119735717773438,13.858992576599121,-15.214507102966309,8.941473960876465,-12.804369926452637,-1.1132363080978394,-10.047707557678223,1.7845206260681152,-7.352939605712891,7.100998401641846,0.5957759022712708,2.513124942779541,rock,rock.00023.wav
0.4051312208175659,0.15652085840702057,2320.555690085727,2044.9181790505932,4466.88132271309,0.1434492459607198,-52.4997444152832,99.70246124267578,-47.39474868774414,47.02238464355469,-21.03191566467285,22.88638687133789,-18.29364585876465,13.892620086669922,-23.449203491210938,13.50993824005127,-18.66952896118164,5.705556392669678,-12.896329879760742,1.19908607006073,-12.417320251464844,0.37735578417778015,-9.145068168640137,1.595741868019104,-4.122617721557617,0.3086735010147095,rock,rock.00024.wav
0.4151025414466858,0.14910566806793213,2510.355618928361,2115.2851364492385,4735.371365857198,0.15789020172213622,-47.05117416381836,95.76596069335938,-43.92543411254883,52.07753372192383,-22.552745819091797,20.855411529541016,-18.68784523010254,19.24420738220215,-21.26524543762207,21.887393951416016,-19.218746185302734,9.456287384033203,-12.582292556762695,3.8869054317474365,-8.500131607055664,6.272657871246338,-9.128361701965332,2.6871695518493652,-2.443376064300537,-1.878650188446045,rock,rock.00025.wav
0.3831232488155365,0.15269838273525238,2263.522165083779,2150.409409887739,4603.71382863898,0.1229387879740712,-58.966331481933594,106.56531524658203,-31.7941837310791,47.91972732543945,-17.430265426635742,27.756452560424805,-14.035482406616211,22.419857025146484,-20.562475204467773,19.568918228149414,-14.586194038391113,10.188966751098633,-10.941551208496094,4.525453090667725,-9.733945846557617,4.615808010101318,-10.116572380065918,1.4642454385757446,-3.0028910636901855,-0.6160972118377686,rock,rock.00026.wav
0.4025210738182068,0.07916758209466934,2669.3593345236,2440.4637806887617,5445.8670695868805,0.13342209570917182,-123.3453369140625,74.88168334960938,-17.058034896850586,31.6099853515625,2.5446815490722656,17.328310012817383,-3.815232515335083,9.723453521728516,-7.237524032592773,11.25865650177002,0.3819887638092041,3.4685218334198,1.6636860370635986,-3.159435510635376,-1.0820168256759644,0.3157253563404083,-5.987600326538086,-0.31926414370536804,-2.3376035690307617,-4.321616172790527,rock,rock.00027.wav
0.44274234771728516,0.13879743218421936,2047.1451067117212,2070.5379260009317,4096.083564876403,0.101985399937113,-92.62162780761719,101.81189727783203,-33.4673957824707,48.702247619628906,12.402112007141113,20.806869506835938,8.704763412475586,9.274925231933594,2.767545700073242,5.239055633544922,-9.331888198852539,-3.4845621585845947,-4.351447582244873,-4.657902240753174,-3.969306230545044,-3.1256864070892334,-7.000376224517822,-0.39668339490890503,-1.151598572731018,-6.007458686828613,rock,rock.00028.wav
0.4186010956764221,0.1800459772348404,2444.584086039301,2433.7847632338085,5172.310390413361,0.11148874383223684,-42.44761657714844,85.06940460205078,-7.393642902374268,40.71378707885742,-1.012337565422058,18.935546875,-3.5306551456451416,5.873620510101318,-5.017306804656982,4.243310451507568,-3.1803700923919678,-0.5721075534820557,-0.5273755192756653,2.3468527793884277,-0.36309707164764404,-4.098453521728516,-3.854158878326416,-3.913745880126953,-5.782467365264893,-4.328388690948486,rock,rock.00029.wav
0.390338271856308,0.09645353257656097,2945.1945450846843,2831.66679013786,6334.811694260352,0.11496000024187307,-131.44668579101562,67.7161636352539,32.89906311035156,34.58986282348633,-3.2580533027648926,21.88393211364746,-5.811072826385498,10.24113941192627,-7.056926250457764,2.2975733280181885,-4.3679585456848145,-3.330298900604248,-6.280026435852051,-0.23067864775657654,-1.9748886823654175,-1.8929427862167358,-0.8794301748275757,0.9514909386634827,-1.5379334688186646,-1.1708617210388184,rock,rock.00030.wav
0.3692016005516052,0.12612895667552948,2638.867641788369,2512.4599236152003,5302.2179382135255,0.13247236600232198,-89.13876342773438,81.39791107177734,-12.569811820983887,22.79275131225586,-7.059605121612549,-0.4924919307231903,2.7757720947265625,-3.429509401321411,-7.712828636169434,-0.8480600714683533,-4.887397289276123,-2.6848652362823486,-5.287197589874268,-4.596275329589844,-2.9684243202209473,-2.2058465480804443,-3.5681211948394775,-1.0009714365005493,-0.5015640258789062,-0.9720016121864319,rock,rock.00031.wav
0.3834778070449829,0.22213958203792572,2345.8857364588525,2378.3851718191527,4735.771363438467,0.1154928768382353,-26.406457901000977,85.7942886352539,-16.961444854736328,35.26088333129883,10.000133514404297,10.66892147064209,1.4469969272613525,4.710634708404541,-0.0472831130027771,2.0705881118774414,0.42054662108421326,5.425936222076416,-0.953118085861206,0.48480451107025146,-1.526277780532837,-2.4637327194213867,-5.8784074783325195,-1.550974726676941,-6.817296028137207,-1.3808377981185913,rock,rock.00032.wav
0.3235204219818115,0.12781934440135956,1673.575889634683,1947.700443030449,3430.0292590823337,0.07488654641544118,-119.11726379394531,128.92799377441406,-17.85623550415039,29.175466537475586,2.7212581634521484,8.00131893157959,-7.05839204788208,3.877889633178711,-1.5081709623336792,-3.9838595390319824,-7.040400981903076,-2.867053270339966,-4.177796363830566,-1.845940113067627,-2.9485058784484863,-2.2535996437072754,-0.5701702833175659,-0.09753918647766113,-2.796661138534546,-2.6330161094665527,rock,rock.00033.wav
0.4208856523036957,0.19107995927333832,2789.7940380072873,2648.769436715528,5836.38137486697,0.13500787599167957,-28.08936882019043,65.62969207763672,-7.353229999542236,33.59356689453125,11.073498725891113,14.760503768920898,2.1976208686828613,10.0637788772583,-0.3293839395046234,10.136312484741211,-2.74882173538208,3.191470146179199,-1.683266043663025,-0.15931494534015656,-1.6892451047897339,1.850085973739624,-3.969614028930664,-1.6286494731903076,-6.3913164138793945,-3.8662075996398926,rock,rock.00034.wav
0.4572339355945587,0.12411600351333618,1867.3888525990114,2422.4150789551077,4271.2075059258905,0.05698831753095975,-124.00576782226562,109.50320434570312,5.883205890655518,32.8846549987793,10.982733726501465,11.693243980407715,12.6799955368042,12.969646453857422,1.6491060256958008,4.502442359924316,9.673786163330078,3.0551998615264893,3.530792713165283,0.7348747253417969,1.7676072120666504,-0.6809697151184082,-0.03991624712944031,-1.010947585105896,-5.559717178344727,-0.849761962890625,rock,rock.00035.wav
0.428394615650177,0.21663714945316315,2841.8971917238737,2619.2254650844693,5885.356078723636,0.14617523098877708,-0.45102089643478394,72.646728515625,-13.214343070983887,23.93039894104004,10.373188972473145,10.316969871520996,-4.924216270446777,14.358380317687988,-0.6711963415145874,9.922937393188477,0.7018816471099854,5.224046230316162,-4.066709995269775,0.36133870482444763,-0.310270220041275,-1.3569221496582031,-6.176687717437744,1.0102044343948364,-3.396211862564087,1.368299961090088,rock,rock.00036.wav
0.45181864500045776,0.11332251131534576,2627.053081238353,2442.793427153663,5047.994475468025,0.14631922104779413,-71.16523742675781,79.44672393798828,-20.79361343383789,30.656105041503906,5.538387298583984,3.697484016418457,4.694746971130371,7.2714033126831055,-5.486176490783691,2.4909720420837402,0.8379978537559509,-0.5833190679550171,-1.8935434818267822,-4.785829544067383,-3.0449233055114746,-3.8708224296569824,-6.898971080780029,-3.781496524810791,-4.804478168487549,-4.806346416473389,rock,rock.00037.wav
0.41147804260253906,0.21929600834846497,2794.963091628599,2633.9623220905196,5862.422884064193,0.14055017052051083,-15.928070068359375,67.15309143066406,-20.12190055847168,15.576830863952637,4.801263332366943,10.825858116149902,5.959400177001953,11.796420097351074,-0.39681538939476013,5.655035495758057,0.11372397094964981,1.097923994064331,-1.7415591478347778,5.704884052276611,-0.5941916108131409,1.724058747291565,-1.5776426792144775,1.581098198890686,0.4128151535987854,2.9387238025665283,rock,rock.00038.wav
0.44269540905952454,0.14427855610847473,2559.2817874296557,2731.086714396661,5447.483726477844,0.12278761730843653,-50.866233825683594,86.3950424194336,-14.416372299194336,12.843613624572754,21.69902992248535,4.238609790802002,1.738162636756897,3.706432580947876,4.691946506500244,-1.863010048866272,-1.1926677227020264,-0.01012139581143856,-4.118913650512695,-5.764848232269287,-1.0660442113876343,2.3003082275390625,-1.574245810508728,-3.8516483306884766,-6.143411636352539,-5.3746514320373535,rock,rock.00039.wav
0.41608870029449463,0.14280498027801514,3009.9775310236832,2777.974881715167,6130.82959437887,0.14474440063854488,-65.98846435546875,61.27696990966797,-1.9339221715927124,35.32307434082031,9.320188522338867,7.569520473480225,3.4152934551239014,2.978025197982788,4.615322589874268,2.9165234565734863,1.774064064025879,-0.39260390400886536,-5.753547191619873,-3.4833168983459473,-3.6841917037963867,-5.719155788421631,-3.9535744190216064,-3.087221384048462,-2.7268662452697754,-0.9123457670211792,rock,rock.00040.wav
0.402214914560318,0.16064365208148956,2807.30058491141,2688.503510869627,5678.490662943837,0.14837174076044893,-35.399131774902344,73.67545318603516,-20.210777282714844,17.16295623779297,14.951290130615234,10.214681625366211,7.604469299316406,1.5989147424697876,4.177347183227539,0.7355448007583618,-0.3854457437992096,-1.313180685043335,-2.049189567565918,2.526911497116089,3.6032965183258057,-3.539565086364746,-4.79119348526001,-2.505459785461426,-3.984203338623047,-0.8272480368614197,rock,rock.00041.wav
0.4443834125995636,0.1189284548163414,2794.3709144990316,2731.9420312720904,5877.406126795908,0.13764807166698917,-74.19892120361328,76.74987030029297,-3.812321662902832,28.032583236694336,8.144328117370605,6.01887321472168,4.306131362915039,0.505243718624115,2.8562192916870117,-0.9419192671775818,-2.350552797317505,-0.2828635573387146,-1.4562792778015137,-3.6081466674804688,-1.5266332626342773,-1.514252781867981,-5.018996238708496,-2.3985135555267334,-2.977654218673706,-4.949840068817139,rock,rock.00042.wav
0.4202406704425812,0.13984785974025726,2740.1544161420566,2541.9072917634526,5327.292786589348,0.1440289854634288,-62.0799446105957,75.84868621826172,-26.75746726989746,18.279895782470703,2.4523019790649414,5.826196193695068,11.583855628967285,0.009005803614854813,8.69517993927002,5.51440954208374,-0.251000314950943,2.399003744125366,-1.7422585487365723,-3.171658515930176,2.005427837371826,-1.4090077877044678,-5.526298522949219,-2.5283453464508057,0.6192493438720703,-1.4051202535629272,rock,rock.00043.wav
0.3113982081413269,0.1443280726671219,1652.179327113778,2104.3964275714657,3456.8540968762095,0.06892966633610681,-118.35712432861328,130.22547912597656,-3.0720033645629883,15.734302520751953,3.9399163722991943,10.663591384887695,6.8349127769470215,3.3929507732391357,0.7619885802268982,-2.5365586280822754,-3.1070427894592285,-2.8583641052246094,-1.6224067211151123,-0.20532183349132538,0.7333940863609314,2.0148191452026367,2.07887864112854,4.150557518005371,3.1571192741394043,2.2541372776031494,rock,rock.00044.wav
0.36134955286979675,0.09699847549200058,1561.5465305371351,1568.9776889574518,3243.230388629547,0.0789651309742647,-172.5916748046875,142.76536560058594,-55.78308868408203,79.31111907958984,-1.8683820962905884,4.8111419677734375,0.23752735555171967,-11.501947402954102,-0.27545619010925293,-9.372540473937988,-7.673828125,-11.25028133392334,-5.676462173461914,-11.29542064666748,-7.681622505187988,-4.27793025970459,-11.27920913696289,-7.82924222946167,-7.725133419036865,-8.160576820373535,rock,rock.00045.wav
0.36131179332733154,0.12062349170446396,2428.532242218463,2501.839158266494,5034.1112260848,0.11816519627999227,-83.09334564208984,91.52497863769531,-13.697012901306152,16.139076232910156,10.334052085876465,5.5303425788879395,-9.44882869720459,-6.6147942543029785,-3.031773090362549,4.939131259918213,2.646474599838257,1.0551012754440308,-3.6679461002349854,-1.6078455448150635,-4.42887020111084,-1.8596179485321045,2.0090718269348145,-1.024062156677246,-3.177300453186035,-2.2925798892974854,rock,rock.00046.wav
0.4613814949989319,0.13890297710895538,2998.5568440596116,2691.3861118946566,5963.355607071159,0.15630366558630032,-58.28947830200195,62.49394607543945,-12.66530704498291,31.92991065979004,8.108556747436523,2.252081871032715,3.9014298915863037,1.448104977607727,-2.7169504165649414,1.1021153926849365,-0.46053770184516907,-2.382965564727783,1.2428722381591797,-1.4979296922683716,-0.4699665606021881,1.0395392179489136,-2.070160388946533,-1.5083192586898804,-3.208047866821289,-5.061896324157715,rock,rock.00047.wav
0.32153013348579407,0.1455613076686859,1646.6339142770562,1701.4113691568673,3184.305744938806,0.0852647905379257,-93.35920715332031,137.46543884277344,-45.09274673461914,37.81913375854492,-9.423070907592773,12.591268539428711,-7.494570732116699,5.548374176025391,-3.7386364936828613,-2.0140531063079834,-2.458911895751953,-9.575428009033203,-3.1775431632995605,-5.571349143981934,-7.50640344619751,-5.6773905754089355,-2.0041282176971436,-3.871001958847046,-6.218141555786133,-8.103473663330078,rock,rock.00048.wav
0.3961080312728882,0.10099384188652039,2077.5446322647385,2333.931430395513,4495.3894836614745,0.09130519241002322,-142.48468017578125,116.1689224243164,2.269467353820801,31.065383911132812,6.192660331726074,0.11036242544651031,0.3172527551651001,7.7940239906311035,3.2462353706359863,-3.0221734046936035,1.7105087041854858,0.7426469922065735,0.14290639758110046,-4.416968822479248,-4.471245288848877,0.513427734375,1.232740879058838,-0.15891483426094055,-2.6162970066070557,-4.449161052703857,rock,rock.00049.wav
0.394642174243927,0.14123225212097168,1720.5912503156892,2311.946198635383,3810.018628005273,0.053289549269543345,-145.00860595703125,118.48389434814453,20.532211303710938,28.56976890563965,2.352550506591797,10.085841178894043,11.913154602050781,4.856400489807129,-0.06745924800634384,3.293766975402832,3.4043331146240234,3.6531589031219482,5.371288776397705,2.2605514526367188,1.8730617761611938,0.8674154877662659,-1.1843063831329346,0.8131391406059265,1.8204096555709839,1.7971769571304321,rock,rock.00050.wav
0.3687775731086731,0.16165073215961456,3030.4355509553056,3055.3172102045473,6731.709294274865,0.12080841536861456,-66.34944915771484,66.78922271728516,25.184574127197266,26.302906036376953,5.300069808959961,10.46248722076416,2.4782750606536865,0.7563055753707886,-0.3708053529262543,1.7285492420196533,3.213731050491333,5.036754608154297,-1.940718412399292,-3.0750811100006104,0.38418492674827576,-0.7763853669166565,3.720017671585083,2.4019525051116943,0.20658382773399353,-1.6939886808395386,rock,rock.00051.wav
0.34070101380348206,0.1132863312959671,2187.2085144317775,2449.201009853284,4463.723008477651,0.08860566224845201,-181.2550811767578,103.40521240234375,9.393451690673828,19.076099395751953,13.793490409851074,-0.4987662732601166,4.365122318267822,-7.606604099273682,-8.104534149169922,-0.1455000340938568,-5.163271903991699,-6.306929588317871,-5.4644317626953125,-5.976898670196533,-1.1781266927719116,-2.6688554286956787,-5.184939384460449,-5.285637855529785,-5.797173500061035,-3.718738555908203,rock,rock.00052.wav
0.4091429114341736,0.19013544917106628,3361.7673453402167,2933.2024987219434,6920.5248191998835,0.18757331777283281,4.066039085388184,52.615936279296875,-11.040760040283203,19.7084903717041,11.29083251953125,7.062537670135498,5.064018726348877,4.561151027679443,0.02814112789928913,5.148392677307129,3.39976167678833,1.1702251434326172,0.582534670829773,1.278739094734192,0.7192794680595398,-0.8079882264137268,-3.0096499919891357,-1.7066329717636108,-1.690851092338562,-1.2908860445022583,rock,rock.00053.wav
0.34664514660835266,0.06547273695468903,2632.7402137243284,2550.5115793345662,5310.901219040247,0.13243306162925697,-156.23690795898438,75.61201477050781,-16.506855010986328,16.34114646911621,5.8195719718933105,6.018424034118652,-4.133172512054443,-3.7573888301849365,-6.168893337249756,-8.92888069152832,-4.102284908294678,-2.2225193977355957,-4.650421619415283,-5.414163589477539,-4.688722133636475,-7.0821452140808105,-3.8898091316223145,1.3867226839065552,-2.009948253631592,-4.728930950164795,rock,rock.00054.wav
0.43161365389823914,0.1471862494945526,1711.1893544921813,2248.2556163675204,3614.6198095551954,0.06657442736551858,-91.8997802734375,130.0064697265625,1.7901883125305176,11.658317565917969,3.228639602661133,-1.966854453086853,-2.212193727493286,-0.8591418862342834,-4.337864398956299,-3.5468599796295166,-1.554423451423645,-0.5467612743377686,0.40629059076309204,-1.6508830785751343,-4.570644855499268,-2.974742889404297,-4.28066873550415,-2.6867945194244385,-3.5489158630371094,-1.4507275819778442,rock,rock.00055.wav
0.4885188639163971,0.1756976693868637,3303.904679679877,2914.1478022639367,6719.434368499661,0.17756393007449692,-7.851337909698486,59.508636474609375,3.669032573699951,28.985015869140625,4.145484924316406,10.275527954101562,2.544891834259033,7.594005584716797,-1.3849740028381348,2.960132122039795,4.042452335357666,-0.7512194514274597,1.0540920495986938,-3.042893648147583,-0.9932118654251099,-0.689762532711029,-0.6888784170150757,1.5260837078094482,-0.46764642000198364,0.5032028555870056,rock,rock.00056.wav
0.3901253938674927,0.12258004397153854,3488.995725081282,3241.7483118458463,7660.57034424584,0.1751028716379644,-58.60115051269531,64.89225769042969,15.939432144165039,5.449437618255615,7.535342216491699,9.880082130432129,1.5892502069473267,5.345211505889893,-1.2376223802566528,-2.029954433441162,2.443626642227173,-0.7237524390220642,-0.31555256247520447,-1.482503890991211,3.296710968017578,3.6478631496429443,-2.5096352100372314,-1.1688026189804077,-2.3101038932800293,-2.2162859439849854,rock,rock.00057.wav
0.30106091499328613,0.0874408707022667,2437.580126873773,2789.9159039702213,5497.925088132498,0.09894309029121517,-142.0154266357422,96.99694061279297,23.240543365478516,10.443575859069824,6.282169342041016,4.967879295349121,1.0824390649795532,1.0958389043807983,-4.841728210449219,0.8765873908996582,-3.4558091163635254,-2.0117530822753906,-5.893535137176514,-6.029563903808594,-2.1259286403656006,-6.162348747253418,-0.3229468762874603,5.093541622161865,0.12192093580961227,1.6692508459091187,rock,rock.00058.wav
0.3395315706729889,0.051181402057409286,2424.966690601346,2927.5616529347903,5645.7575275432955,0.0865675037490325,-219.125244140625,94.35542297363281,42.787418365478516,16.116039276123047,9.527345657348633,12.908823013305664,7.72127628326416,2.3854546546936035,-1.0225294828414917,-1.9537667036056519,-1.979730248451233,3.1503796577453613,-0.8850412964820862,-6.86201286315918,-5.066963195800781,-4.009857654571533,-5.5967278480529785,-4.992254257202148,-2.514643907546997,-4.2916579246521,rock,rock.00059.wav
0.4054853022098541,0.10329776257276535,2797.3841277517295,2891.8717359302464,6205.454143134433,0.13467605638061145,-82.66664123535156,83.48526000976562,-0.5739466547966003,10.484199523925781,10.418731689453125,7.0719404220581055,5.080420017242432,0.0834525004029274,-0.2079647332429886,-0.9347753524780273,-0.09718929976224899,-1.6991580724716187,-1.0245147943496704,0.17488045990467072,2.3965554237365723,-0.44954684376716614,0.8480216264724731,-1.8520991802215576,-4.513157844543457,-3.202277660369873,rock,rock.00060.wav
0.2997649013996124,0.08834068477153778,2072.9854708489925,2740.292600851444,4691.1049668633905,0.06909104102167182,-193.56298828125,98.39903259277344,44.0577278137207,23.779394149780273,12.564505577087402,8.460668563842773,2.1713907718658447,-0.34650659561157227,-8.192858695983887,-9.118401527404785,-5.235873222351074,-4.838527202606201,-1.3708207607269287,-1.264208197593689,3.2184038162231445,3.688591480255127,1.37830650806427,2.711911678314209,1.6968778371810913,-1.7956172227859497,rock,rock.00061.wav
0.31972646713256836,0.06044034659862518,2947.109224451956,3203.0152637796077,6983.207773497968,0.10857001620549536,-212.29835510253906,65.75984954833984,45.1823616027832,19.73008155822754,11.80588436126709,8.06157398223877,4.434144973754883,4.215857982635498,-2.318169355392456,-2.1899478435516357,-1.6369863748550415,-4.651898384094238,-3.726616859436035,-6.779794216156006,-3.003058671951294,-6.520256996154785,-10.924708366394043,-3.391123056411743,-1.2092539072036743,-3.1217551231384277,rock,rock.00062.wav
0.3296278119087219,0.053099069744348526,1711.662555940787,2310.122655480772,3492.653880399816,0.0558345074255031,-302.7938232421875,116.16437530517578,44.75728988647461,25.957435607910156,18.726181030273438,7.572909832000732,7.33574914932251,4.042331695556641,-4.186881065368652,0.8677526116371155,0.9239048361778259,2.8157293796539307,1.419515609741211,-3.4723823070526123,-0.9045972228050232,0.5782952308654785,-0.8160130381584167,-2.373943328857422,0.3761180341243744,-1.8671848773956299,rock,rock.00063.wav
0.37433740496635437,0.10704803466796875,2181.717912335607,2181.4968457518703,4691.004967468073,0.10637615192047213,-118.81869506835938,104.41145324707031,-29.167768478393555,42.10883712768555,-13.289315223693848,29.063268661499023,-20.876985549926758,21.613054275512695,-24.322349548339844,10.711962699890137,-15.105816841125488,5.9485650062561035,-11.778100967407227,-0.9063817262649536,-11.019617080688477,-0.2010679394006729,-6.916348934173584,-1.2956265211105347,-6.312215805053711,-2.706533193588257,rock,rock.00064.wav
0.39521196484565735,0.11465216428041458,2294.29156586485,2104.1855406762206,4730.413062506047,0.12912129027186534,-95.29631042480469,103.81673431396484,-37.021419525146484,52.69776916503906,-20.76406478881836,27.576885223388672,-17.5366268157959,24.813133239746094,-11.30056095123291,16.64461898803711,-9.249601364135742,10.18789291381836,-8.786783218383789,1.8505756855010986,-3.9489760398864746,2.173563241958618,-6.692843914031982,5.105645179748535,-9.697919845581055,-3.958533525466919,rock,rock.00065.wav
0.360093891620636,0.042979974299669266,2209.342049406717,2175.09754039341,4575.447332895947,0.10714712231520898,-245.18563842773438,95.09854125976562,-21.243844985961914,45.65591812133789,-3.5624685287475586,14.98202896118164,-20.670310974121094,19.526782989501953,-21.713743209838867,7.3274712562561035,-9.289676666259766,0.8187548518180847,-13.016045570373535,0.0616910494863987,-8.233160018920898,1.062390923500061,-8.035914421081543,-0.39860066771507263,-4.3537211418151855,-4.219900131225586,rock,rock.00066.wav
0.3929072320461273,0.10014721006155014,2414.0028665552404,2338.9876968450667,5212.235148993808,0.11991915392801858,-123.72794342041016,94.75423431396484,-9.56672191619873,53.2689094543457,-13.7581148147583,17.72808265686035,-19.212339401245117,25.298622131347656,-18.704410552978516,15.38591194152832,-12.513976097106934,9.367707252502441,-11.601577758789062,0.6617184281349182,-6.994154930114746,3.3594775199890137,-7.141150951385498,0.5074787735939026,-8.74034309387207,-1.4704784154891968,rock,rock.00067.wav
0.4021151065826416,0.09121902287006378,2467.0646621546953,2398.9630032602154,5402.500665150928,0.11828008598587461,-121.09557342529297,91.74797058105469,-14.709611892700195,52.973697662353516,-11.412967681884766,31.00334358215332,-17.49176788330078,24.202194213867188,-24.77862548828125,17.113521575927734,-15.886059761047363,10.376738548278809,-8.625384330749512,7.149125099182129,-11.83360767364502,3.1751017570495605,-10.365117073059082,1.5153414011001587,-10.351570129394531,-2.4806487560272217,rock,rock.00068.wav
0.31144073605537415,0.04701054096221924,2569.1052765811332,2345.280318493239,5365.809220352409,0.13768964360003869,-203.31390380859375,85.3817138671875,-11.569646835327148,54.77840042114258,-11.609861373901367,20.57291603088379,-27.770662307739258,18.87808609008789,-31.656442642211914,10.709888458251953,-11.932769775390625,4.1216278076171875,-4.0036139488220215,1.7300527095794678,-7.909240245819092,4.3267822265625,-11.237886428833008,-1.1884859800338745,-5.031981945037842,-2.3650405406951904,rock,rock.00069.wav
0.3679928481578827,0.05409812182188034,2512.1443220871984,2245.287385595275,5130.4689767559985,0.13914088199013158,-202.2282257080078,75.21359252929688,-14.220876693725586,66.3117904663086,-8.28917407989502,24.374107360839844,-16.250932693481445,17.125219345092773,-21.2917537689209,3.9677858352661133,-19.749534606933594,0.48966923356056213,-4.503657341003418,-5.366429805755615,-8.97307300567627,-0.04806877672672272,-8.041707992553711,-0.5193079710006714,-6.804256439208984,-8.449041366577148,rock,rock.00070.wav
0.45442816615104675,0.16090843081474304,2024.9672114930113,2215.1872549817717,4571.1473588973,0.09080821884674922,-79.84978485107422,109.94088745117188,-17.126644134521484,47.195335388183594,-11.945710182189941,33.33559799194336,-11.699732780456543,23.630064010620117,-13.667415618896484,18.453720092773438,-6.937197685241699,13.033838272094727,-11.58344841003418,9.107576370239258,-5.955833911895752,4.915925025939941,-8.709809303283691,3.70205020904541,-5.09798526763916,2.625905990600586,rock,rock.00071.wav
0.4033682346343994,0.16546212136745453,1933.566634741674,2211.3363640320144,4360.040302099458,0.08172853074206657,-95.32930755615234,112.44343566894531,-2.0780863761901855,47.04460525512695,-10.373583793640137,29.782087326049805,-15.11297607421875,20.185731887817383,-12.67420482635498,16.488859176635742,-7.857435703277588,11.875227928161621,-11.181129455566406,8.876124382019043,-4.943288803100586,0.9183169007301331,-6.10785436630249,3.2313334941864014,-8.072234153747559,0.7319106459617615,rock,rock.00072.wav
0.45865029096603394,0.16931797564029694,2224.311094028381,2287.9866204722503,4918.4952585320725,0.11005866933533281,-61.65255355834961,103.55276489257812,-16.907657623291016,49.269325256347656,-14.810510635375977,31.711088180541992,-17.215972900390625,24.628934860229492,-14.482388496398926,18.02622413635254,-11.670495986938477,11.484824180603027,-9.816041946411133,8.860339164733887,-8.570696830749512,4.405293941497803,-8.278596878051758,1.5993293523788452,-7.026587009429932,-0.820844829082489,rock,rock.00073.wav
0.39440348744392395,0.1538156270980835,2140.7591092398616,2246.2626002303364,4832.445778861504,0.09116309198432662,-83.33729553222656,103.88043975830078,-13.938496589660645,56.89741134643555,-14.43038272857666,32.189998626708984,-14.128750801086426,19.15924644470215,-9.344779014587402,13.159194946289062,-11.727716445922852,8.406355857849121,-9.399951934814453,10.218948364257812,-4.21993350982666,5.618760585784912,-6.386379241943359,1.8045066595077515,-5.575816631317139,-0.43246591091156006,rock,rock.00074.wav
0.4085308611392975,0.12686443328857422,2301.691479215312,2355.025004721659,5091.869210163506,0.11154543283184984,-113.69888305664062,94.93524169921875,-4.118005275726318,51.78670883178711,-13.77385425567627,34.33351516723633,-17.59379005432129,22.54424476623535,-12.406814575195312,17.20265769958496,-9.234708786010742,9.976574897766113,-13.472090721130371,7.5693440437316895,-7.269744396209717,3.6390864849090576,-8.464247703552246,0.3961266577243805,-9.225722312927246,-0.28027257323265076,rock,rock.00075.wav
0.34563642740249634,0.14587216079235077,1659.8731482944434,1953.6246941311736,3580.9033467673667,0.0712066744872291,-132.3564453125,124.6559829711914,-9.664942741394043,46.451988220214844,-6.28532600402832,30.546497344970703,-11.1397705078125,20.411029815673828,-11.213244438171387,9.37702465057373,-5.824519634246826,7.82903528213501,-8.72843074798584,5.6276044845581055,-4.078815460205078,-0.6297490000724792,-8.119382858276367,-0.6760380268096924,-7.610970497131348,-0.20681682229042053,rock,rock.00076.wav
0.4554080665111542,0.12869976460933685,2188.176213337053,2350.7834228675147,4994.003135279605,0.10627675720781733,-103.93917846679688,101.90093994140625,-10.340605735778809,43.674171447753906,-11.524457931518555,26.93070411682129,-9.990092277526855,25.020719528198242,-14.218496322631836,19.7019100189209,-10.535614013671875,12.671651840209961,-12.685294151306152,6.8499579429626465,-6.086560249328613,5.455093860626221,-6.23566198348999,-1.4541347026824951,-8.232369422912598,-3.2686898708343506,rock,rock.00077.wav
0.3579820990562439,0.14438898861408234,1878.0900592313533,2204.2156100836396,4285.4407531927245,0.07173048084365326,-130.98988342285156,111.0154800415039,-2.153920888900757,41.78767013549805,-3.1985132694244385,34.658477783203125,-17.611370086669922,19.876789093017578,-9.144963264465332,14.890434265136719,-6.844168663024902,9.199766159057617,-6.975000858306885,6.3184733390808105,-9.634724617004395,0.5111294388771057,-12.776671409606934,-4.886241912841797,-2.5131242275238037,-3.121574640274048,rock,rock.00078.wav
0.3600652813911438,0.11669325828552246,2148.470108846473,2107.138585057226,4479.506246371904,0.1091164981617647,-91.38539123535156,112.11522674560547,-27.342018127441406,47.98101806640625,-19.606639862060547,27.728473663330078,-18.553401947021484,17.439449310302734,-13.161745071411133,14.429666519165039,-15.21798038482666,11.52908992767334,-12.585803031921387,0.9080778360366821,-10.44845962524414,-0.6197789311408997,-13.491329193115234,3.3084354400634766,-3.704702138900757,1.089084506034851,rock,rock.00079.wav
0.3686484396457672,0.10433086007833481,2606.2565496233246,2318.678720331894,5339.184381349168,0.1496808787248452,-88.00072479248047,93.53732299804688,-23.228851318359375,48.1299934387207,-21.44626808166504,27.758792877197266,-20.340560913085938,18.754474639892578,-15.226568222045898,16.13050651550293,-21.412471771240234,10.874083518981934,-12.021344184875488,5.128057479858398,-7.299520492553711,4.657850742340088,-10.173711776733398,5.493204116821289,-4.3751020431518555,0.3125859200954437,rock,rock.00080.wav
0.33577901124954224,0.09363885223865509,2553.8992233935824,2219.133079512773,5123.794017118566,0.13617340182372292,-121.43798065185547,89.51823425292969,-33.493106842041016,41.97275161743164,-25.92999839782715,23.025859832763672,-20.269113540649414,14.35069751739502,-16.349435806274414,17.03437042236328,-16.95542335510254,9.146751403808594,-10.111248016357422,4.209027290344238,-9.346901893615723,1.6090044975280762,-10.54901123046875,1.0675749778747559,-1.6545653343200684,7.542669296264648,rock,rock.00081.wav
0.38245007395744324,0.09327282011508942,2976.0030874979825,2423.21517682221,5926.6808288385255,0.1837358504256966,-95.47613525390625,78.3237533569336,-26.22216033935547,44.23744583129883,-22.463899612426758,29.737852096557617,-21.56705093383789,23.95587921142578,-16.578556060791016,20.470060348510742,-19.642690658569336,13.886457443237305,-12.624654769897461,6.24826192855835,-7.659700393676758,7.4053120613098145,-9.414198875427246,9.653331756591797,-3.7787296772003174,1.069105625152588,rock,rock.00082.wav
0.37879300117492676,0.10167484730482101,2115.9838949624827,2245.276673705662,4689.613309216573,0.09280102614647832,-119.17545318603516,107.44642639160156,-10.97275447845459,58.55445098876953,-12.931377410888672,26.83179473876953,-17.6407413482666,19.37105369567871,-15.608501434326172,13.566648483276367,-16.671030044555664,11.872086524963379,-12.187864303588867,5.232597827911377,-6.172613620758057,4.2538886070251465,-8.042081832885742,3.52746844291687,-7.6822686195373535,-1.345104455947876,rock,rock.00083.wav
0.3567729890346527,0.10681610554456711,2581.8092292667184,2376.373190446792,5391.134067216525,0.13921608939628483,-94.30160522460938,91.88177490234375,-17.58851432800293,45.52394104003906,-15.698275566101074,32.63909149169922,-18.020702362060547,21.573335647583008,-15.734346389770508,16.795480728149414,-18.303876876831055,13.33747386932373,-15.461037635803223,5.206252574920654,-11.223154067993164,6.212512969970703,-7.955031394958496,7.708113670349121,-4.609553337097168,0.5266363620758057,rock,rock.00084.wav
0.3218926191329956,0.06301802396774292,2256.0047067984306,2058.046199922889,4509.297732893528,0.12098982016737617,-185.45333862304688,98.93243408203125,-36.44243240356445,44.426692962646484,-17.757999420166016,21.304088592529297,-20.296018600463867,13.779586791992188,-15.489944458007812,11.040962219238281,-16.792247772216797,2.326029062271118,-12.639384269714355,0.14767903089523315,-4.397841453552246,-2.4671616554260254,-8.983907699584961,6.8625969886779785,-6.707404613494873,-1.2103500366210938,rock,rock.00085.wav
0.3909728527069092,0.07627316564321518,2521.464032225308,2133.3603289642856,4830.495790652815,0.14632451202109134,-160.12103271484375,88.73147583007812,-35.49324417114258,47.491817474365234,-12.622673034667969,17.308822631835938,-19.139455795288086,14.591328620910645,-20.38043975830078,11.096237182617188,-11.145569801330566,7.704707145690918,-9.865750312805176,6.991697788238525,-10.135200500488281,3.065530300140381,-7.949167251586914,0.7073351144790649,-4.936253547668457,-2.6115522384643555,rock,rock.00086.wav
0.3931374251842499,0.16569988429546356,2334.758795031705,2208.2732556694846,4819.854188334462,0.12858085514222137,-42.66564178466797,102.98204040527344,-36.866947174072266,44.53472900390625,-11.986276626586914,25.571468353271484,-22.683826446533203,28.34067726135254,-19.27325439453125,21.487628936767578,-15.257318496704102,11.752053260803223,-11.576942443847656,4.7838826179504395,-13.031340599060059,4.355794906616211,-11.958512306213379,0.8859156370162964,-0.4816499650478363,1.3000377416610718,rock,rock.00087.wav
0.40842345356941223,0.08947667479515076,2591.1167911589937,2078.651676970424,4889.828765207769,0.16178095672890866,-118.01446533203125,84.0493392944336,-50.279659271240234,46.06394958496094,-17.69577407836914,20.860382080078125,-21.651596069335938,16.67853546142578,-12.957173347473145,12.828729629516602,-13.105274200439453,11.298574447631836,-12.60710334777832,4.384234428405762,-12.07761287689209,0.6666765213012695,-6.7942423820495605,4.4643402099609375,0.2372788041830063,0.43376457691192627,rock,rock.00088.wav
0.3434580862522125,0.10521844774484634,1610.1897144525537,1816.200375043277,3381.4962192216526,0.0732932075996517,-156.2683868408203,130.7677459716797,-25.246170043945312,43.49666213989258,-12.14410400390625,25.410446166992188,-7.9474592208862305,17.621599197387695,-8.632111549377441,9.57370662689209,-8.363633155822754,5.776412487030029,-7.044428825378418,-1.8792271614074707,-7.69140625,3.0032124519348145,-6.442713737487793,-1.3017407655715942,-7.824337959289551,-4.146751880645752,rock,rock.00089.wav
0.2557002902030945,0.1546425074338913,2495.6204189789773,2249.630520076519,5212.826812082769,0.1206425055630805,-89.05668640136719,86.21659851074219,-24.4185848236084,47.110076904296875,-33.64547348022461,29.479248046875,-19.750383377075195,21.647642135620117,-16.7561092376709,6.549621105194092,-13.397908210754395,7.489511013031006,-12.868062973022461,8.59225082397461,-7.89639949798584,11.49905776977539,0.6794173121452332,9.798441886901855,-2.1312432289123535,0.5883066058158875,rock,rock.00090.wav
0.44358375668525696,0.10825303196907043,2474.554693163817,2123.3128660945194,4754.654582587558,0.15018352118808048,-74.30169677734375,100.11320495605469,-47.37080764770508,49.623390197753906,-18.41445541381836,24.620586395263672,-15.91473388671875,23.901294708251953,-22.833791732788086,23.33636474609375,-16.94891929626465,14.9324312210083,-11.504433631896973,4.2273149490356445,-13.630019187927246,4.479799270629883,-11.667689323425293,4.327969074249268,-10.597870826721191,-0.8430529236793518,rock,rock.00091.wav
0.41648173332214355,0.10687875002622604,2471.302263920436,2102.1973629889744,4687.154990748355,0.15094504341621517,-70.11753845214844,94.18165588378906,-50.328033447265625,46.96289825439453,-16.114255905151367,19.996185302734375,-23.95972442626953,16.34402847290039,-22.188528060913086,14.435193061828613,-20.092636108398438,12.150915145874023,-14.765588760375977,4.909430027008057,-13.6234130859375,0.8304446935653687,-15.061136245727539,-1.6045008897781372,-16.089468002319336,-2.184682607650757,rock,rock.00092.wav
0.3435116410255432,0.10574260354042053,1939.9141779559488,1881.6834034743356,3749.093996408185,0.09836637420181889,-114.74584197998047,119.2917251586914,-50.72456741333008,42.63133239746094,-6.70927095413208,19.71417808532715,-16.88706398010254,19.3933048248291,-17.41594696044922,17.31191635131836,-10.866726875305176,6.668211936950684,-15.753815650939941,3.5555310249328613,-7.759990215301514,3.388016939163208,-7.68904972076416,1.6226153373718262,-10.707390785217285,-0.5426015257835388,rock,rock.00093.wav
0.38914114236831665,0.10193109512329102,2629.3044231854665,2210.6104193984875,5086.752574436436,0.14670470624516255,-90.21276092529297,80.05299377441406,-46.36942672729492,56.04584884643555,-8.101378440856934,27.485427856445312,-17.328845977783203,22.97190284729004,-17.603975296020508,18.40144920349121,-17.448110580444336,7.6514458656311035,-19.30083656311035,1.193678379058838,-14.480706214904785,4.519819736480713,-12.764397621154785,2.9961750507354736,-6.416897773742676,2.2562990188598633,rock,rock.00094.wav
0.35199177265167236,0.07944141328334808,2008.5370455020434,2106.3492062217856,4254.124275892512,0.08926665598393962,-153.61648559570312,109.89451599121094,-23.106590270996094,59.00746154785156,-7.5279951095581055,19.730127334594727,-16.48607635498047,18.083520889282227,-22.215625762939453,15.403846740722656,-12.378472328186035,12.349250793457031,-12.316457748413086,5.77813196182251,-10.268911361694336,1.8052713871002197,-13.300427436828613,2.4732303619384766,-6.7196245193481445,-1.1992679834365845,rock,rock.00095.wav
0.39876094460487366,0.07642539590597153,2006.0092476458422,2068.2248787337085,4147.166589317676,0.0976588954866486,-142.4420623779297,116.23844146728516,-32.1903190612793,49.11460876464844,-8.395415306091309,22.87228775024414,-18.311134338378906,20.106487274169922,-22.106910705566406,10.796754837036133,-13.00155258178711,14.067452430725098,-16.397626876831055,4.162116527557373,-4.357300758361816,3.738004684448242,-10.85452651977539,1.8724992275238037,-7.467165946960449,-2.7979817390441895,rock,rock.00096.wav
0.43190938234329224,0.08158259093761444,2077.166787874547,1926.8958101296082,4030.750626602409,0.12182428224167957,-125.06510925292969,115.20330810546875,-48.00468063354492,52.843101501464844,-13.491937637329102,21.76540756225586,-12.42856216430664,20.139965057373047,-18.370885848999023,10.11968994140625,-16.055442810058594,10.486740112304688,-17.959636688232422,1.2157047986984253,-11.543170928955078,1.8466086387634277,-12.854930877685547,3.45178484916687,-12.594252586364746,-2.104668378829956,rock,rock.00097.wav
0.3624277710914612,0.0838344469666481,1398.5815744518927,1817.813570023843,3014.6734373488293,0.04873137577399381,-224.99404907226562,123.66968536376953,-9.775933265686035,56.6057243347168,10.427105903625488,20.634145736694336,-10.257256507873535,15.5733060836792,-8.251973152160645,12.805177688598633,-9.00444507598877,7.690067768096924,-10.085665702819824,-0.251355916261673,-5.283348083496094,-2.8149054050445557,-4.421223163604736,1.5605098009109497,-5.046413421630859,-3.5825648307800293,rock,rock.00098.wav
0.35816487669944763,0.05444213002920151,1609.3699366383669,1796.9237162030495,3246.3053700355554,0.07628978811919504,-235.21820068359375,123.89323425292969,-22.541746139526367,52.92485427856445,-1.4473309516906738,24.66827392578125,-7.072872638702393,14.884822845458984,-12.778573989868164,16.70909881591797,-2.9464380741119385,10.071948051452637,-15.021038055419922,3.112316370010376,-7.1283135414123535,1.7882509231567383,-7.072691917419434,0.02130412682890892,-2.027669906616211,1.1558676958084106,rock,rock.00099.wav
