MFCC_N,K_N,TEST_SIZE,RANDOM_STATE,ACCURACY
1,1,0.1,0,0.8078078078078078
1,1,0.1,42,0.7837837837837838
1,1,0.1,99,0.7997997997997998
1,1,0.2,0,0.8128128128128128
1,1,0.2,42,0.7862862862862863
1,1,0.2,99,0.8023023023023023
1,1,0.3,0,0.8041374708041374
1,1,0.3,42,0.7851184517851184
1,1,0.3,99,0.7947947947947948
1,1,0.4,0,0.789039039039039
1,1,0.4,42,0.7722722722722722
1,1,0.4,99,0.7815315315315315
1,2,0.1,0,0.7757757757757757
1,2,0.1,42,0.7597597597597597
1,2,0.1,99,0.7577577577577578
1,2,0.2,0,0.7707707707707707
1,2,0.2,42,0.7517517517517518
1,2,0.2,99,0.7632632632632632
1,2,0.3,0,0.7687687687687688
1,2,0.3,42,0.7424090757424091
1,2,0.3,99,0.7514180847514181
1,2,0.4,0,0.7442442442442443
1,2,0.4,42,0.7377377377377378
1,2,0.4,99,0.7387387387387387
1,3,0.1,0,0.7847847847847848
1,3,0.1,42,0.7617617617617618
1,3,0.1,99,0.7707707707707707
1,3,0.2,0,0.7802802802802803
1,3,0.2,42,0.7602602602602603
1,3,0.2,99,0.7807807807807807
1,3,0.3,0,0.7797797797797797
1,3,0.3,42,0.7580914247580914
1,3,0.3,99,0.7767767767767768
1,3,0.4,0,0.7605105105105106
1,3,0.4,42,0.7542542542542543
1,3,0.4,99,0.7607607607607607
1,4,0.1,0,0.7797797797797797
1,4,0.1,42,0.7627627627627628
1,4,0.1,99,0.7627627627627628
1,4,0.2,0,0.7752752752752753
1,4,0.2,42,0.7582582582582582
1,4,0.2,99,0.7637637637637638
1,4,0.3,0,0.7681014347681014
1,4,0.3,42,0.7494160827494161
1,4,0.3,99,0.7704371037704371
1,4,0.4,0,0.7512512512512513
1,4,0.4,42,0.746996996996997
1,4,0.4,99,0.753003003003003
1,5,0.1,0,0.7717717717717718
1,5,0.1,42,0.7627627627627628
1,5,0.1,99,0.7627627627627628
1,5,0.2,0,0.7737737737737738
1,5,0.2,42,0.7567567567567568
1,5,0.2,99,0.7632632632632632
1,5,0.3,0,0.7701034367701034
1,5,0.3,42,0.7437437437437437
1,5,0.3,99,0.7620954287620955
1,5,0.4,0,0.7505005005005005
1,5,0.4,42,0.744994994994995
1,5,0.4,99,0.7462462462462462
1,6,0.1,0,0.7667667667667668
1,6,0.1,42,0.7497497497497497
1,6,0.1,99,0.7527527527527528
1,6,0.2,0,0.7637637637637638
1,6,0.2,42,0.7437437437437437
1,6,0.2,99,0.7522522522522522
1,6,0.3,0,0.7567567567567568
1,6,0.3,42,0.7357357357357357
1,6,0.3,99,0.7550884217550884
1,6,0.4,0,0.742992992992993
1,6,0.4,42,0.7337337337337337
1,6,0.4,99,0.7392392392392393
1,7,0.1,0,0.7527527527527528
1,7,0.1,42,0.7427427427427428
1,7,0.1,99,0.7507507507507507
1,7,0.2,0,0.7577577577577578
1,7,0.2,42,0.7347347347347347
1,7,0.2,99,0.7577577577577578
1,7,0.3,0,0.7490824157490824
1,7,0.3,42,0.7290623957290624
1,7,0.3,99,0.7544210877544211
1,7,0.4,0,0.7347347347347347
1,7,0.4,42,0.7304804804804805
1,7,0.4,99,0.7354854854854855
1,8,0.1,0,0.7447447447447447
1,8,0.1,42,0.7367367367367368
1,8,0.1,99,0.7517517517517518
1,8,0.2,0,0.7397397397397397
1,8,0.2,42,0.7337337337337337
1,8,0.2,99,0.7522522522522522
1,8,0.3,0,0.7414080747414081
1,8,0.3,42,0.7267267267267268
1,8,0.3,99,0.7517517517517518
1,8,0.4,0,0.7247247247247247
1,8,0.4,42,0.7237237237237237
1,8,0.4,99,0.7269769769769769
1,9,0.1,0,0.7397397397397397
1,9,0.1,42,0.7267267267267268
1,9,0.1,99,0.7527527527527528
1,9,0.2,0,0.7417417417417418
1,9,0.2,42,0.7307307307307307
1,9,0.2,99,0.7502502502502503
1,9,0.3,0,0.7370704037370704
1,9,0.3,42,0.7217217217217218
1,9,0.3,99,0.7450784117450784
1,9,0.4,0,0.7184684684684685
1,9,0.4,42,0.7174674674674675
1,9,0.4,99,0.7214714714714715
1,10,0.1,0,0.7447447447447447
1,10,0.1,42,0.7177177177177178
1,10,0.1,99,0.7397397397397397
1,10,0.2,0,0.7387387387387387
1,10,0.2,42,0.7172172172172172
1,10,0.2,99,0.7372372372372372
1,10,0.3,0,0.7297297297297297
1,10,0.3,42,0.710377043710377
1,10,0.3,99,0.7344010677344011
1,10,0.4,0,0.7102102102102102
1,10,0.4,42,0.7112112112112112
1,10,0.4,99,0.7172172172172172
1,11,0.1,0,0.7347347347347347
1,11,0.1,42,0.7207207207207207
1,11,0.1,99,0.7507507507507507
1,11,0.2,0,0.7342342342342343
1,11,0.2,42,0.7137137137137137
1,11,0.2,99,0.7337337337337337
1,11,0.3,0,0.7237237237237237
1,11,0.3,42,0.7073740407073741
1,11,0.3,99,0.7307307307307307
1,11,0.4,0,0.7094594594594594
1,11,0.4,42,0.7064564564564565
1,11,0.4,99,0.7107107107107107
1,12,0.1,0,0.7357357357357357
1,12,0.1,42,0.7087087087087087
1,12,0.1,99,0.7387387387387387
1,12,0.2,0,0.7222222222222222
1,12,0.2,42,0.7127127127127127
1,12,0.2,99,0.7182182182182182
1,12,0.3,0,0.7180513847180514
1,12,0.3,42,0.7033700367033701
1,12,0.3,99,0.725392058725392
1,12,0.4,0,0.7029529529529529
1,12,0.4,42,0.7007007007007007
1,12,0.4,99,0.7077077077077077
1,13,0.1,0,0.7397397397397397
1,13,0.1,42,0.7027027027027027
1,13,0.1,99,0.7227227227227228
1,13,0.2,0,0.7232232232232232
1,13,0.2,42,0.7052052052052052
1,13,0.2,99,0.7142142142142142
1,13,0.3,0,0.7200533867200534
1,13,0.3,42,0.700367033700367
1,13,0.3,99,0.720387053720387
1,13,0.4,0,0.6964464464464465
1,13,0.4,42,0.6959459459459459
1,13,0.4,99,0.7037037037037037
1,14,0.1,0,0.7237237237237237
1,14,0.1,42,0.6966966966966966
1,14,0.1,99,0.7217217217217218
1,14,0.2,0,0.7082082082082082
1,14,0.2,42,0.7047047047047047
1,14,0.2,99,0.7122122122122122
1,14,0.3,0,0.7100433767100434
1,14,0.3,42,0.6990323656990324
1,14,0.3,99,0.7150483817150484
1,14,0.4,0,0.6941941941941941
1,14,0.4,42,0.6931931931931932
1,14,0.4,99,0.6994494494494494
1,15,0.1,0,0.7137137137137137
1,15,0.1,42,0.6946946946946947
1,15,0.1,99,0.7187187187187187
1,15,0.2,0,0.7107107107107107
1,15,0.2,42,0.7032032032032032
1,15,0.2,99,0.7072072072072072
1,15,0.3,0,0.7070403737070404
1,15,0.3,42,0.695362028695362
1,15,0.3,99,0.7100433767100434
1,15,0.4,0,0.6881881881881882
1,15,0.4,42,0.6856856856856857
1,15,0.4,99,0.6926926926926927
1,16,0.1,0,0.7017017017017017
1,16,0.1,42,0.6976976976976977
1,16,0.1,99,0.7227227227227228
1,16,0.2,0,0.6991991991991992
1,16,0.2,42,0.6971971971971972
1,16,0.2,99,0.7042042042042042
1,16,0.3,0,0.7040373707040374
1,16,0.3,42,0.684351017684351
1,16,0.3,99,0.6990323656990324
1,16,0.4,0,0.6864364364364365
1,16,0.4,42,0.6851851851851852
1,16,0.4,99,0.6874374374374375
1,17,0.1,0,0.7097097097097097
1,17,0.1,42,0.6876876876876877
1,17,0.1,99,0.7207207207207207
1,17,0.2,0,0.6946946946946947
1,17,0.2,42,0.6886886886886887
1,17,0.2,99,0.7002002002002002
1,17,0.3,0,0.7017017017017017
1,17,0.3,42,0.6830163496830164
1,17,0.3,99,0.6986986986986987
1,17,0.4,0,0.6866866866866866
1,17,0.4,42,0.6771771771771772
1,17,0.4,99,0.6819319319319319
1,18,0.1,0,0.7017017017017017
1,18,0.1,42,0.6766766766766766
1,18,0.1,99,0.7137137137137137
1,18,0.2,0,0.6926926926926927
1,18,0.2,42,0.6851851851851852
1,18,0.2,99,0.6951951951951952
1,18,0.3,0,0.694361027694361
1,18,0.3,42,0.6820153486820153
1,18,0.3,99,0.6920253586920253
1,18,0.4,0,0.6779279279279279
1,18,0.4,42,0.6766766766766766
1,18,0.4,99,0.6781781781781782
1,19,0.1,0,0.6976976976976977
1,19,0.1,42,0.6876876876876877
1,19,0.1,99,0.7067067067067067
1,19,0.2,0,0.6926926926926927
1,19,0.2,42,0.6876876876876877
1,19,0.2,99,0.6911911911911912
1,19,0.3,0,0.6940273606940274
1,19,0.3,42,0.678345011678345
1,19,0.3,99,0.6900233566900233
1,19,0.4,0,0.6791791791791791
1,19,0.4,42,0.6716716716716716
1,19,0.4,99,0.6734234234234234
1,20,0.1,0,0.6966966966966966
1,20,0.1,42,0.6726726726726727
1,20,0.1,99,0.7087087087087087
1,20,0.2,0,0.6866866866866866
1,20,0.2,42,0.6851851851851852
1,20,0.2,99,0.6856856856856857
1,20,0.3,0,0.6956956956956957
1,20,0.3,42,0.6786786786786787
1,20,0.3,99,0.6846846846846847
1,20,0.4,0,0.6731731731731732
1,20,0.4,42,0.6671671671671672
1,20,0.4,99,0.66991991991992
1,21,0.1,0,0.6866866866866866
1,21,0.1,42,0.6716716716716716
1,21,0.1,99,0.7037037037037037
1,21,0.2,0,0.6871871871871872
1,21,0.2,42,0.6791791791791791
1,21,0.2,99,0.6826826826826827
1,21,0.3,0,0.6890223556890224
1,21,0.3,42,0.6736736736736737
1,21,0.3,99,0.6830163496830164
1,21,0.4,0,0.6716716716716716
1,21,0.4,42,0.6636636636636637
1,21,0.4,99,0.6659159159159159
1,22,0.1,0,0.6846846846846847
1,22,0.1,42,0.6686686686686687
1,22,0.1,99,0.7007007007007007
1,22,0.2,0,0.6871871871871872
1,22,0.2,42,0.6821821821821822
1,22,0.2,99,0.6811811811811812
1,22,0.3,0,0.6880213546880214
1,22,0.3,42,0.6656656656656657
1,22,0.3,99,0.676343009676343
1,22,0.4,0,0.6654154154154154
1,22,0.4,42,0.6606606606606606
1,22,0.4,99,0.6681681681681682
1,23,0.1,0,0.6846846846846847
1,23,0.1,42,0.6666666666666666
1,23,0.1,99,0.6976976976976977
1,23,0.2,0,0.6811811811811812
1,23,0.2,42,0.6806806806806807
1,23,0.2,99,0.6761761761761762
1,23,0.3,0,0.684351017684351
1,23,0.3,42,0.6636636636636637
1,23,0.3,99,0.6746746746746747
1,23,0.4,0,0.6634134134134134
1,23,0.4,42,0.6576576576576577
1,23,0.4,99,0.6661661661661662
1,24,0.1,0,0.6826826826826827
1,24,0.1,42,0.6626626626626627
1,24,0.1,99,0.6946946946946947
1,24,0.2,0,0.6856856856856857
1,24,0.2,42,0.6721721721721722
1,24,0.2,99,0.6726726726726727
1,24,0.3,0,0.681348014681348
1,24,0.3,42,0.6616616616616616
1,24,0.3,99,0.6746746746746747
1,24,0.4,0,0.6606606606606606
1,24,0.4,42,0.6594094094094094
1,24,0.4,99,0.6634134134134134
1,25,0.1,0,0.6786786786786787
1,25,0.1,42,0.6646646646646647
1,25,0.1,99,0.6926926926926927
1,25,0.2,0,0.6826826826826827
1,25,0.2,42,0.6711711711711712
1,25,0.2,99,0.6716716716716716
1,25,0.3,0,0.6730063396730064
1,25,0.3,42,0.6559893226559893
1,25,0.3,99,0.676343009676343
1,25,0.4,0,0.6596596596596597
1,25,0.4,42,0.6534034034034034
1,25,0.4,99,0.6606606606606606
1,26,0.1,0,0.6726726726726727
1,26,0.1,42,0.6606606606606606
1,26,0.1,99,0.6886886886886887
1,26,0.2,0,0.6761761761761762
1,26,0.2,42,0.6671671671671672
1,26,0.2,99,0.6711711711711712
1,26,0.3,0,0.6716716716716716
1,26,0.3,42,0.654320987654321
1,26,0.3,99,0.6773440106773441
1,26,0.4,0,0.6554054054054054
1,26,0.4,42,0.6534034034034034
1,26,0.4,99,0.6571571571571572
1,27,0.1,0,0.6706706706706707
1,27,0.1,42,0.6496496496496497
1,27,0.1,99,0.6916916916916916
1,27,0.2,0,0.6706706706706707
1,27,0.2,42,0.6601601601601602
1,27,0.2,99,0.6661661661661662
1,27,0.3,0,0.667334000667334
1,27,0.3,42,0.6519853186519853
1,27,0.3,99,0.675342008675342
1,27,0.4,0,0.6561561561561562
1,27,0.4,42,0.6524024024024024
1,27,0.4,99,0.6556556556556556
1,28,0.1,0,0.6666666666666666
1,28,0.1,42,0.6546546546546547
1,28,0.1,99,0.6876876876876877
1,28,0.2,0,0.6681681681681682
1,28,0.2,42,0.6551551551551551
1,28,0.2,99,0.6621621621621622
1,28,0.3,0,0.666332999666333
1,28,0.3,42,0.649315982649316
1,28,0.3,99,0.668335001668335
1,28,0.4,0,0.6498998998998999
1,28,0.4,42,0.6498998998998999
1,28,0.4,99,0.6524024024024024
1,29,0.1,0,0.6646646646646647
1,29,0.1,42,0.6396396396396397
1,29,0.1,99,0.6746746746746747
1,29,0.2,0,0.6671671671671672
1,29,0.2,42,0.6496496496496497
1,29,0.2,99,0.6616616616616616
1,29,0.3,0,0.667334000667334
1,29,0.3,42,0.6473139806473139
1,29,0.3,99,0.6676676676676677
1,29,0.4,0,0.6496496496496497
1,29,0.4,42,0.6468968968968969
1,29,0.4,99,0.6546546546546547
1,30,0.1,0,0.6666666666666666
1,30,0.1,42,0.6386386386386387
1,30,0.1,99,0.6746746746746747
1,30,0.2,0,0.6596596596596597
1,30,0.2,42,0.6536536536536537
1,30,0.2,99,0.6606606606606606
1,30,0.3,0,0.6656656656656657
1,30,0.3,42,0.6466466466466466
1,30,0.3,99,0.6646646646646647
1,30,0.4,0,0.6501501501501501
1,30,0.4,42,0.6443943943943944
1,30,0.4,99,0.6521521521521522
2,1,0.1,0,0.8078078078078078
2,1,0.1,42,0.7957957957957958
2,1,0.1,99,0.8158158158158159
2,1,0.2,0,0.8138138138138138
2,1,0.2,42,0.7932932932932933
2,1,0.2,99,0.8118118118118118
2,1,0.3,0,0.8098098098098098
2,1,0.3,42,0.7931264597931265
2,1,0.3,99,0.8051384718051384
2,1,0.4,0,0.7977977977977978
2,1,0.4,42,0.7785285285285285
2,1,0.4,99,0.7907907907907908
2,2,0.1,0,0.7667667667667668
2,2,0.1,42,0.7657657657657657
2,2,0.1,99,0.7727727727727728
2,2,0.2,0,0.7707707707707707
2,2,0.2,42,0.7597597597597597
2,2,0.2,99,0.7677677677677678
2,2,0.3,0,0.7671004337671005
2,2,0.3,42,0.745412078745412
2,2,0.3,99,0.7610944277610945
2,2,0.4,0,0.7434934934934935
2,2,0.4,42,0.742992992992993
2,2,0.4,99,0.7414914914914915
2,3,0.1,0,0.7987987987987988
2,3,0.1,42,0.7647647647647647
2,3,0.1,99,0.7807807807807807
2,3,0.2,0,0.7847847847847848
2,3,0.2,42,0.7727727727727728
2,3,0.2,99,0.7862862862862863
2,3,0.3,0,0.7824491157824491
2,3,0.3,42,0.7594260927594261
2,3,0.3,99,0.7814481147814482
2,3,0.4,0,0.758008008008008
2,3,0.4,42,0.7525025025025025
2,3,0.4,99,0.765015015015015
2,4,0.1,0,0.7807807807807807
2,4,0.1,42,0.7577577577577578
2,4,0.1,99,0.7677677677677678
2,4,0.2,0,0.7762762762762763
2,4,0.2,42,0.7652652652652653
2,4,0.2,99,0.7732732732732732
2,4,0.3,0,0.7687687687687688
2,4,0.3,42,0.7557557557557557
2,4,0.3,99,0.7754421087754421
2,4,0.4,0,0.7527527527527528
2,4,0.4,42,0.7492492492492493
2,4,0.4,99,0.7532532532532532
2,5,0.1,0,0.7737737737737738
2,5,0.1,42,0.7587587587587588
2,5,0.1,99,0.7747747747747747
2,5,0.2,0,0.7782782782782782
2,5,0.2,42,0.7587587587587588
2,5,0.2,99,0.7697697697697697
2,5,0.3,0,0.7727727727727728
2,5,0.3,42,0.7457457457457457
2,5,0.3,99,0.7684351017684351
2,5,0.4,0,0.752002002002002
2,5,0.4,42,0.741991991991992
2,5,0.4,99,0.7515015015015015
2,6,0.1,0,0.7577577577577578
2,6,0.1,42,0.7517517517517518
2,6,0.1,99,0.7577577577577578
2,6,0.2,0,0.7652652652652653
2,6,0.2,42,0.7492492492492493
2,6,0.2,99,0.7627627627627628
2,6,0.3,0,0.7597597597597597
2,6,0.3,42,0.7334000667334001
2,6,0.3,99,0.7664330997664331
2,6,0.4,0,0.73998998998999
2,6,0.4,42,0.738988988988989
2,6,0.4,99,0.7472472472472472
2,7,0.1,0,0.7467467467467468
2,7,0.1,42,0.7357357357357357
2,7,0.1,99,0.7557557557557557
2,7,0.2,0,0.7607607607607607
2,7,0.2,42,0.7412412412412412
2,7,0.2,99,0.7667667667667668
2,7,0.3,0,0.7467467467467468
2,7,0.3,42,0.736403069736403
2,7,0.3,99,0.7677677677677678
2,7,0.4,0,0.7297297297297297
2,7,0.4,42,0.7357357357357357
2,7,0.4,99,0.742992992992993
2,8,0.1,0,0.7387387387387387
2,8,0.1,42,0.7367367367367368
2,8,0.1,99,0.7357357357357357
2,8,0.2,0,0.7497497497497497
2,8,0.2,42,0.7397397397397397
2,8,0.2,99,0.7507507507507507
2,8,0.3,0,0.7430764097430764
2,8,0.3,42,0.7317317317317318
2,8,0.3,99,0.7564230897564231
2,8,0.4,0,0.7252252252252253
2,8,0.4,42,0.7262262262262262
2,8,0.4,99,0.732982982982983
2,9,0.1,0,0.7367367367367368
2,9,0.1,42,0.7267267267267268
2,9,0.1,99,0.7397397397397397
2,9,0.2,0,0.7472472472472472
2,9,0.2,42,0.7337337337337337
2,9,0.2,99,0.7497497497497497
2,9,0.3,0,0.7417417417417418
2,9,0.3,42,0.725392058725392
2,9,0.3,99,0.7470804137470805
2,9,0.4,0,0.7167167167167167
2,9,0.4,42,0.7204704704704705
2,9,0.4,99,0.7272272272272272
2,10,0.1,0,0.7397397397397397
2,10,0.1,42,0.7247247247247247
2,10,0.1,99,0.7357357357357357
2,10,0.2,0,0.7352352352352353
2,10,0.2,42,0.7272272272272272
2,10,0.2,99,0.7417417417417418
2,10,0.3,0,0.7384050717384051
2,10,0.3,42,0.7183850517183851
2,10,0.3,99,0.7377377377377378
2,10,0.4,0,0.7137137137137137
2,10,0.4,42,0.7172172172172172
2,10,0.4,99,0.7192192192192193
2,11,0.1,0,0.7297297297297297
2,11,0.1,42,0.7237237237237237
2,11,0.1,99,0.7447447447447447
2,11,0.2,0,0.7302302302302303
2,11,0.2,42,0.7267267267267268
2,11,0.2,99,0.7297297297297297
2,11,0.3,0,0.7273940607273941
2,11,0.3,42,0.7107107107107107
2,11,0.3,99,0.731398064731398
2,11,0.4,0,0.7087087087087087
2,11,0.4,42,0.7114614614614615
2,11,0.4,99,0.7157157157157157
2,12,0.1,0,0.7317317317317318
2,12,0.1,42,0.7177177177177178
2,12,0.1,99,0.7437437437437437
2,12,0.2,0,0.7247247247247247
2,12,0.2,42,0.7157157157157157
2,12,0.2,99,0.7322322322322322
2,12,0.3,0,0.719386052719386
2,12,0.3,42,0.7070403737070404
2,12,0.3,99,0.725392058725392
2,12,0.4,0,0.7062062062062062
2,12,0.4,42,0.7052052052052052
2,12,0.4,99,0.7082082082082082
2,13,0.1,0,0.7277277277277278
2,13,0.1,42,0.7127127127127127
2,13,0.1,99,0.7317317317317318
2,13,0.2,0,0.7182182182182182
2,13,0.2,42,0.7192192192192193
2,13,0.2,99,0.7207207207207207
2,13,0.3,0,0.7140473807140474
2,13,0.3,42,0.7027027027027027
2,13,0.3,99,0.719386052719386
2,13,0.4,0,0.6979479479479479
2,13,0.4,42,0.6976976976976977
2,13,0.4,99,0.7034534534534534
2,14,0.1,0,0.7157157157157157
2,14,0.1,42,0.7087087087087087
2,14,0.1,99,0.7307307307307307
2,14,0.2,0,0.7127127127127127
2,14,0.2,42,0.7082082082082082
2,14,0.2,99,0.7192192192192193
2,14,0.3,0,0.7097097097097097
2,14,0.3,42,0.6983650316983651
2,14,0.3,99,0.7130463797130464
2,14,0.4,0,0.698948948948949
2,14,0.4,42,0.6921921921921922
2,14,0.4,99,0.700950950950951
2,15,0.1,0,0.7137137137137137
2,15,0.1,42,0.7067067067067067
2,15,0.1,99,0.7247247247247247
2,15,0.2,0,0.7112112112112112
2,15,0.2,42,0.7057057057057057
2,15,0.2,99,0.7127127127127127
2,15,0.3,0,0.7097097097097097
2,15,0.3,42,0.69336002669336
2,15,0.3,99,0.7047047047047047
2,15,0.4,0,0.6934434434434434
2,15,0.4,42,0.6896896896896897
2,15,0.4,99,0.6929429429429429
2,16,0.1,0,0.7127127127127127
2,16,0.1,42,0.7027027027027027
2,16,0.1,99,0.7257257257257257
2,16,0.2,0,0.7027027027027027
2,16,0.2,42,0.6991991991991992
2,16,0.2,99,0.7052052052052052
2,16,0.3,0,0.7030363697030364
2,16,0.3,42,0.686353019686353
2,16,0.3,99,0.7057057057057057
2,16,0.4,0,0.6919419419419419
2,16,0.4,42,0.6851851851851852
2,16,0.4,99,0.6909409409409409
2,17,0.1,0,0.7027027027027027
2,17,0.1,42,0.6906906906906907
2,17,0.1,99,0.7237237237237237
2,17,0.2,0,0.7012012012012012
2,17,0.2,42,0.6916916916916916
2,17,0.2,99,0.7002002002002002
2,17,0.3,0,0.701368034701368
2,17,0.3,42,0.6840173506840174
2,17,0.3,99,0.701368034701368
2,17,0.4,0,0.6846846846846847
2,17,0.4,42,0.6824324324324325
2,17,0.4,99,0.688938938938939
2,18,0.1,0,0.7047047047047047
2,18,0.1,42,0.6896896896896897
2,18,0.1,99,0.7137137137137137
2,18,0.2,0,0.6946946946946947
2,18,0.2,42,0.6821821821821822
2,18,0.2,99,0.6941941941941941
2,18,0.3,0,0.6936936936936937
2,18,0.3,42,0.6816816816816816
2,18,0.3,99,0.6960293626960293
2,18,0.4,0,0.6796796796796797
2,18,0.4,42,0.6796796796796797
2,18,0.4,99,0.6844344344344344
2,19,0.1,0,0.6976976976976977
2,19,0.1,42,0.6796796796796797
2,19,0.1,99,0.7097097097097097
2,19,0.2,0,0.6951951951951952
2,19,0.2,42,0.6771771771771772
2,19,0.2,99,0.6891891891891891
2,19,0.3,0,0.6946946946946947
2,19,0.3,42,0.678345011678345
2,19,0.3,99,0.6970303636970303
2,19,0.4,0,0.6754254254254254
2,19,0.4,42,0.6726726726726727
2,19,0.4,99,0.6784284284284284
2,20,0.1,0,0.7027027027027027
2,20,0.1,42,0.6746746746746747
2,20,0.1,99,0.7037037037037037
2,20,0.2,0,0.6906906906906907
2,20,0.2,42,0.6831831831831832
2,20,0.2,99,0.6916916916916916
2,20,0.3,0,0.690357023690357
2,20,0.3,42,0.676343009676343
2,20,0.3,99,0.691358024691358
2,20,0.4,0,0.66991991991992
2,20,0.4,42,0.6711711711711712
2,20,0.4,99,0.6729229229229229
2,21,0.1,0,0.6956956956956957
2,21,0.1,42,0.6726726726726727
2,21,0.1,99,0.7097097097097097
2,21,0.2,0,0.6921921921921922
2,21,0.2,42,0.6771771771771772
2,21,0.2,99,0.6891891891891891
2,21,0.3,0,0.6876876876876877
2,21,0.3,42,0.668335001668335
2,21,0.3,99,0.6880213546880214
2,21,0.4,0,0.6629129129129129
2,21,0.4,42,0.6669169169169169
2,21,0.4,99,0.6706706706706707
2,22,0.1,0,0.6876876876876877
2,22,0.1,42,0.6716716716716716
2,22,0.1,99,0.7007007007007007
2,22,0.2,0,0.6891891891891891
2,22,0.2,42,0.6711711711711712
2,22,0.2,99,0.6876876876876877
2,22,0.3,0,0.6850183516850183
2,22,0.3,42,0.6656656656656657
2,22,0.3,99,0.684351017684351
2,22,0.4,0,0.6646646646646647
2,22,0.4,42,0.6701701701701702
2,22,0.4,99,0.6661661661661662
2,23,0.1,0,0.6936936936936937
2,23,0.1,42,0.6626626626626627
2,23,0.1,99,0.7077077077077077
2,23,0.2,0,0.6841841841841841
2,23,0.2,42,0.6711711711711712
2,23,0.2,99,0.6841841841841841
2,23,0.3,0,0.680347013680347
2,23,0.3,42,0.6646646646646647
2,23,0.3,99,0.6830163496830164
2,23,0.4,0,0.6599099099099099
2,23,0.4,42,0.6634134134134134
2,23,0.4,99,0.664914914914915
2,24,0.1,0,0.6876876876876877
2,24,0.1,42,0.6626626626626627
2,24,0.1,99,0.6936936936936937
2,24,0.2,0,0.6831831831831832
2,24,0.2,42,0.6746746746746747
2,24,0.2,99,0.6821821821821822
2,24,0.3,0,0.6773440106773441
2,24,0.3,42,0.6616616616616616
2,24,0.3,99,0.6826826826826827
2,24,0.4,0,0.6556556556556556
2,24,0.4,42,0.6624124124124124
2,24,0.4,99,0.6614114114114115
2,25,0.1,0,0.6846846846846847
2,25,0.1,42,0.6666666666666666
2,25,0.1,99,0.6926926926926927
2,25,0.2,0,0.6756756756756757
2,25,0.2,42,0.6691691691691691
2,25,0.2,99,0.6826826826826827
2,25,0.3,0,0.678345011678345
2,25,0.3,42,0.6589923256589924
2,25,0.3,99,0.6796796796796797
2,25,0.4,0,0.6566566566566566
2,25,0.4,42,0.6574074074074074
2,25,0.4,99,0.6579079079079079
2,26,0.1,0,0.6766766766766766
2,26,0.1,42,0.6606606606606606
2,26,0.1,99,0.6896896896896897
2,26,0.2,0,0.6716716716716716
2,26,0.2,42,0.6666666666666666
2,26,0.2,99,0.6801801801801802
2,26,0.3,0,0.671338004671338
2,26,0.3,42,0.6579913246579914
2,26,0.3,99,0.6773440106773441
2,26,0.4,0,0.6519019019019019
2,26,0.4,42,0.6574074074074074
2,26,0.4,99,0.6551551551551551
2,27,0.1,0,0.6796796796796797
2,27,0.1,42,0.6556556556556556
2,27,0.1,99,0.6856856856856857
2,27,0.2,0,0.6671671671671672
2,27,0.2,42,0.6636636636636637
2,27,0.2,99,0.6741741741741741
2,27,0.3,0,0.6696696696696697
2,27,0.3,42,0.6546546546546547
2,27,0.3,99,0.668335001668335
2,27,0.4,0,0.6531531531531531
2,27,0.4,42,0.6539039039039038
2,27,0.4,99,0.6521521521521522
2,28,0.1,0,0.6726726726726727
2,28,0.1,42,0.6586586586586587
2,28,0.1,99,0.6896896896896897
2,28,0.2,0,0.6641641641641641
2,28,0.2,42,0.6596596596596597
2,28,0.2,99,0.6686686686686687
2,28,0.3,0,0.6680013346680014
2,28,0.3,42,0.6526526526526526
2,28,0.3,99,0.6666666666666666
2,28,0.4,0,0.6476476476476476
2,28,0.4,42,0.6506506506506506
2,28,0.4,99,0.6496496496496497
2,29,0.1,0,0.6746746746746747
2,29,0.1,42,0.6516516516516516
2,29,0.1,99,0.6796796796796797
2,29,0.2,0,0.6626626626626627
2,29,0.2,42,0.6626626626626627
2,29,0.2,99,0.6676676676676677
2,29,0.3,0,0.6626626626626627
2,29,0.3,42,0.651317984651318
2,29,0.3,99,0.6656656656656657
2,29,0.4,0,0.6473973973973974
2,29,0.4,42,0.6473973973973974
2,29,0.4,99,0.6471471471471472
2,30,0.1,0,0.6736736736736737
2,30,0.1,42,0.6466466466466466
2,30,0.1,99,0.6776776776776777
2,30,0.2,0,0.6621621621621622
2,30,0.2,42,0.6596596596596597
2,30,0.2,99,0.6641641641641641
2,30,0.3,0,0.664330997664331
2,30,0.3,42,0.6479813146479814
2,30,0.3,99,0.6616616616616616
2,30,0.4,0,0.6461461461461462
2,30,0.4,42,0.6458958958958959
2,30,0.4,99,0.6493993993993994
3,1,0.1,0,0.8428428428428428
3,1,0.1,42,0.8118118118118118
3,1,0.1,99,0.8188188188188188
3,1,0.2,0,0.8333333333333334
3,1,0.2,42,0.8068068068068068
3,1,0.2,99,0.8233233233233234
3,1,0.3,0,0.8258258258258259
3,1,0.3,42,0.8044711378044711
3,1,0.3,99,0.8174841508174842
3,1,0.4,0,0.8058058058058059
3,1,0.4,42,0.795045045045045
3,1,0.4,99,0.8033033033033034
3,2,0.1,0,0.7967967967967968
3,2,0.1,42,0.7677677677677678
3,2,0.1,99,0.7857857857857858
3,2,0.2,0,0.7802802802802803
3,2,0.2,42,0.7797797797797797
3,2,0.2,99,0.7917917917917918
3,2,0.3,0,0.7801134467801134
3,2,0.3,42,0.7681014347681014
3,2,0.3,99,0.7827827827827828
3,2,0.4,0,0.757007007007007
3,2,0.4,42,0.7657657657657657
3,2,0.4,99,0.7625125125125125
3,3,0.1,0,0.8118118118118118
3,3,0.1,42,0.7837837837837838
3,3,0.1,99,0.8078078078078078
3,3,0.2,0,0.8023023023023023
3,3,0.2,42,0.7927927927927928
3,3,0.2,99,0.8128128128128128
3,3,0.3,0,0.8038038038038038
3,3,0.3,42,0.7751084417751084
3,3,0.3,99,0.8018018018018018
3,3,0.4,0,0.7827827827827828
3,3,0.4,42,0.7712712712712713
3,3,0.4,99,0.7767767767767768
3,4,0.1,0,0.7957957957957958
3,4,0.1,42,0.7747747747747747
3,4,0.1,99,0.7767767767767768
3,4,0.2,0,0.7937937937937938
3,4,0.2,42,0.7832832832832833
3,4,0.2,99,0.7927927927927928
3,4,0.3,0,0.7884551217884551
3,4,0.3,42,0.7701034367701034
3,4,0.3,99,0.7871204537871205
3,4,0.4,0,0.7730230230230231
3,4,0.4,42,0.7617617617617618
3,4,0.4,99,0.77002002002002
3,5,0.1,0,0.7917917917917918
3,5,0.1,42,0.7657657657657657
3,5,0.1,99,0.7847847847847848
3,5,0.2,0,0.7932932932932933
3,5,0.2,42,0.7762762762762763
3,5,0.2,99,0.7907907907907908
3,5,0.3,0,0.7877877877877878
3,5,0.3,42,0.7674341007674341
3,5,0.3,99,0.7904571237904571
3,5,0.4,0,0.7662662662662663
3,5,0.4,42,0.7607607607607607
3,5,0.4,99,0.769019019019019
3,6,0.1,0,0.7817817817817818
3,6,0.1,42,0.7607607607607607
3,6,0.1,99,0.7687687687687688
3,6,0.2,0,0.7822822822822822
3,6,0.2,42,0.7632632632632632
3,6,0.2,99,0.7797797797797797
3,6,0.3,0,0.7754421087754421
3,6,0.3,42,0.7534200867534201
3,6,0.3,99,0.7724391057724391
3,6,0.4,0,0.753003003003003
3,6,0.4,42,0.7552552552552553
3,6,0.4,99,0.7572572572572572
3,7,0.1,0,0.7827827827827828
3,7,0.1,42,0.7617617617617618
3,7,0.1,99,0.7677677677677678
3,7,0.2,0,0.7762762762762763
3,7,0.2,42,0.7662662662662663
3,7,0.2,99,0.7732732732732732
3,7,0.3,0,0.7687687687687688
3,7,0.3,42,0.7577577577577578
3,7,0.3,99,0.7724391057724391
3,7,0.4,0,0.748998998998999
3,7,0.4,42,0.748998998998999
3,7,0.4,99,0.7537537537537538
3,8,0.1,0,0.7717717717717718
3,8,0.1,42,0.7597597597597597
3,8,0.1,99,0.7637637637637638
3,8,0.2,0,0.7657657657657657
3,8,0.2,42,0.7532532532532532
3,8,0.2,99,0.7652652652652653
3,8,0.3,0,0.7627627627627628
3,8,0.3,42,0.7484150817484151
3,8,0.3,99,0.7587587587587588
3,8,0.4,0,0.740990990990991
3,8,0.4,42,0.7402402402402403
3,8,0.4,99,0.7424924924924925
3,9,0.1,0,0.7747747747747747
3,9,0.1,42,0.7487487487487487
3,9,0.1,99,0.7597597597597597
3,9,0.2,0,0.7622622622622622
3,9,0.2,42,0.7472472472472472
3,9,0.2,99,0.7602602602602603
3,9,0.3,0,0.755422088755422
3,9,0.3,42,0.7350684017350684
3,9,0.3,99,0.7534200867534201
3,9,0.4,0,0.7397397397397397
3,9,0.4,42,0.728978978978979
3,9,0.4,99,0.7372372372372372
3,10,0.1,0,0.7647647647647647
3,10,0.1,42,0.7417417417417418
3,10,0.1,99,0.7517517517517518
3,10,0.2,0,0.7557557557557557
3,10,0.2,42,0.7462462462462462
3,10,0.2,99,0.7512512512512513
3,10,0.3,0,0.7424090757424091
3,10,0.3,42,0.7280613947280614
3,10,0.3,99,0.7470804137470805
3,10,0.4,0,0.7317317317317318
3,10,0.4,42,0.7247247247247247
3,10,0.4,99,0.72997997997998
3,11,0.1,0,0.7597597597597597
3,11,0.1,42,0.7397397397397397
3,11,0.1,99,0.7517517517517518
3,11,0.2,0,0.7502502502502503
3,11,0.2,42,0.7422422422422422
3,11,0.2,99,0.7482482482482482
3,11,0.3,0,0.7377377377377378
3,11,0.3,42,0.7283950617283951
3,11,0.3,99,0.7450784117450784
3,11,0.4,0,0.7282282282282282
3,11,0.4,42,0.7212212212212212
3,11,0.4,99,0.7252252252252253
3,12,0.1,0,0.7467467467467468
3,12,0.1,42,0.7327327327327328
3,12,0.1,99,0.7537537537537538
3,12,0.2,0,0.7457457457457457
3,12,0.2,42,0.7332332332332332
3,12,0.2,99,0.7417417417417418
3,12,0.3,0,0.7367367367367368
3,12,0.3,42,0.7180513847180514
3,12,0.3,99,0.736403069736403
3,12,0.4,0,0.720970970970971
3,12,0.4,42,0.7179679679679679
3,12,0.4,99,0.7192192192192193
3,13,0.1,0,0.7447447447447447
3,13,0.1,42,0.7287287287287287
3,13,0.1,99,0.7467467467467468
3,13,0.2,0,0.7437437437437437
3,13,0.2,42,0.7307307307307307
3,13,0.2,99,0.7382382382382382
3,13,0.3,0,0.7310643977310644
3,13,0.3,42,0.715382048715382
3,13,0.3,99,0.735402068735402
3,13,0.4,0,0.7164664664664665
3,13,0.4,42,0.7122122122122122
3,13,0.4,99,0.713963963963964
3,14,0.1,0,0.7337337337337337
3,14,0.1,42,0.7167167167167167
3,14,0.1,99,0.7397397397397397
3,14,0.2,0,0.7317317317317318
3,14,0.2,42,0.7277277277277278
3,14,0.2,99,0.7302302302302303
3,14,0.3,0,0.7260593927260593
3,14,0.3,42,0.7090423757090424
3,14,0.3,99,0.7340674007340674
3,14,0.4,0,0.708958958958959
3,14,0.4,42,0.7077077077077077
3,14,0.4,99,0.7119619619619619
3,15,0.1,0,0.7357357357357357
3,15,0.1,42,0.7087087087087087
3,15,0.1,99,0.7257257257257257
3,15,0.2,0,0.7297297297297297
3,15,0.2,42,0.7202202202202203
3,15,0.2,99,0.7247247247247247
3,15,0.3,0,0.7197197197197197
3,15,0.3,42,0.7060393727060393
3,15,0.3,99,0.7237237237237237
3,15,0.4,0,0.7007007007007007
3,15,0.4,42,0.7017017017017017
3,15,0.4,99,0.7062062062062062
3,16,0.1,0,0.7257257257257257
3,16,0.1,42,0.7087087087087087
3,16,0.1,99,0.7317317317317318
3,16,0.2,0,0.7207207207207207
3,16,0.2,42,0.7207207207207207
3,16,0.2,99,0.7217217217217218
3,16,0.3,0,0.7130463797130464
3,16,0.3,42,0.6970303636970303
3,16,0.3,99,0.7150483817150484
3,16,0.4,0,0.6986986986986987
3,16,0.4,42,0.6944444444444444
3,16,0.4,99,0.6944444444444444
3,17,0.1,0,0.7217217217217218
3,17,0.1,42,0.7017017017017017
3,17,0.1,99,0.7257257257257257
3,17,0.2,0,0.7207207207207207
3,17,0.2,42,0.7092092092092092
3,17,0.2,99,0.7127127127127127
3,17,0.3,0,0.711378044711378
3,17,0.3,42,0.695362028695362
3,17,0.3,99,0.7117117117117117
3,17,0.4,0,0.693943943943944
3,17,0.4,42,0.6896896896896897
3,17,0.4,99,0.6916916916916916
3,18,0.1,0,0.7187187187187187
3,18,0.1,42,0.6946946946946947
3,18,0.1,99,0.7207207207207207
3,18,0.2,0,0.7137137137137137
3,18,0.2,42,0.7017017017017017
3,18,0.2,99,0.7067067067067067
3,18,0.3,0,0.7050383717050384
3,18,0.3,42,0.6940273606940274
3,18,0.3,99,0.7037037037037037
3,18,0.4,0,0.6894394394394394
3,18,0.4,42,0.6844344344344344
3,18,0.4,99,0.6911911911911912
3,19,0.1,0,0.7147147147147147
3,19,0.1,42,0.6926926926926927
3,19,0.1,99,0.7127127127127127
3,19,0.2,0,0.7087087087087087
3,19,0.2,42,0.6936936936936937
3,19,0.2,99,0.6996996996996997
3,19,0.3,0,0.7080413747080414
3,19,0.3,42,0.686353019686353
3,19,0.3,99,0.7073740407073741
3,19,0.4,0,0.6894394394394394
3,19,0.4,42,0.6806806806806807
3,19,0.4,99,0.6909409409409409
3,20,0.1,0,0.7127127127127127
3,20,0.1,42,0.6896896896896897
3,20,0.1,99,0.7167167167167167
3,20,0.2,0,0.7022022022022022
3,20,0.2,42,0.6936936936936937
3,20,0.2,99,0.6976976976976977
3,20,0.3,0,0.7007007007007007
3,20,0.3,42,0.6866866866866866
3,20,0.3,99,0.6976976976976977
3,20,0.4,0,0.6851851851851852
3,20,0.4,42,0.6801801801801802
3,20,0.4,99,0.6846846846846847
3,21,0.1,0,0.7087087087087087
3,21,0.1,42,0.6866866866866866
3,21,0.1,99,0.7147147147147147
3,21,0.2,0,0.7032032032032032
3,21,0.2,42,0.6916916916916916
3,21,0.2,99,0.6966966966966966
3,21,0.3,0,0.699366032699366
3,21,0.3,42,0.6800133466800133
3,21,0.3,99,0.6966966966966966
3,21,0.4,0,0.6824324324324325
3,21,0.4,42,0.6741741741741741
3,21,0.4,99,0.6821821821821822
3,22,0.1,0,0.7007007007007007
3,22,0.1,42,0.6796796796796797
3,22,0.1,99,0.7127127127127127
3,22,0.2,0,0.6981981981981982
3,22,0.2,42,0.6836836836836837
3,22,0.2,99,0.6901901901901902
3,22,0.3,0,0.6936936936936937
3,22,0.3,42,0.675342008675342
3,22,0.3,99,0.6940273606940274
3,22,0.4,0,0.6816816816816816
3,22,0.4,42,0.6696696696696697
3,22,0.4,99,0.67992992992993
3,23,0.1,0,0.7017017017017017
3,23,0.1,42,0.6756756756756757
3,23,0.1,99,0.7017017017017017
3,23,0.2,0,0.6971971971971972
3,23,0.2,42,0.6781781781781782
3,23,0.2,99,0.6931931931931932
3,23,0.3,0,0.6920253586920253
3,23,0.3,42,0.6730063396730064
3,23,0.3,99,0.694361027694361
3,23,0.4,0,0.6744244244244244
3,23,0.4,42,0.6666666666666666
3,23,0.4,99,0.6759259259259259
3,24,0.1,0,0.6976976976976977
3,24,0.1,42,0.6746746746746747
3,24,0.1,99,0.7027027027027027
3,24,0.2,0,0.6901901901901902
3,24,0.2,42,0.6781781781781782
3,24,0.2,99,0.6921921921921922
3,24,0.3,0,0.6873540206873541
3,24,0.3,42,0.671338004671338
3,24,0.3,99,0.691358024691358
3,24,0.4,0,0.6716716716716716
3,24,0.4,42,0.6656656656656657
3,24,0.4,99,0.6759259259259259
3,25,0.1,0,0.6926926926926927
3,25,0.1,42,0.6686686686686687
3,25,0.1,99,0.7057057057057057
3,25,0.2,0,0.6841841841841841
3,25,0.2,42,0.6711711711711712
3,25,0.2,99,0.6886886886886887
3,25,0.3,0,0.6823490156823491
3,25,0.3,42,0.6680013346680014
3,25,0.3,99,0.6900233566900233
3,25,0.4,0,0.66991991991992
3,25,0.4,42,0.6629129129129129
3,25,0.4,99,0.674924924924925
3,26,0.1,0,0.6966966966966966
3,26,0.1,42,0.6656656656656657
3,26,0.1,99,0.7007007007007007
3,26,0.2,0,0.6826826826826827
3,26,0.2,42,0.6686686686686687
3,26,0.2,99,0.6871871871871872
3,26,0.3,0,0.679346012679346
3,26,0.3,42,0.6649983316649983
3,26,0.3,99,0.6870203536870203
3,26,0.4,0,0.6671671671671672
3,26,0.4,42,0.6601601601601602
3,26,0.4,99,0.6704204204204204
3,27,0.1,0,0.6876876876876877
3,27,0.1,42,0.6636636636636637
3,27,0.1,99,0.6996996996996997
3,27,0.2,0,0.6811811811811812
3,27,0.2,42,0.6626626626626627
3,27,0.2,99,0.6861861861861862
3,27,0.3,0,0.675342008675342
3,27,0.3,42,0.6649983316649983
3,27,0.3,99,0.684351017684351
3,27,0.4,0,0.6681681681681682
3,27,0.4,42,0.6591591591591591
3,27,0.4,99,0.6704204204204204
3,28,0.1,0,0.6796796796796797
3,28,0.1,42,0.6616616616616616
3,28,0.1,99,0.6976976976976977
3,28,0.2,0,0.6786786786786787
3,28,0.2,42,0.6606606606606606
3,28,0.2,99,0.6821821821821822
3,28,0.3,0,0.674341007674341
3,28,0.3,42,0.6589923256589924
3,28,0.3,99,0.6790123456790124
3,28,0.4,0,0.6654154154154154
3,28,0.4,42,0.6536536536536537
3,28,0.4,99,0.6684184184184184
3,29,0.1,0,0.6766766766766766
3,29,0.1,42,0.6606606606606606
3,29,0.1,99,0.6956956956956957
3,29,0.2,0,0.6726726726726727
3,29,0.2,42,0.6601601601601602
3,29,0.2,99,0.6786786786786787
3,29,0.3,0,0.668335001668335
3,29,0.3,42,0.6549883216549883
3,29,0.3,99,0.6796796796796797
3,29,0.4,0,0.6616616616616616
3,29,0.4,42,0.6521521521521522
3,29,0.4,99,0.6684184184184184
3,30,0.1,0,0.6776776776776777
3,30,0.1,42,0.6556556556556556
3,30,0.1,99,0.6936936936936937
3,30,0.2,0,0.6686686686686687
3,30,0.2,42,0.6601601601601602
3,30,0.2,99,0.6766766766766766
3,30,0.3,0,0.6639973306639974
3,30,0.3,42,0.6516516516516516
3,30,0.3,99,0.6773440106773441
3,30,0.4,0,0.6621621621621622
3,30,0.4,42,0.6516516516516516
3,30,0.4,99,0.6661661661661662
4,1,0.1,0,0.8598598598598599
4,1,0.1,42,0.8398398398398398
4,1,0.1,99,0.8588588588588588
4,1,0.2,0,0.8463463463463463
4,1,0.2,42,0.8293293293293293
4,1,0.2,99,0.8513513513513513
4,1,0.3,0,0.8411745078411745
4,1,0.3,42,0.8284951618284951
4,1,0.3,99,0.8438438438438438
4,1,0.4,0,0.8293293293293293
4,1,0.4,42,0.8240740740740741
4,1,0.4,99,0.8328328328328328
4,2,0.1,0,0.8288288288288288
4,2,0.1,42,0.7997997997997998
4,2,0.1,99,0.8138138138138138
4,2,0.2,0,0.8103103103103103
4,2,0.2,42,0.7957957957957958
4,2,0.2,99,0.8153153153153153
4,2,0.3,0,0.8001334668001334
4,2,0.3,42,0.7924591257924591
4,2,0.3,99,0.8011344678011345
4,2,0.4,0,0.7775275275275275
4,2,0.4,42,0.7832832832832833
4,2,0.4,99,0.7865365365365365
4,3,0.1,0,0.8278278278278278
4,3,0.1,42,0.8118118118118118
4,3,0.1,99,0.8278278278278278
4,3,0.2,0,0.8223223223223223
4,3,0.2,42,0.8163163163163163
4,3,0.2,99,0.8263263263263263
4,3,0.3,0,0.8194861528194861
4,3,0.3,42,0.8068068068068068
4,3,0.3,99,0.8218218218218218
4,3,0.4,0,0.7980480480480481
4,3,0.4,42,0.7980480480480481
4,3,0.4,99,0.8078078078078078
4,4,0.1,0,0.8288288288288288
4,4,0.1,42,0.8158158158158159
4,4,0.1,99,0.8208208208208209
4,4,0.2,0,0.8188188188188188
4,4,0.2,42,0.8128128128128128
4,4,0.2,99,0.8213213213213213
4,4,0.3,0,0.8078078078078078
4,4,0.3,42,0.8004671338004671
4,4,0.3,99,0.8098098098098098
4,4,0.4,0,0.7897897897897898
4,4,0.4,42,0.7925425425425425
4,4,0.4,99,0.7932932932932933
4,5,0.1,0,0.8278278278278278
4,5,0.1,42,0.7997997997997998
4,5,0.1,99,0.8088088088088088
4,5,0.2,0,0.8103103103103103
4,5,0.2,42,0.8053053053053053
4,5,0.2,99,0.8093093093093093
4,5,0.3,0,0.8041374708041374
4,5,0.3,42,0.7917917917917918
4,5,0.3,99,0.8014681348014682
4,5,0.4,0,0.791041041041041
4,5,0.4,42,0.7875375375375375
4,5,0.4,99,0.7880380380380381
4,6,0.1,0,0.8088088088088088
4,6,0.1,42,0.7847847847847848
4,6,0.1,99,0.8028028028028028
4,6,0.2,0,0.7997997997997998
4,6,0.2,42,0.7932932932932933
4,6,0.2,99,0.7982982982982983
4,6,0.3,0,0.7937937937937938
4,6,0.3,42,0.7831164497831165
4,6,0.3,99,0.7947947947947948
4,6,0.4,0,0.777027027027027
4,6,0.4,42,0.7767767767767768
4,6,0.4,99,0.7787787787787788
4,7,0.1,0,0.8058058058058059
4,7,0.1,42,0.7907907907907908
4,7,0.1,99,0.7997997997997998
4,7,0.2,0,0.7972972972972973
4,7,0.2,42,0.7957957957957958
4,7,0.2,99,0.7997997997997998
4,7,0.3,0,0.7861194527861195
4,7,0.3,42,0.7871204537871205
4,7,0.3,99,0.7971304637971305
4,7,0.4,0,0.7717717717717718
4,7,0.4,42,0.771021021021021
4,7,0.4,99,0.7747747747747747
4,8,0.1,0,0.8038038038038038
4,8,0.1,42,0.7707707707707707
4,8,0.1,99,0.7947947947947948
4,8,0.2,0,0.7882882882882883
4,8,0.2,42,0.7827827827827828
4,8,0.2,99,0.7902902902902903
4,8,0.3,0,0.7784451117784451
4,8,0.3,42,0.7731064397731064
4,8,0.3,99,0.7917917917917918
4,8,0.4,0,0.7577577577577578
4,8,0.4,42,0.763013013013013
4,8,0.4,99,0.767017017017017
4,9,0.1,0,0.7927927927927928
4,9,0.1,42,0.7707707707707707
4,9,0.1,99,0.7867867867867868
4,9,0.2,0,0.7742742742742743
4,9,0.2,42,0.7892892892892893
4,9,0.2,99,0.7877877877877878
4,9,0.3,0,0.7701034367701034
4,9,0.3,42,0.7684351017684351
4,9,0.3,99,0.7824491157824491
4,9,0.4,0,0.7562562562562563
4,9,0.4,42,0.7507507507507507
4,9,0.4,99,0.7645145145145145
4,10,0.1,0,0.7887887887887888
4,10,0.1,42,0.7647647647647647
4,10,0.1,99,0.7947947947947948
4,10,0.2,0,0.7592592592592593
4,10,0.2,42,0.7737737737737738
4,10,0.2,99,0.7762762762762763
4,10,0.3,0,0.7564230897564231
4,10,0.3,42,0.7540874207540874
4,10,0.3,99,0.7757757757757757
4,10,0.4,0,0.746996996996997
4,10,0.4,42,0.7477477477477478
4,10,0.4,99,0.7587587587587588
4,11,0.1,0,0.7827827827827828
4,11,0.1,42,0.7567567567567568
4,11,0.1,99,0.7897897897897898
4,11,0.2,0,0.7562562562562563
4,11,0.2,42,0.7702702702702703
4,11,0.2,99,0.7722722722722722
4,11,0.3,0,0.7544210877544211
4,11,0.3,42,0.7484150817484151
4,11,0.3,99,0.7721054387721055
4,11,0.4,0,0.7462462462462462
4,11,0.4,42,0.7354854854854855
4,11,0.4,99,0.7502502502502503
4,12,0.1,0,0.7697697697697697
4,12,0.1,42,0.7517517517517518
4,12,0.1,99,0.7767767767767768
4,12,0.2,0,0.7502502502502503
4,12,0.2,42,0.7597597597597597
4,12,0.2,99,0.7637637637637638
4,12,0.3,0,0.7517517517517518
4,12,0.3,42,0.7357357357357357
4,12,0.3,99,0.7600934267600934
4,12,0.4,0,0.7427427427427428
4,12,0.4,42,0.733983983983984
4,12,0.4,99,0.741991991991992
4,13,0.1,0,0.7667667667667668
4,13,0.1,42,0.7467467467467468
4,13,0.1,99,0.7737737737737738
4,13,0.2,0,0.7497497497497497
4,13,0.2,42,0.7512512512512513
4,13,0.2,99,0.7607607607607607
4,13,0.3,0,0.7474140807474141
4,13,0.3,42,0.7384050717384051
4,13,0.3,99,0.7577577577577578
4,13,0.4,0,0.7372372372372372
4,13,0.4,42,0.727977977977978
4,13,0.4,99,0.7372372372372372
4,14,0.1,0,0.7627627627627628
4,14,0.1,42,0.7417417417417418
4,14,0.1,99,0.7687687687687688
4,14,0.2,0,0.7422422422422422
4,14,0.2,42,0.7447447447447447
4,14,0.2,99,0.7557557557557557
4,14,0.3,0,0.7430764097430764
4,14,0.3,42,0.7307307307307307
4,14,0.3,99,0.7497497497497497
4,14,0.4,0,0.7294794794794794
4,14,0.4,42,0.7207207207207207
4,14,0.4,99,0.732982982982983
4,15,0.1,0,0.7607607607607607
4,15,0.1,42,0.7347347347347347
4,15,0.1,99,0.7607607607607607
4,15,0.2,0,0.7472472472472472
4,15,0.2,42,0.7442442442442443
4,15,0.2,99,0.7532532532532532
4,15,0.3,0,0.7384050717384051
4,15,0.3,42,0.724391057724391
4,15,0.3,99,0.7427427427427428
4,15,0.4,0,0.7257257257257257
4,15,0.4,42,0.7122122122122122
4,15,0.4,99,0.7287287287287287
4,16,0.1,0,0.7497497497497497
4,16,0.1,42,0.7217217217217218
4,16,0.1,99,0.7647647647647647
4,16,0.2,0,0.7407407407407407
4,16,0.2,42,0.7337337337337337
4,16,0.2,99,0.7497497497497497
4,16,0.3,0,0.7384050717384051
4,16,0.3,42,0.7230563897230564
4,16,0.3,99,0.7360694027360694
4,16,0.4,0,0.7234734734734735
4,16,0.4,42,0.7132132132132132
4,16,0.4,99,0.7242242242242243
4,17,0.1,0,0.7567567567567568
4,17,0.1,42,0.7267267267267268
4,17,0.1,99,0.7587587587587588
4,17,0.2,0,0.7402402402402403
4,17,0.2,42,0.7342342342342343
4,17,0.2,99,0.7397397397397397
4,17,0.3,0,0.7370704037370704
4,17,0.3,42,0.7177177177177178
4,17,0.3,99,0.731398064731398
4,17,0.4,0,0.7184684684684685
4,17,0.4,42,0.7069569569569569
4,17,0.4,99,0.7207207207207207
4,18,0.1,0,0.7477477477477478
4,18,0.1,42,0.7247247247247247
4,18,0.1,99,0.7587587587587588
4,18,0.2,0,0.7342342342342343
4,18,0.2,42,0.7247247247247247
4,18,0.2,99,0.7307307307307307
4,18,0.3,0,0.726393059726393
4,18,0.3,42,0.7087087087087087
4,18,0.3,99,0.7290623957290624
4,18,0.4,0,0.715965965965966
4,18,0.4,42,0.7032032032032032
4,18,0.4,99,0.7174674674674675
4,19,0.1,0,0.7427427427427428
4,19,0.1,42,0.7207207207207207
4,19,0.1,99,0.7467467467467468
4,19,0.2,0,0.7307307307307307
4,19,0.2,42,0.7237237237237237
4,19,0.2,99,0.7302302302302303
4,19,0.3,0,0.7257257257257257
4,19,0.3,42,0.7023690357023691
4,19,0.3,99,0.7217217217217218
4,19,0.4,0,0.7064564564564565
4,19,0.4,42,0.7019519519519519
4,19,0.4,99,0.7122122122122122
4,20,0.1,0,0.7387387387387387
4,20,0.1,42,0.7187187187187187
4,20,0.1,99,0.7447447447447447
4,20,0.2,0,0.7282282282282282
4,20,0.2,42,0.7202202202202203
4,20,0.2,99,0.7262262262262262
4,20,0.3,0,0.7187187187187187
4,20,0.3,42,0.6966966966966966
4,20,0.3,99,0.7217217217217218
4,20,0.4,0,0.7017017017017017
4,20,0.4,42,0.6976976976976977
4,20,0.4,99,0.7094594594594594
4,21,0.1,0,0.7357357357357357
4,21,0.1,42,0.7137137137137137
4,21,0.1,99,0.7417417417417418
4,21,0.2,0,0.7227227227227228
4,21,0.2,42,0.7162162162162162
4,21,0.2,99,0.7227227227227228
4,21,0.3,0,0.7130463797130464
4,21,0.3,42,0.6966966966966966
4,21,0.3,99,0.7180513847180514
4,21,0.4,0,0.6971971971971972
4,21,0.4,42,0.6914414414414415
4,21,0.4,99,0.7092092092092092
4,22,0.1,0,0.7337337337337337
4,22,0.1,42,0.7017017017017017
4,22,0.1,99,0.7367367367367368
4,22,0.2,0,0.7187187187187187
4,22,0.2,42,0.7107107107107107
4,22,0.2,99,0.7182182182182182
4,22,0.3,0,0.7110443777110443
4,22,0.3,42,0.6960293626960293
4,22,0.3,99,0.716383049716383
4,22,0.4,0,0.6981981981981982
4,22,0.4,42,0.6904404404404404
4,22,0.4,99,0.7074574574574575
4,23,0.1,0,0.7317317317317318
4,23,0.1,42,0.7027027027027027
4,23,0.1,99,0.7367367367367368
4,23,0.2,0,0.7147147147147147
4,23,0.2,42,0.7042042042042042
4,23,0.2,99,0.7217217217217218
4,23,0.3,0,0.7060393727060393
4,23,0.3,42,0.6923590256923591
4,23,0.3,99,0.7137137137137137
4,23,0.4,0,0.6931931931931932
4,23,0.4,42,0.6916916916916916
4,23,0.4,99,0.7017017017017017
4,24,0.1,0,0.7307307307307307
4,24,0.1,42,0.7037037037037037
4,24,0.1,99,0.7327327327327328
4,24,0.2,0,0.7137137137137137
4,24,0.2,42,0.7032032032032032
4,24,0.2,99,0.7172172172172172
4,24,0.3,0,0.7033700367033701
4,24,0.3,42,0.6910243576910243
4,24,0.3,99,0.7167167167167167
4,24,0.4,0,0.693943943943944
4,24,0.4,42,0.6879379379379379
4,24,0.4,99,0.6979479479479479
4,25,0.1,0,0.7287287287287287
4,25,0.1,42,0.7027027027027027
4,25,0.1,99,0.7337337337337337
4,25,0.2,0,0.7082082082082082
4,25,0.2,42,0.6986986986986987
4,25,0.2,99,0.7142142142142142
4,25,0.3,0,0.699366032699366
4,25,0.3,42,0.6873540206873541
4,25,0.3,99,0.710377043710377
4,25,0.4,0,0.6959459459459459
4,25,0.4,42,0.6864364364364365
4,25,0.4,99,0.6961961961961962
4,26,0.1,0,0.7237237237237237
4,26,0.1,42,0.6976976976976977
4,26,0.1,99,0.7297297297297297
4,26,0.2,0,0.7027027027027027
4,26,0.2,42,0.6946946946946947
4,26,0.2,99,0.7092092092092092
4,26,0.3,0,0.6990323656990324
4,26,0.3,42,0.686353019686353
4,26,0.3,99,0.7060393727060393
4,26,0.4,0,0.6926926926926927
4,26,0.4,42,0.6796796796796797
4,26,0.4,99,0.6956956956956957
4,27,0.1,0,0.7177177177177178
4,27,0.1,42,0.6936936936936937
4,27,0.1,99,0.7297297297297297
4,27,0.2,0,0.7027027027027027
4,27,0.2,42,0.6821821821821822
4,27,0.2,99,0.7067067067067067
4,27,0.3,0,0.6983650316983651
4,27,0.3,42,0.6806806806806807
4,27,0.3,99,0.7050383717050384
4,27,0.4,0,0.6884384384384384
4,27,0.4,42,0.6796796796796797
4,27,0.4,99,0.6956956956956957
4,28,0.1,0,0.7157157157157157
4,28,0.1,42,0.6866866866866866
4,28,0.1,99,0.7257257257257257
4,28,0.2,0,0.6936936936936937
4,28,0.2,42,0.6811811811811812
4,28,0.2,99,0.7057057057057057
4,28,0.3,0,0.6996996996996997
4,28,0.3,42,0.6796796796796797
4,28,0.3,99,0.704371037704371
4,28,0.4,0,0.6896896896896897
4,28,0.4,42,0.6776776776776777
4,28,0.4,99,0.6951951951951952
4,29,0.1,0,0.7127127127127127
4,29,0.1,42,0.6806806806806807
4,29,0.1,99,0.7327327327327328
4,29,0.2,0,0.6946946946946947
4,29,0.2,42,0.6811811811811812
4,29,0.2,99,0.7022022022022022
4,29,0.3,0,0.6976976976976977
4,29,0.3,42,0.6766766766766766
4,29,0.3,99,0.705372038705372
4,29,0.4,0,0.6846846846846847
4,29,0.4,42,0.6796796796796797
4,29,0.4,99,0.6971971971971972
4,30,0.1,0,0.7097097097097097
4,30,0.1,42,0.6726726726726727
4,30,0.1,99,0.7227227227227228
4,30,0.2,0,0.6961961961961962
4,30,0.2,42,0.6791791791791791
4,30,0.2,99,0.6996996996996997
4,30,0.3,0,0.6950283616950284
4,30,0.3,42,0.676343009676343
4,30,0.3,99,0.7023690357023691
4,30,0.4,0,0.6834334334334334
4,30,0.4,42,0.6746746746746747
4,30,0.4,99,0.6901901901901902
5,1,0.1,0,0.8748748748748749
5,1,0.1,42,0.8688688688688688
5,1,0.1,99,0.8788788788788788
5,1,0.2,0,0.8653653653653653
5,1,0.2,42,0.8493493493493494
5,1,0.2,99,0.8653653653653653
5,1,0.3,0,0.8571905238571905
5,1,0.3,42,0.8505171838505172
5,1,0.3,99,0.8508508508508509
5,1,0.4,0,0.8420920920920921
5,1,0.4,42,0.8385885885885885
5,1,0.4,99,0.8443443443443444
5,2,0.1,0,0.8408408408408409
5,2,0.1,42,0.8228228228228228
5,2,0.1,99,0.8318318318318318
5,2,0.2,0,0.8368368368368369
5,2,0.2,42,0.8193193193193193
5,2,0.2,99,0.8303303303303303
5,2,0.3,0,0.8261594928261595
5,2,0.3,42,0.8108108108108109
5,2,0.3,99,0.8214881548214882
5,2,0.4,0,0.80005005005005
5,2,0.4,42,0.8015515515515516
5,2,0.4,99,0.8083083083083084
5,3,0.1,0,0.8508508508508509
5,3,0.1,42,0.8398398398398398
5,3,0.1,99,0.8468468468468469
5,3,0.2,0,0.8443443443443444
5,3,0.2,42,0.8418418418418419
5,3,0.2,99,0.8403403403403403
5,3,0.3,0,0.8331664998331665
5,3,0.3,42,0.8218218218218218
5,3,0.3,99,0.8351685018351686
5,3,0.4,0,0.8158158158158159
5,3,0.4,42,0.8175675675675675
5,3,0.4,99,0.8273273273273273
5,4,0.1,0,0.8428428428428428
5,4,0.1,42,0.8278278278278278
5,4,0.1,99,0.8378378378378378
5,4,0.2,0,0.8348348348348348
5,4,0.2,42,0.8253253253253253
5,4,0.2,99,0.8318318318318318
5,4,0.3,0,0.8258258258258259
5,4,0.3,42,0.8114781448114782
5,4,0.3,99,0.8214881548214882
5,4,0.4,0,0.8073073073073073
5,4,0.4,42,0.8058058058058059
5,4,0.4,99,0.8128128128128128
5,5,0.1,0,0.8348348348348348
5,5,0.1,42,0.8308308308308309
5,5,0.1,99,0.8388388388388388
5,5,0.2,0,0.8303303303303303
5,5,0.2,42,0.8258258258258259
5,5,0.2,99,0.8303303303303303
5,5,0.3,0,0.8191524858191525
5,5,0.3,42,0.8144811478144811
5,5,0.3,99,0.8144811478144811
5,5,0.4,0,0.8015515515515516
5,5,0.4,42,0.8015515515515516
5,5,0.4,99,0.81006006006006
5,6,0.1,0,0.8298298298298298
5,6,0.1,42,0.8148148148148148
5,6,0.1,99,0.8348348348348348
5,6,0.2,0,0.8198198198198198
5,6,0.2,42,0.8138138138138138
5,6,0.2,99,0.8213213213213213
5,6,0.3,0,0.8094761428094761
5,6,0.3,42,0.8004671338004671
5,6,0.3,99,0.8091424758091424
5,6,0.4,0,0.786036036036036
5,6,0.4,42,0.7935435435435435
5,6,0.4,99,0.7977977977977978
5,7,0.1,0,0.8188188188188188
5,7,0.1,42,0.8068068068068068
5,7,0.1,99,0.8268268268268268
5,7,0.2,0,0.8193193193193193
5,7,0.2,42,0.8083083083083084
5,7,0.2,99,0.8113113113113113
5,7,0.3,0,0.8044711378044711
5,7,0.3,42,0.7961294627961295
5,7,0.3,99,0.8091424758091424
5,7,0.4,0,0.7897897897897898
5,7,0.4,42,0.7882882882882883
5,7,0.4,99,0.794044044044044
5,8,0.1,0,0.8088088088088088
5,8,0.1,42,0.8008008008008008
5,8,0.1,99,0.8208208208208209
5,8,0.2,0,0.8058058058058059
5,8,0.2,42,0.8008008008008008
5,8,0.2,99,0.8093093093093093
5,8,0.3,0,0.7944611277944611
5,8,0.3,42,0.7921254587921255
5,8,0.3,99,0.8028028028028028
5,8,0.4,0,0.7737737737737738
5,8,0.4,42,0.7777777777777778
5,8,0.4,99,0.785035035035035
5,9,0.1,0,0.8168168168168168
5,9,0.1,42,0.7967967967967968
5,9,0.1,99,0.8038038038038038
5,9,0.2,0,0.8003003003003003
5,9,0.2,42,0.7927927927927928
5,9,0.2,99,0.8033033033033034
5,9,0.3,0,0.7904571237904571
5,9,0.3,42,0.7787787787787788
5,9,0.3,99,0.7997997997997998
5,9,0.4,0,0.7682682682682682
5,9,0.4,42,0.771021021021021
5,9,0.4,99,0.7807807807807807
5,10,0.1,0,0.8098098098098098
5,10,0.1,42,0.7867867867867868
5,10,0.1,99,0.8128128128128128
5,10,0.2,0,0.7852852852852853
5,10,0.2,42,0.7877877877877878
5,10,0.2,99,0.8003003003003003
5,10,0.3,0,0.7787787787787788
5,10,0.3,42,0.7727727727727728
5,10,0.3,99,0.7864531197864532
5,10,0.4,0,0.767017017017017
5,10,0.4,42,0.7617617617617618
5,10,0.4,99,0.7657657657657657
5,11,0.1,0,0.7997997997997998
5,11,0.1,42,0.7917917917917918
5,11,0.1,99,0.8048048048048048
5,11,0.2,0,0.7837837837837838
5,11,0.2,42,0.7832832832832833
5,11,0.2,99,0.7897897897897898
5,11,0.3,0,0.7751084417751084
5,11,0.3,42,0.7687687687687688
5,11,0.3,99,0.7821154487821155
5,11,0.4,0,0.759009009009009
5,11,0.4,42,0.76001001001001
5,11,0.4,99,0.76001001001001
5,12,0.1,0,0.7927927927927928
5,12,0.1,42,0.7817817817817818
5,12,0.1,99,0.7987987987987988
5,12,0.2,0,0.7707707707707707
5,12,0.2,42,0.7782782782782782
5,12,0.2,99,0.7807807807807807
5,12,0.3,0,0.7691024357691024
5,12,0.3,42,0.7607607607607607
5,12,0.3,99,0.7721054387721055
5,12,0.4,0,0.7532532532532532
5,12,0.4,42,0.7484984984984985
5,12,0.4,99,0.7552552552552553
5,13,0.1,0,0.7867867867867868
5,13,0.1,42,0.7727727727727728
5,13,0.1,99,0.7957957957957958
5,13,0.2,0,0.7727727727727728
5,13,0.2,42,0.7737737737737738
5,13,0.2,99,0.7757757757757757
5,13,0.3,0,0.7570904237570905
5,13,0.3,42,0.7567567567567568
5,13,0.3,99,0.7660994327660995
5,13,0.4,0,0.7442442442442443
5,13,0.4,42,0.744994994994995
5,13,0.4,99,0.7537537537537538
5,14,0.1,0,0.7817817817817818
5,14,0.1,42,0.7617617617617618
5,14,0.1,99,0.7897897897897898
5,14,0.2,0,0.7632632632632632
5,14,0.2,42,0.7687687687687688
5,14,0.2,99,0.7672672672672672
5,14,0.3,0,0.7620954287620955
5,14,0.3,42,0.7477477477477478
5,14,0.3,99,0.7594260927594261
5,14,0.4,0,0.742992992992993
5,14,0.4,42,0.7387387387387387
5,14,0.4,99,0.7547547547547547
5,15,0.1,0,0.7737737737737738
5,15,0.1,42,0.7647647647647647
5,15,0.1,99,0.7867867867867868
5,15,0.2,0,0.7567567567567568
5,15,0.2,42,0.7632632632632632
5,15,0.2,99,0.7637637637637638
5,15,0.3,0,0.7550884217550884
5,15,0.3,42,0.740407073740407
5,15,0.3,99,0.7557557557557557
5,15,0.4,0,0.7387387387387387
5,15,0.4,42,0.7354854854854855
5,15,0.4,99,0.7462462462462462
5,16,0.1,0,0.7707707707707707
5,16,0.1,42,0.7607607607607607
5,16,0.1,99,0.7827827827827828
5,16,0.2,0,0.7542542542542543
5,16,0.2,42,0.7582582582582582
5,16,0.2,99,0.7617617617617618
5,16,0.3,0,0.7487487487487487
5,16,0.3,42,0.7320653987320654
5,16,0.3,99,0.7520854187520855
5,16,0.4,0,0.7364864864864865
5,16,0.4,42,0.7307307307307307
5,16,0.4,99,0.737987987987988
5,17,0.1,0,0.7627627627627628
5,17,0.1,42,0.7627627627627628
5,17,0.1,99,0.7767767767767768
5,17,0.2,0,0.7497497497497497
5,17,0.2,42,0.7502502502502503
5,17,0.2,99,0.7547547547547547
5,17,0.3,0,0.7447447447447447
5,17,0.3,42,0.7327327327327328
5,17,0.3,99,0.7537537537537538
5,17,0.4,0,0.7304804804804805
5,17,0.4,42,0.725975975975976
5,17,0.4,99,0.7377377377377378
5,18,0.1,0,0.7587587587587588
5,18,0.1,42,0.7567567567567568
5,18,0.1,99,0.7687687687687688
5,18,0.2,0,0.7472472472472472
5,18,0.2,42,0.7437437437437437
5,18,0.2,99,0.7497497497497497
5,18,0.3,0,0.7444110777444111
5,18,0.3,42,0.724391057724391
5,18,0.3,99,0.7470804137470805
5,18,0.4,0,0.7304804804804805
5,18,0.4,42,0.7194694694694694
5,18,0.4,99,0.7314814814814815
5,19,0.1,0,0.7497497497497497
5,19,0.1,42,0.7547547547547547
5,19,0.1,99,0.7727727727727728
5,19,0.2,0,0.7432432432432432
5,19,0.2,42,0.7422422422422422
5,19,0.2,99,0.7487487487487487
5,19,0.3,0,0.7430764097430764
5,19,0.3,42,0.7247247247247247
5,19,0.3,99,0.7437437437437437
5,19,0.4,0,0.7254754754754755
5,19,0.4,42,0.7142142142142142
5,19,0.4,99,0.7297297297297297
5,20,0.1,0,0.7517517517517518
5,20,0.1,42,0.7437437437437437
5,20,0.1,99,0.7697697697697697
5,20,0.2,0,0.7417417417417418
5,20,0.2,42,0.7332332332332332
5,20,0.2,99,0.7422422422422422
5,20,0.3,0,0.7430764097430764
5,20,0.3,42,0.7180513847180514
5,20,0.3,99,0.7400734067400734
5,20,0.4,0,0.7254754754754755
5,20,0.4,42,0.7132132132132132
5,20,0.4,99,0.7274774774774775
5,21,0.1,0,0.7447447447447447
5,21,0.1,42,0.7317317317317318
5,21,0.1,99,0.7627627627627628
5,21,0.2,0,0.7412412412412412
5,21,0.2,42,0.7262262262262262
5,21,0.2,99,0.7372372372372372
5,21,0.3,0,0.7407407407407407
5,21,0.3,42,0.715382048715382
5,21,0.3,99,0.7374040707374041
5,21,0.4,0,0.722972972972973
5,21,0.4,42,0.7084584584584585
5,21,0.4,99,0.7262262262262262
5,22,0.1,0,0.7457457457457457
5,22,0.1,42,0.7337337337337337
5,22,0.1,99,0.7687687687687688
5,22,0.2,0,0.7372372372372372
5,22,0.2,42,0.7262262262262262
5,22,0.2,99,0.7312312312312312
5,22,0.3,0,0.7370704037370704
5,22,0.3,42,0.7157157157157157
5,22,0.3,99,0.7334000667334001
5,22,0.4,0,0.7204704704704705
5,22,0.4,42,0.7044544544544544
5,22,0.4,99,0.722972972972973
5,23,0.1,0,0.7447447447447447
5,23,0.1,42,0.7347347347347347
5,23,0.1,99,0.7567567567567568
5,23,0.2,0,0.7382382382382382
5,23,0.2,42,0.7217217217217218
5,23,0.2,99,0.7307307307307307
5,23,0.3,0,0.7350684017350684
5,23,0.3,42,0.706373039706373
5,23,0.3,99,0.7323990657323991
5,23,0.4,0,0.7177177177177178
5,23,0.4,42,0.7042042042042042
5,23,0.4,99,0.7207207207207207
5,24,0.1,0,0.7437437437437437
5,24,0.1,42,0.7337337337337337
5,24,0.1,99,0.7537537537537538
5,24,0.2,0,0.7362362362362362
5,24,0.2,42,0.7177177177177178
5,24,0.2,99,0.7272272272272272
5,24,0.3,0,0.7330663997330664
5,24,0.3,42,0.7077077077077077
5,24,0.3,99,0.729396062729396
5,24,0.4,0,0.715965965965966
5,24,0.4,42,0.7017017017017017
5,24,0.4,99,0.7187187187187187
5,25,0.1,0,0.7377377377377378
5,25,0.1,42,0.7267267267267268
5,25,0.1,99,0.7497497497497497
5,25,0.2,0,0.7322322322322322
5,25,0.2,42,0.7162162162162162
5,25,0.2,99,0.7262262262262262
5,25,0.3,0,0.7290623957290624
5,25,0.3,42,0.7027027027027027
5,25,0.3,99,0.7247247247247247
5,25,0.4,0,0.7127127127127127
5,25,0.4,42,0.698948948948949
5,25,0.4,99,0.7172172172172172
5,26,0.1,0,0.7417417417417418
5,26,0.1,42,0.7287287287287287
5,26,0.1,99,0.7507507507507507
5,26,0.2,0,0.7332332332332332
5,26,0.2,42,0.7137137137137137
5,26,0.2,99,0.7277277277277278
5,26,0.3,0,0.7247247247247247
5,26,0.3,42,0.7027027027027027
5,26,0.3,99,0.7223890557223891
5,26,0.4,0,0.7087087087087087
5,26,0.4,42,0.6956956956956957
5,26,0.4,99,0.713963963963964
5,27,0.1,0,0.7417417417417418
5,27,0.1,42,0.7247247247247247
5,27,0.1,99,0.7447447447447447
5,27,0.2,0,0.7317317317317318
5,27,0.2,42,0.7087087087087087
5,27,0.2,99,0.7237237237237237
5,27,0.3,0,0.7227227227227228
5,27,0.3,42,0.7000333667000334
5,27,0.3,99,0.721388054721388
5,27,0.4,0,0.705955955955956
5,27,0.4,42,0.6946946946946947
5,27,0.4,99,0.7137137137137137
5,28,0.1,0,0.7377377377377378
5,28,0.1,42,0.7267267267267268
5,28,0.1,99,0.7407407407407407
5,28,0.2,0,0.7242242242242243
5,28,0.2,42,0.7022022022022022
5,28,0.2,99,0.7172172172172172
5,28,0.3,0,0.719386052719386
5,28,0.3,42,0.7000333667000334
5,28,0.3,99,0.7200533867200534
5,28,0.4,0,0.704954954954955
5,28,0.4,42,0.6906906906906907
5,28,0.4,99,0.7079579579579579
5,29,0.1,0,0.7317317317317318
5,29,0.1,42,0.7197197197197197
5,29,0.1,99,0.7397397397397397
5,29,0.2,0,0.7217217217217218
5,29,0.2,42,0.6996996996996997
5,29,0.2,99,0.7152152152152152
5,29,0.3,0,0.7223890557223891
5,29,0.3,42,0.6956956956956957
5,29,0.3,99,0.7167167167167167
5,29,0.4,0,0.7034534534534534
5,29,0.4,42,0.6886886886886887
5,29,0.4,99,0.705955955955956
5,30,0.1,0,0.7307307307307307
5,30,0.1,42,0.7177177177177178
5,30,0.1,99,0.7257257257257257
5,30,0.2,0,0.7197197197197197
5,30,0.2,42,0.6996996996996997
5,30,0.2,99,0.7192192192192193
5,30,0.3,0,0.7150483817150484
5,30,0.3,42,0.690357023690357
5,30,0.3,99,0.7187187187187187
5,30,0.4,0,0.7017017017017017
5,30,0.4,42,0.688938938938939
5,30,0.4,99,0.7034534534534534
6,1,0.1,0,0.8928928928928929
6,1,0.1,42,0.8708708708708709
6,1,0.1,99,0.8858858858858859
6,1,0.2,0,0.8808808808808809
6,1,0.2,42,0.8653653653653653
6,1,0.2,99,0.8773773773773774
6,1,0.3,0,0.8722055388722055
6,1,0.3,42,0.8672005338672005
6,1,0.3,99,0.8678678678678678
6,1,0.4,0,0.8558558558558559
6,1,0.4,42,0.8561061061061062
6,1,0.4,99,0.8546046046046046
6,2,0.1,0,0.8508508508508509
6,2,0.1,42,0.8428428428428428
6,2,0.1,99,0.8428428428428428
6,2,0.2,0,0.8453453453453453
6,2,0.2,42,0.8408408408408409
6,2,0.2,99,0.8358358358358359
6,2,0.3,0,0.8328328328328328
6,2,0.3,42,0.8301634968301635
6,2,0.3,99,0.8274941608274942
6,2,0.4,0,0.8118118118118118
6,2,0.4,42,0.8173173173173173
6,2,0.4,99,0.8195695695695696
6,3,0.1,0,0.8598598598598599
6,3,0.1,42,0.8558558558558559
6,3,0.1,99,0.8618618618618619
6,3,0.2,0,0.8513513513513513
6,3,0.2,42,0.8528528528528528
6,3,0.2,99,0.8523523523523524
6,3,0.3,0,0.8451785118451786
6,3,0.3,42,0.8398398398398398
6,3,0.3,99,0.8428428428428428
6,3,0.4,0,0.8295795795795796
6,3,0.4,42,0.8295795795795796
6,3,0.4,99,0.8285785785785785
6,4,0.1,0,0.8588588588588588
6,4,0.1,42,0.8508508508508509
6,4,0.1,99,0.8658658658658659
6,4,0.2,0,0.8488488488488488
6,4,0.2,42,0.8463463463463463
6,4,0.2,99,0.8438438438438438
6,4,0.3,0,0.8355021688355022
6,4,0.3,42,0.8268268268268268
6,4,0.3,99,0.8361695028361695
6,4,0.4,0,0.8130630630630631
6,4,0.4,42,0.8183183183183184
6,4,0.4,99,0.82007007007007
6,5,0.1,0,0.8538538538538538
6,5,0.1,42,0.8528528528528528
6,5,0.1,99,0.8468468468468469
6,5,0.2,0,0.8383383383383384
6,5,0.2,42,0.8408408408408409
6,5,0.2,99,0.8388388388388388
6,5,0.3,0,0.8328328328328328
6,5,0.3,42,0.8231564898231565
6,5,0.3,99,0.8291624958291625
6,5,0.4,0,0.8148148148148148
6,5,0.4,42,0.8113113113113113
6,5,0.4,99,0.8145645645645646
6,6,0.1,0,0.8438438438438438
6,6,0.1,42,0.8358358358358359
6,6,0.1,99,0.8388388388388388
6,6,0.2,0,0.8243243243243243
6,6,0.2,42,0.8263263263263263
6,6,0.2,99,0.8333333333333334
6,6,0.3,0,0.8238238238238238
6,6,0.3,42,0.8104771438104772
6,6,0.3,99,0.8218218218218218
6,6,0.4,0,0.7982982982982983
6,6,0.4,42,0.8013013013013013
6,6,0.4,99,0.805055055055055
6,7,0.1,0,0.8418418418418419
6,7,0.1,42,0.8248248248248248
6,7,0.1,99,0.8358358358358359
6,7,0.2,0,0.8198198198198198
6,7,0.2,42,0.8233233233233234
6,7,0.2,99,0.8278278278278278
6,7,0.3,0,0.8101434768101434
6,7,0.3,42,0.8091424758091424
6,7,0.3,99,0.8181514848181515
6,7,0.4,0,0.7952952952952953
6,7,0.4,42,0.7952952952952953
6,7,0.4,99,0.8005505505505506
6,8,0.1,0,0.8388388388388388
6,8,0.1,42,0.8238238238238238
6,8,0.1,99,0.8278278278278278
6,8,0.2,0,0.8178178178178178
6,8,0.2,42,0.8188188188188188
6,8,0.2,99,0.8198198198198198
6,8,0.3,0,0.8058058058058059
6,8,0.3,42,0.7974641307974641
6,8,0.3,99,0.8104771438104772
6,8,0.4,0,0.7872872872872873
6,8,0.4,42,0.7830330330330331
6,8,0.4,99,0.7957957957957958
6,9,0.1,0,0.8238238238238238
6,9,0.1,42,0.8208208208208209
6,9,0.1,99,0.8228228228228228
6,9,0.2,0,0.8108108108108109
6,9,0.2,42,0.8098098098098098
6,9,0.2,99,0.8128128128128128
6,9,0.3,0,0.7974641307974641
6,9,0.3,42,0.7934601267934601
6,9,0.3,99,0.8054721388054722
6,9,0.4,0,0.7787787787787788
6,9,0.4,42,0.7752752752752753
6,9,0.4,99,0.79004004004004
6,10,0.1,0,0.8088088088088088
6,10,0.1,42,0.8068068068068068
6,10,0.1,99,0.8198198198198198
6,10,0.2,0,0.7952952952952953
6,10,0.2,42,0.7972972972972973
6,10,0.2,99,0.8083083083083084
6,10,0.3,0,0.7941274607941274
6,10,0.3,42,0.7827827827827828
6,10,0.3,99,0.7911244577911245
6,10,0.4,0,0.7737737737737738
6,10,0.4,42,0.7705205205205206
6,10,0.4,99,0.7817817817817818
6,11,0.1,0,0.8118118118118118
6,11,0.1,42,0.8038038038038038
6,11,0.1,99,0.8118118118118118
6,11,0.2,0,0.7922922922922923
6,11,0.2,42,0.7952952952952953
6,11,0.2,99,0.7997997997997998
6,11,0.3,0,0.7904571237904571
6,11,0.3,42,0.7761094427761095
6,11,0.3,99,0.7864531197864532
6,11,0.4,0,0.769019019019019
6,11,0.4,42,0.7635135135135135
6,11,0.4,99,0.7765265265265265
6,12,0.1,0,0.7987987987987988
6,12,0.1,42,0.8068068068068068
6,12,0.1,99,0.8138138138138138
6,12,0.2,0,0.7877877877877878
6,12,0.2,42,0.7882882882882883
6,12,0.2,99,0.7912912912912913
6,12,0.3,0,0.7821154487821155
6,12,0.3,42,0.7691024357691024
6,12,0.3,99,0.7824491157824491
6,12,0.4,0,0.7675175175175175
6,12,0.4,42,0.7547547547547547
6,12,0.4,99,0.7730230230230231
6,13,0.1,0,0.7897897897897898
6,13,0.1,42,0.8038038038038038
6,13,0.1,99,0.8138138138138138
6,13,0.2,0,0.7777777777777778
6,13,0.2,42,0.7877877877877878
6,13,0.2,99,0.7917917917917918
6,13,0.3,0,0.7747747747747747
6,13,0.3,42,0.7674341007674341
6,13,0.3,99,0.7811144477811145
6,13,0.4,0,0.7622622622622622
6,13,0.4,42,0.752002002002002
6,13,0.4,99,0.7672672672672672
6,14,0.1,0,0.7947947947947948
6,14,0.1,42,0.7967967967967968
6,14,0.1,99,0.8098098098098098
6,14,0.2,0,0.7707707707707707
6,14,0.2,42,0.7797797797797797
6,14,0.2,99,0.7802802802802803
6,14,0.3,0,0.7704371037704371
6,14,0.3,42,0.7617617617617618
6,14,0.3,99,0.7734401067734401
6,14,0.4,0,0.757007007007007
6,14,0.4,42,0.7447447447447447
6,14,0.4,99,0.7635135135135135
6,15,0.1,0,0.7887887887887888
6,15,0.1,42,0.7907907907907908
6,15,0.1,99,0.8058058058058059
6,15,0.2,0,0.7657657657657657
6,15,0.2,42,0.7692692692692693
6,15,0.2,99,0.7782782782782782
6,15,0.3,0,0.7684351017684351
6,15,0.3,42,0.7574240907574241
6,15,0.3,99,0.7721054387721055
6,15,0.4,0,0.7484984984984985
6,15,0.4,42,0.7432432432432432
6,15,0.4,99,0.7585085085085085
6,16,0.1,0,0.7867867867867868
6,16,0.1,42,0.7807807807807807
6,16,0.1,99,0.8028028028028028
6,16,0.2,0,0.7607607607607607
6,16,0.2,42,0.7647647647647647
6,16,0.2,99,0.7757757757757757
6,16,0.3,0,0.7634300967634301
6,16,0.3,42,0.7484150817484151
6,16,0.3,99,0.7634300967634301
6,16,0.4,0,0.7427427427427428
6,16,0.4,42,0.7397397397397397
6,16,0.4,99,0.7527527527527528
6,17,0.1,0,0.7757757757757757
6,17,0.1,42,0.7807807807807807
6,17,0.1,99,0.7897897897897898
6,17,0.2,0,0.7602602602602603
6,17,0.2,42,0.7617617617617618
6,17,0.2,99,0.7677677677677678
6,17,0.3,0,0.7590924257590924
6,17,0.3,42,0.7464130797464131
6,17,0.3,99,0.7587587587587588
6,17,0.4,0,0.740990990990991
6,17,0.4,42,0.7344844844844844
6,17,0.4,99,0.745995995995996
6,18,0.1,0,0.7767767767767768
6,18,0.1,42,0.7777777777777778
6,18,0.1,99,0.7877877877877878
6,18,0.2,0,0.7582582582582582
6,18,0.2,42,0.7562562562562563
6,18,0.2,99,0.7627627627627628
6,18,0.3,0,0.7500834167500834
6,18,0.3,42,0.740407073740407
6,18,0.3,99,0.7550884217550884
6,18,0.4,0,0.738988988988989
6,18,0.4,42,0.733983983983984
6,18,0.4,99,0.7434934934934935
6,19,0.1,0,0.7727727727727728
6,19,0.1,42,0.7677677677677678
6,19,0.1,99,0.7817817817817818
6,19,0.2,0,0.7547547547547547
6,19,0.2,42,0.7502502502502503
6,19,0.2,99,0.7552552552552553
6,19,0.3,0,0.7507507507507507
6,19,0.3,42,0.7417417417417418
6,19,0.3,99,0.7520854187520855
6,19,0.4,0,0.7322322322322322
6,19,0.4,42,0.7272272272272272
6,19,0.4,99,0.7404904904904905
6,20,0.1,0,0.7697697697697697
6,20,0.1,42,0.7647647647647647
6,20,0.1,99,0.7797797797797797
6,20,0.2,0,0.7492492492492493
6,20,0.2,42,0.7507507507507507
6,20,0.2,99,0.7527527527527528
6,20,0.3,0,0.7460794127460794
6,20,0.3,42,0.7347347347347347
6,20,0.3,99,0.7507507507507507
6,20,0.4,0,0.730980980980981
6,20,0.4,42,0.7247247247247247
6,20,0.4,99,0.737987987987988
6,21,0.1,0,0.7597597597597597
6,21,0.1,42,0.7617617617617618
6,21,0.1,99,0.7807807807807807
6,21,0.2,0,0.7502502502502503
6,21,0.2,42,0.7472472472472472
6,21,0.2,99,0.7542542542542543
6,21,0.3,0,0.7394060727394061
6,21,0.3,42,0.7310643977310644
6,21,0.3,99,0.7497497497497497
6,21,0.4,0,0.7257257257257257
6,21,0.4,42,0.7234734734734735
6,21,0.4,99,0.7327327327327328
6,22,0.1,0,0.7637637637637638
6,22,0.1,42,0.7567567567567568
6,22,0.1,99,0.7717717717717718
6,22,0.2,0,0.7452452452452453
6,22,0.2,42,0.7427427427427428
6,22,0.2,99,0.7482482482482482
6,22,0.3,0,0.7370704037370704
6,22,0.3,42,0.7307307307307307
6,22,0.3,99,0.7470804137470805
6,22,0.4,0,0.7202202202202203
6,22,0.4,42,0.7192192192192193
6,22,0.4,99,0.7332332332332332
6,23,0.1,0,0.7617617617617618
6,23,0.1,42,0.7497497497497497
6,23,0.1,99,0.7657657657657657
6,23,0.2,0,0.7357357357357357
6,23,0.2,42,0.7402402402402403
6,23,0.2,99,0.7462462462462462
6,23,0.3,0,0.7347347347347347
6,23,0.3,42,0.7227227227227228
6,23,0.3,99,0.7450784117450784
6,23,0.4,0,0.7214714714714715
6,23,0.4,42,0.7152152152152152
6,23,0.4,99,0.7264764764764765
6,24,0.1,0,0.7517517517517518
6,24,0.1,42,0.7437437437437437
6,24,0.1,99,0.7557557557557557
6,24,0.2,0,0.7317317317317318
6,24,0.2,42,0.7372372372372372
6,24,0.2,99,0.7422422422422422
6,24,0.3,0,0.7280613947280614
6,24,0.3,42,0.719386052719386
6,24,0.3,99,0.7387387387387387
6,24,0.4,0,0.720970970970971
6,24,0.4,42,0.7102102102102102
6,24,0.4,99,0.7274774774774775
6,25,0.1,0,0.7477477477477478
6,25,0.1,42,0.7417417417417418
6,25,0.1,99,0.7507507507507507
6,25,0.2,0,0.7297297297297297
6,25,0.2,42,0.7292292292292293
6,25,0.2,99,0.7402402402402403
6,25,0.3,0,0.7273940607273941
6,25,0.3,42,0.716383049716383
6,25,0.3,99,0.7370704037370704
6,25,0.4,0,0.7164664664664665
6,25,0.4,42,0.7124624624624625
6,25,0.4,99,0.71996996996997
6,26,0.1,0,0.7407407407407407
6,26,0.1,42,0.7417417417417418
6,26,0.1,99,0.7517517517517518
6,26,0.2,0,0.7267267267267268
6,26,0.2,42,0.7262262262262262
6,26,0.2,99,0.7377377377377378
6,26,0.3,0,0.7283950617283951
6,26,0.3,42,0.7160493827160493
6,26,0.3,99,0.7323990657323991
6,26,0.4,0,0.7172172172172172
6,26,0.4,42,0.7114614614614615
6,26,0.4,99,0.718968968968969
6,27,0.1,0,0.7427427427427428
6,27,0.1,42,0.7347347347347347
6,27,0.1,99,0.7587587587587588
6,27,0.2,0,0.7237237237237237
6,27,0.2,42,0.7247247247247247
6,27,0.2,99,0.7352352352352353
6,27,0.3,0,0.7230563897230564
6,27,0.3,42,0.7130463797130464
6,27,0.3,99,0.7327327327327328
6,27,0.4,0,0.714964964964965
6,27,0.4,42,0.7069569569569569
6,27,0.4,99,0.7207207207207207
6,28,0.1,0,0.7387387387387387
6,28,0.1,42,0.7337337337337337
6,28,0.1,99,0.7517517517517518
6,28,0.2,0,0.7177177177177178
6,28,0.2,42,0.7252252252252253
6,28,0.2,99,0.7362362362362362
6,28,0.3,0,0.7230563897230564
6,28,0.3,42,0.7117117117117117
6,28,0.3,99,0.731398064731398
6,28,0.4,0,0.7132132132132132
6,28,0.4,42,0.705955955955956
6,28,0.4,99,0.7174674674674675
6,29,0.1,0,0.7367367367367368
6,29,0.1,42,0.7267267267267268
6,29,0.1,99,0.7557557557557557
6,29,0.2,0,0.7117117117117117
6,29,0.2,42,0.7222222222222222
6,29,0.2,99,0.7302302302302303
6,29,0.3,0,0.7260593927260593
6,29,0.3,42,0.7137137137137137
6,29,0.3,99,0.731398064731398
6,29,0.4,0,0.708958958958959
6,29,0.4,42,0.705955955955956
6,29,0.4,99,0.7162162162162162
6,30,0.1,0,0.7357357357357357
6,30,0.1,42,0.7287287287287287
6,30,0.1,99,0.7477477477477478
6,30,0.2,0,0.7097097097097097
6,30,0.2,42,0.7172172172172172
6,30,0.2,99,0.7282282282282282
6,30,0.3,0,0.7247247247247247
6,30,0.3,42,0.7110443777110443
6,30,0.3,99,0.7297297297297297
6,30,0.4,0,0.7084584584584585
6,30,0.4,42,0.7067067067067067
6,30,0.4,99,0.7144644644644644
7,1,0.1,0,0.8978978978978979
7,1,0.1,42,0.8768768768768769
7,1,0.1,99,0.8938938938938938
7,1,0.2,0,0.8838838838838838
7,1,0.2,42,0.8733733733733734
7,1,0.2,99,0.8828828828828829
7,1,0.3,0,0.8725392058725392
7,1,0.3,42,0.8742075408742075
7,1,0.3,99,0.8755422088755422
7,1,0.4,0,0.8581081081081081
7,1,0.4,42,0.8636136136136137
7,1,0.4,99,0.8628628628628628
7,2,0.1,0,0.8748748748748749
7,2,0.1,42,0.8478478478478478
7,2,0.1,99,0.8618618618618619
7,2,0.2,0,0.8543543543543544
7,2,0.2,42,0.8423423423423423
7,2,0.2,99,0.8533533533533534
7,2,0.3,0,0.8428428428428428
7,2,0.3,42,0.8345011678345011
7,2,0.3,99,0.8425091758425092
7,2,0.4,0,0.82007007007007
7,2,0.4,42,0.821071071071071
7,2,0.4,99,0.8318318318318318
7,3,0.1,0,0.8728728728728729
7,3,0.1,42,0.8538538538538538
7,3,0.1,99,0.8568568568568569
7,3,0.2,0,0.8548548548548549
7,3,0.2,42,0.8523523523523524
7,3,0.2,99,0.8548548548548549
7,3,0.3,0,0.8515181848515182
7,3,0.3,42,0.8358358358358359
7,3,0.3,99,0.8481815148481815
7,3,0.4,0,0.83008008008008
7,3,0.4,42,0.8293293293293293
7,3,0.4,99,0.8375875875875876
7,4,0.1,0,0.8638638638638638
7,4,0.1,42,0.8438438438438438
7,4,0.1,99,0.8648648648648649
7,4,0.2,0,0.8443443443443444
7,4,0.2,42,0.8353353353353353
7,4,0.2,99,0.8558558558558559
7,4,0.3,0,0.8351685018351686
7,4,0.3,42,0.8281614948281615
7,4,0.3,99,0.8415081748415082
7,4,0.4,0,0.8143143143143143
7,4,0.4,42,0.821071071071071
7,4,0.4,99,0.8225725725725725
7,5,0.1,0,0.8548548548548549
7,5,0.1,42,0.8418418418418419
7,5,0.1,99,0.8588588588588588
7,5,0.2,0,0.8388388388388388
7,5,0.2,42,0.8378378378378378
7,5,0.2,99,0.8513513513513513
7,5,0.3,0,0.8361695028361695
7,5,0.3,42,0.8268268268268268
7,5,0.3,99,0.8405071738405072
7,5,0.4,0,0.8165665665665666
7,5,0.4,42,0.8183183183183184
7,5,0.4,99,0.8205705705705706
7,6,0.1,0,0.8458458458458459
7,6,0.1,42,0.8308308308308309
7,6,0.1,99,0.8508508508508509
7,6,0.2,0,0.8288288288288288
7,6,0.2,42,0.8263263263263263
7,6,0.2,99,0.8423423423423423
7,6,0.3,0,0.8251584918251585
7,6,0.3,42,0.8161494828161495
7,6,0.3,99,0.8308308308308309
7,6,0.4,0,0.8048048048048048
7,6,0.4,42,0.805055055055055
7,6,0.4,99,0.8093093093093093
7,7,0.1,0,0.8378378378378378
7,7,0.1,42,0.8348348348348348
7,7,0.1,99,0.8438438438438438
7,7,0.2,0,0.8278278278278278
7,7,0.2,42,0.8273273273273273
7,7,0.2,99,0.8358358358358359
7,7,0.3,0,0.8221554888221555
7,7,0.3,42,0.8158158158158159
7,7,0.3,99,0.8251584918251585
7,7,0.4,0,0.801051051051051
7,7,0.4,42,0.7987987987987988
7,7,0.4,99,0.8055555555555556
7,8,0.1,0,0.8348348348348348
7,8,0.1,42,0.8238238238238238
7,8,0.1,99,0.8398398398398398
7,8,0.2,0,0.8273273273273273
7,8,0.2,42,0.8188188188188188
7,8,0.2,99,0.8298298298298298
7,8,0.3,0,0.8218218218218218
7,8,0.3,42,0.8034701368034701
7,8,0.3,99,0.8161494828161495
7,8,0.4,0,0.7957957957957958
7,8,0.4,42,0.7947947947947948
7,8,0.4,99,0.7987987987987988
7,9,0.1,0,0.8338338338338338
7,9,0.1,42,0.8208208208208209
7,9,0.1,99,0.8398398398398398
7,9,0.2,0,0.8203203203203203
7,9,0.2,42,0.8188188188188188
7,9,0.2,99,0.8228228228228228
7,9,0.3,0,0.8128128128128128
7,9,0.3,42,0.7987987987987988
7,9,0.3,99,0.8134801468134801
7,9,0.4,0,0.7895395395395396
7,9,0.4,42,0.7872872872872873
7,9,0.4,99,0.7952952952952953
7,10,0.1,0,0.8188188188188188
7,10,0.1,42,0.8158158158158159
7,10,0.1,99,0.8338338338338338
7,10,0.2,0,0.8138138138138138
7,10,0.2,42,0.8073073073073073
7,10,0.2,99,0.8133133133133134
7,10,0.3,0,0.8054721388054722
7,10,0.3,42,0.7927927927927928
7,10,0.3,99,0.8044711378044711
7,10,0.4,0,0.786036036036036
7,10,0.4,42,0.7787787787787788
7,10,0.4,99,0.7905405405405406
7,11,0.1,0,0.8118118118118118
7,11,0.1,42,0.8028028028028028
7,11,0.1,99,0.8188188188188188
7,11,0.2,0,0.8058058058058059
7,11,0.2,42,0.7997997997997998
7,11,0.2,99,0.8118118118118118
7,11,0.3,0,0.8014681348014682
7,11,0.3,42,0.7877877877877878
7,11,0.3,99,0.8021354688021355
7,11,0.4,0,0.7792792792792793
7,11,0.4,42,0.7687687687687688
7,11,0.4,99,0.7875375375375375
7,12,0.1,0,0.8148148148148148
7,12,0.1,42,0.7987987987987988
7,12,0.1,99,0.8228228228228228
7,12,0.2,0,0.8028028028028028
7,12,0.2,42,0.7967967967967968
7,12,0.2,99,0.8033033033033034
7,12,0.3,0,0.7971304637971305
7,12,0.3,42,0.7817817817817818
7,12,0.3,99,0.7937937937937938
7,12,0.4,0,0.7745245245245245
7,12,0.4,42,0.766016016016016
7,12,0.4,99,0.7777777777777778
7,13,0.1,0,0.8088088088088088
7,13,0.1,42,0.7997997997997998
7,13,0.1,99,0.8158158158158159
7,13,0.2,0,0.7997997997997998
7,13,0.2,42,0.7912912912912913
7,13,0.2,99,0.8008008008008008
7,13,0.3,0,0.7927927927927928
7,13,0.3,42,0.7784451117784451
7,13,0.3,99,0.7921254587921255
7,13,0.4,0,0.7715215215215215
7,13,0.4,42,0.759009009009009
7,13,0.4,99,0.7775275275275275
7,14,0.1,0,0.8018018018018018
7,14,0.1,42,0.7897897897897898
7,14,0.1,99,0.8148148148148148
7,14,0.2,0,0.7912912912912913
7,14,0.2,42,0.7827827827827828
7,14,0.2,99,0.7937937937937938
7,14,0.3,0,0.7834501167834501
7,14,0.3,42,0.7717717717717718
7,14,0.3,99,0.7881214547881215
7,14,0.4,0,0.7635135135135135
7,14,0.4,42,0.7557557557557557
7,14,0.4,99,0.774024024024024
7,15,0.1,0,0.8038038038038038
7,15,0.1,42,0.7887887887887888
7,15,0.1,99,0.8148148148148148
7,15,0.2,0,0.7882882882882883
7,15,0.2,42,0.7817817817817818
7,15,0.2,99,0.7952952952952953
7,15,0.3,0,0.7764431097764432
7,15,0.3,42,0.7654320987654321
7,15,0.3,99,0.7851184517851184
7,15,0.4,0,0.7572572572572572
7,15,0.4,42,0.7512512512512513
7,15,0.4,99,0.7692692692692693
7,16,0.1,0,0.7947947947947948
7,16,0.1,42,0.7817817817817818
7,16,0.1,99,0.8058058058058059
7,16,0.2,0,0.7842842842842843
7,16,0.2,42,0.7787787787787788
7,16,0.2,99,0.7887887887887888
7,16,0.3,0,0.7747747747747747
7,16,0.3,42,0.7564230897564231
7,16,0.3,99,0.7814481147814482
7,16,0.4,0,0.7552552552552553
7,16,0.4,42,0.7477477477477478
7,16,0.4,99,0.7632632632632632
7,17,0.1,0,0.7887887887887888
7,17,0.1,42,0.7817817817817818
7,17,0.1,99,0.8038038038038038
7,17,0.2,0,0.7777777777777778
7,17,0.2,42,0.7697697697697697
7,17,0.2,99,0.7872872872872873
7,17,0.3,0,0.7724391057724391
7,17,0.3,42,0.7534200867534201
7,17,0.3,99,0.7817817817817818
7,17,0.4,0,0.7535035035035035
7,17,0.4,42,0.7434934934934935
7,17,0.4,99,0.7577577577577578
7,18,0.1,0,0.7857857857857858
7,18,0.1,42,0.7737737737737738
7,18,0.1,99,0.7997997997997998
7,18,0.2,0,0.7742742742742743
7,18,0.2,42,0.7642642642642643
7,18,0.2,99,0.7852852852852853
7,18,0.3,0,0.7691024357691024
7,18,0.3,42,0.7514180847514181
7,18,0.3,99,0.7777777777777778
7,18,0.4,0,0.7472472472472472
7,18,0.4,42,0.7444944944944945
7,18,0.4,99,0.7557557557557557
7,19,0.1,0,0.7837837837837838
7,19,0.1,42,0.7747747747747747
7,19,0.1,99,0.8008008008008008
7,19,0.2,0,0.7717717717717718
7,19,0.2,42,0.7607607607607607
7,19,0.2,99,0.7832832832832833
7,19,0.3,0,0.7674341007674341
7,19,0.3,42,0.7474140807474141
7,19,0.3,99,0.7741074407741074
7,19,0.4,0,0.7424924924924925
7,19,0.4,42,0.7417417417417418
7,19,0.4,99,0.7502502502502503
7,20,0.1,0,0.7837837837837838
7,20,0.1,42,0.7677677677677678
7,20,0.1,99,0.7937937937937938
7,20,0.2,0,0.7722722722722722
7,20,0.2,42,0.7622622622622622
7,20,0.2,99,0.7787787787787788
7,20,0.3,0,0.7610944277610945
7,20,0.3,42,0.7450784117450784
7,20,0.3,99,0.7697697697697697
7,20,0.4,0,0.7392392392392393
7,20,0.4,42,0.7412412412412412
7,20,0.4,99,0.7472472472472472
7,21,0.1,0,0.7817817817817818
7,21,0.1,42,0.7567567567567568
7,21,0.1,99,0.7967967967967968
7,21,0.2,0,0.7682682682682682
7,21,0.2,42,0.7552552552552553
7,21,0.2,99,0.7797797797797797
7,21,0.3,0,0.7580914247580914
7,21,0.3,42,0.7414080747414081
7,21,0.3,99,0.7647647647647647
7,21,0.4,0,0.7372372372372372
7,21,0.4,42,0.7364864864864865
7,21,0.4,99,0.746996996996997
7,22,0.1,0,0.7727727727727728
7,22,0.1,42,0.7577577577577578
7,22,0.1,99,0.7937937937937938
7,22,0.2,0,0.7642642642642643
7,22,0.2,42,0.7512512512512513
7,22,0.2,99,0.7722722722722722
7,22,0.3,0,0.7570904237570905
7,22,0.3,42,0.7437437437437437
7,22,0.3,99,0.7630964297630964
7,22,0.4,0,0.7312312312312312
7,22,0.4,42,0.7314814814814815
7,22,0.4,99,0.742992992992993
7,23,0.1,0,0.7697697697697697
7,23,0.1,42,0.7497497497497497
7,23,0.1,99,0.7927927927927928
7,23,0.2,0,0.7567567567567568
7,23,0.2,42,0.7477477477477478
7,23,0.2,99,0.7657657657657657
7,23,0.3,0,0.7507507507507507
7,23,0.3,42,0.7370704037370704
7,23,0.3,99,0.7627627627627628
7,23,0.4,0,0.727977977977978
7,23,0.4,42,0.7297297297297297
7,23,0.4,99,0.7392392392392393
7,24,0.1,0,0.7697697697697697
7,24,0.1,42,0.7537537537537538
7,24,0.1,99,0.7907907907907908
7,24,0.2,0,0.7522522522522522
7,24,0.2,42,0.7477477477477478
7,24,0.2,99,0.7632632632632632
7,24,0.3,0,0.7494160827494161
7,24,0.3,42,0.7327327327327328
7,24,0.3,99,0.7590924257590924
7,24,0.4,0,0.7262262262262262
7,24,0.4,42,0.7244744744744744
7,24,0.4,99,0.737987987987988
7,25,0.1,0,0.7677677677677678
7,25,0.1,42,0.7417417417417418
7,25,0.1,99,0.7817817817817818
7,25,0.2,0,0.7477477477477478
7,25,0.2,42,0.7432432432432432
7,25,0.2,99,0.7667667667667668
7,25,0.3,0,0.7490824157490824
7,25,0.3,42,0.7307307307307307
7,25,0.3,99,0.7577577577577578
7,25,0.4,0,0.7237237237237237
7,25,0.4,42,0.7244744744744744
7,25,0.4,99,0.7367367367367368
7,26,0.1,0,0.7687687687687688
7,26,0.1,42,0.7457457457457457
7,26,0.1,99,0.7777777777777778
7,26,0.2,0,0.7452452452452453
7,26,0.2,42,0.7432432432432432
7,26,0.2,99,0.7642642642642643
7,26,0.3,0,0.7434100767434101
7,26,0.3,42,0.7307307307307307
7,26,0.3,99,0.7540874207540874
7,26,0.4,0,0.7194694694694694
7,26,0.4,42,0.7219719719719719
7,26,0.4,99,0.7342342342342343
7,27,0.1,0,0.7557557557557557
7,27,0.1,42,0.7437437437437437
7,27,0.1,99,0.7757757757757757
7,27,0.2,0,0.7462462462462462
7,27,0.2,42,0.7377377377377378
7,27,0.2,99,0.7627627627627628
7,27,0.3,0,0.7397397397397397
7,27,0.3,42,0.7270603937270604
7,27,0.3,99,0.750417083750417
7,27,0.4,0,0.7182182182182182
7,27,0.4,42,0.7177177177177178
7,27,0.4,99,0.7324824824824825
7,28,0.1,0,0.7577577577577578
7,28,0.1,42,0.7387387387387387
7,28,0.1,99,0.7767767767767768
7,28,0.2,0,0.7477477477477478
7,28,0.2,42,0.7367367367367368
7,28,0.2,99,0.7597597597597597
7,28,0.3,0,0.7374040707374041
7,28,0.3,42,0.7257257257257257
7,28,0.3,99,0.7464130797464131
7,28,0.4,0,0.7177177177177178
7,28,0.4,42,0.7187187187187187
7,28,0.4,99,0.7302302302302303
7,29,0.1,0,0.7557557557557557
7,29,0.1,42,0.7377377377377378
7,29,0.1,99,0.7777777777777778
7,29,0.2,0,0.7412412412412412
7,29,0.2,42,0.7327327327327328
7,29,0.2,99,0.7562562562562563
7,29,0.3,0,0.7377377377377378
7,29,0.3,42,0.721388054721388
7,29,0.3,99,0.7430764097430764
7,29,0.4,0,0.7144644644644644
7,29,0.4,42,0.7144644644644644
7,29,0.4,99,0.7269769769769769
7,30,0.1,0,0.7507507507507507
7,30,0.1,42,0.7407407407407407
7,30,0.1,99,0.7687687687687688
7,30,0.2,0,0.7372372372372372
7,30,0.2,42,0.7332332332332332
7,30,0.2,99,0.7537537537537538
7,30,0.3,0,0.7337337337337337
7,30,0.3,42,0.7227227227227228
7,30,0.3,99,0.740407073740407
7,30,0.4,0,0.7122122122122122
7,30,0.4,42,0.7124624624624625
7,30,0.4,99,0.7264764764764765
8,1,0.1,0,0.9059059059059059
8,1,0.1,42,0.8848848848848849
8,1,0.1,99,0.9069069069069069
8,1,0.2,0,0.8863863863863863
8,1,0.2,42,0.8878878878878879
8,1,0.2,99,0.8953953953953954
8,1,0.3,0,0.8745412078745413
8,1,0.3,42,0.8805472138805472
8,1,0.3,99,0.8858858858858859
8,1,0.4,0,0.8578578578578578
8,1,0.4,42,0.8691191191191191
8,1,0.4,99,0.8718718718718719
8,2,0.1,0,0.8658658658658659
8,2,0.1,42,0.8478478478478478
8,2,0.1,99,0.8728728728728729
8,2,0.2,0,0.8568568568568569
8,2,0.2,42,0.8378378378378378
8,2,0.2,99,0.8538538538538538
8,2,0.3,0,0.8455121788455122
8,2,0.3,42,0.8304971638304972
8,2,0.3,99,0.8431765098431765
8,2,0.4,0,0.8215715715715716
8,2,0.4,42,0.8225725725725725
8,2,0.4,99,0.8345845845845846
8,3,0.1,0,0.8818818818818819
8,3,0.1,42,0.8668668668668669
8,3,0.1,99,0.8718718718718719
8,3,0.2,0,0.8633633633633634
8,3,0.2,42,0.8598598598598599
8,3,0.2,99,0.8678678678678678
8,3,0.3,0,0.8525191858525192
8,3,0.3,42,0.8441775108441775
8,3,0.3,99,0.8555221888555222
8,3,0.4,0,0.8340840840840841
8,3,0.4,42,0.8420920920920921
8,3,0.4,99,0.8463463463463463
8,4,0.1,0,0.8648648648648649
8,4,0.1,42,0.8528528528528528
8,4,0.1,99,0.8608608608608609
8,4,0.2,0,0.8523523523523524
8,4,0.2,42,0.8513513513513513
8,4,0.2,99,0.8633633633633634
8,4,0.3,0,0.8441775108441775
8,4,0.3,42,0.8385051718385051
8,4,0.3,99,0.8478478478478478
8,4,0.4,0,0.8248248248248248
8,4,0.4,42,0.8338338338338338
8,4,0.4,99,0.8348348348348348
8,5,0.1,0,0.8568568568568569
8,5,0.1,42,0.8548548548548549
8,5,0.1,99,0.8568568568568569
8,5,0.2,0,0.8488488488488488
8,5,0.2,42,0.8493493493493494
8,5,0.2,99,0.8568568568568569
8,5,0.3,0,0.8431765098431765
8,5,0.3,42,0.8345011678345011
8,5,0.3,99,0.8435101768435102
8,5,0.4,0,0.8205705705705706
8,5,0.4,42,0.8285785785785785
8,5,0.4,99,0.8293293293293293
8,6,0.1,0,0.8488488488488488
8,6,0.1,42,0.8468468468468469
8,6,0.1,99,0.8518518518518519
8,6,0.2,0,0.8428428428428428
8,6,0.2,42,0.8433433433433434
8,6,0.2,99,0.8483483483483484
8,6,0.3,0,0.8298298298298298
8,6,0.3,42,0.8261594928261595
8,6,0.3,99,0.8331664998331665
8,6,0.4,0,0.8113113113113113
8,6,0.4,42,0.8158158158158159
8,6,0.4,99,0.8185685685685685
8,7,0.1,0,0.8508508508508509
8,7,0.1,42,0.8408408408408409
8,7,0.1,99,0.8458458458458459
8,7,0.2,0,0.8428428428428428
8,7,0.2,42,0.8388388388388388
8,7,0.2,99,0.8378378378378378
8,7,0.3,0,0.8298298298298298
8,7,0.3,42,0.8238238238238238
8,7,0.3,99,0.8288288288288288
8,7,0.4,0,0.8068068068068068
8,7,0.4,42,0.81006006006006
8,7,0.4,99,0.8153153153153153
8,8,0.1,0,0.8408408408408409
8,8,0.1,42,0.8388388388388388
8,8,0.1,99,0.8398398398398398
8,8,0.2,0,0.8303303303303303
8,8,0.2,42,0.8293293293293293
8,8,0.2,99,0.8303303303303303
8,8,0.3,0,0.8211544878211545
8,8,0.3,42,0.8101434768101434
8,8,0.3,99,0.8164831498164832
8,8,0.4,0,0.799049049049049
8,8,0.4,42,0.799049049049049
8,8,0.4,99,0.8085585585585585
8,9,0.1,0,0.8348348348348348
8,9,0.1,42,0.8268268268268268
8,9,0.1,99,0.8318318318318318
8,9,0.2,0,0.8253253253253253
8,9,0.2,42,0.8218218218218218
8,9,0.2,99,0.8263263263263263
8,9,0.3,0,0.8228228228228228
8,9,0.3,42,0.8024691358024691
8,9,0.3,99,0.8194861528194861
8,9,0.4,0,0.7952952952952953
8,9,0.4,42,0.7912912912912913
8,9,0.4,99,0.8045545545545546
8,10,0.1,0,0.8238238238238238
8,10,0.1,42,0.8238238238238238
8,10,0.1,99,0.8298298298298298
8,10,0.2,0,0.8178178178178178
8,10,0.2,42,0.8108108108108109
8,10,0.2,99,0.8208208208208209
8,10,0.3,0,0.8101434768101434
8,10,0.3,42,0.7994661327994661
8,10,0.3,99,0.8074741408074741
8,10,0.4,0,0.7892892892892893
8,10,0.4,42,0.7867867867867868
8,10,0.4,99,0.7970470470470471
8,11,0.1,0,0.8218218218218218
8,11,0.1,42,0.8108108108108109
8,11,0.1,99,0.8298298298298298
8,11,0.2,0,0.8148148148148148
8,11,0.2,42,0.8043043043043043
8,11,0.2,99,0.8148148148148148
8,11,0.3,0,0.8044711378044711
8,11,0.3,42,0.7907907907907908
8,11,0.3,99,0.8104771438104772
8,11,0.4,0,0.7832832832832833
8,11,0.4,42,0.7837837837837838
8,11,0.4,99,0.7907907907907908
8,12,0.1,0,0.8158158158158159
8,12,0.1,42,0.8158158158158159
8,12,0.1,99,0.8208208208208209
8,12,0.2,0,0.8073073073073073
8,12,0.2,42,0.8008008008008008
8,12,0.2,99,0.8118118118118118
8,12,0.3,0,0.8008008008008008
8,12,0.3,42,0.7887887887887888
8,12,0.3,99,0.8018018018018018
8,12,0.4,0,0.781031031031031
8,12,0.4,42,0.7782782782782782
8,12,0.4,99,0.7820320320320321
8,13,0.1,0,0.8138138138138138
8,13,0.1,42,0.8048048048048048
8,13,0.1,99,0.8168168168168168
8,13,0.2,0,0.7962962962962963
8,13,0.2,42,0.7962962962962963
8,13,0.2,99,0.8098098098098098
8,13,0.3,0,0.7974641307974641
8,13,0.3,42,0.7821154487821155
8,13,0.3,99,0.8014681348014682
8,13,0.4,0,0.7730230230230231
8,13,0.4,42,0.7725225225225225
8,13,0.4,99,0.7762762762762763
8,14,0.1,0,0.8118118118118118
8,14,0.1,42,0.8048048048048048
8,14,0.1,99,0.8188188188188188
8,14,0.2,0,0.7952952952952953
8,14,0.2,42,0.7947947947947948
8,14,0.2,99,0.8093093093093093
8,14,0.3,0,0.7921254587921255
8,14,0.3,42,0.7801134467801134
8,14,0.3,99,0.7951284617951284
8,14,0.4,0,0.77002002002002
8,14,0.4,42,0.7645145145145145
8,14,0.4,99,0.7735235235235235
8,15,0.1,0,0.8168168168168168
8,15,0.1,42,0.7957957957957958
8,15,0.1,99,0.8178178178178178
8,15,0.2,0,0.7927927927927928
8,15,0.2,42,0.7932932932932933
8,15,0.2,99,0.8028028028028028
8,15,0.3,0,0.7827827827827828
8,15,0.3,42,0.7714381047714381
8,15,0.3,99,0.7951284617951284
8,15,0.4,0,0.7595095095095095
8,15,0.4,42,0.7587587587587588
8,15,0.4,99,0.7765265265265265
8,16,0.1,0,0.8008008008008008
8,16,0.1,42,0.7967967967967968
8,16,0.1,99,0.8118118118118118
8,16,0.2,0,0.7842842842842843
8,16,0.2,42,0.7887887887887888
8,16,0.2,99,0.7982982982982983
8,16,0.3,0,0.7767767767767768
8,16,0.3,42,0.7674341007674341
8,16,0.3,99,0.7871204537871205
8,16,0.4,0,0.7532532532532532
8,16,0.4,42,0.7527527527527528
8,16,0.4,99,0.7627627627627628
8,17,0.1,0,0.8038038038038038
8,17,0.1,42,0.7847847847847848
8,17,0.1,99,0.8088088088088088
8,17,0.2,0,0.7837837837837838
8,17,0.2,42,0.7762762762762763
8,17,0.2,99,0.7902902902902903
8,17,0.3,0,0.7781114447781114
8,17,0.3,42,0.7584250917584251
8,17,0.3,99,0.7827827827827828
8,17,0.4,0,0.7522522522522522
8,17,0.4,42,0.7494994994994995
8,17,0.4,99,0.7597597597597597
8,18,0.1,0,0.7997997997997998
8,18,0.1,42,0.7927927927927928
8,18,0.1,99,0.8038038038038038
8,18,0.2,0,0.7772772772772772
8,18,0.2,42,0.7762762762762763
8,18,0.2,99,0.7892892892892893
8,18,0.3,0,0.7687687687687688
8,18,0.3,42,0.7567567567567568
8,18,0.3,99,0.7817817817817818
8,18,0.4,0,0.7467467467467468
8,18,0.4,42,0.748998998998999
8,18,0.4,99,0.7535035035035035
8,19,0.1,0,0.7927927927927928
8,19,0.1,42,0.7787787787787788
8,19,0.1,99,0.7977977977977978
8,19,0.2,0,0.7747747747747747
8,19,0.2,42,0.7707707707707707
8,19,0.2,99,0.7882882882882883
8,19,0.3,0,0.7667667667667668
8,19,0.3,42,0.755422088755422
8,19,0.3,99,0.7797797797797797
8,19,0.4,0,0.7457457457457457
8,19,0.4,42,0.743993993993994
8,19,0.4,99,0.7557557557557557
8,20,0.1,0,0.7787787787787788
8,20,0.1,42,0.7767767767767768
8,20,0.1,99,0.7977977977977978
8,20,0.2,0,0.7737737737737738
8,20,0.2,42,0.7727727727727728
8,20,0.2,99,0.7847847847847848
8,20,0.3,0,0.7610944277610945
8,20,0.3,42,0.7500834167500834
8,20,0.3,99,0.7764431097764432
8,20,0.4,0,0.7417417417417418
8,20,0.4,42,0.7432432432432432
8,20,0.4,99,0.7512512512512513
8,21,0.1,0,0.7747747747747747
8,21,0.1,42,0.7687687687687688
8,21,0.1,99,0.7997997997997998
8,21,0.2,0,0.7697697697697697
8,21,0.2,42,0.7692692692692693
8,21,0.2,99,0.7832832832832833
8,21,0.3,0,0.7560894227560894
8,21,0.3,42,0.7477477477477478
8,21,0.3,99,0.7697697697697697
8,21,0.4,0,0.7337337337337337
8,21,0.4,42,0.741991991991992
8,21,0.4,99,0.7477477477477478
8,22,0.1,0,0.7737737737737738
8,22,0.1,42,0.7657657657657657
8,22,0.1,99,0.7997997997997998
8,22,0.2,0,0.7602602602602603
8,22,0.2,42,0.7642642642642643
8,22,0.2,99,0.7787787787787788
8,22,0.3,0,0.7527527527527528
8,22,0.3,42,0.7470804137470805
8,22,0.3,99,0.7667667667667668
8,22,0.4,0,0.7302302302302303
8,22,0.4,42,0.738988988988989
8,22,0.4,99,0.7452452452452453
8,23,0.1,0,0.7717717717717718
8,23,0.1,42,0.7597597597597597
8,23,0.1,99,0.8008008008008008
8,23,0.2,0,0.7567567567567568
8,23,0.2,42,0.7562562562562563
8,23,0.2,99,0.7762762762762763
8,23,0.3,0,0.7500834167500834
8,23,0.3,42,0.7417417417417418
8,23,0.3,99,0.7620954287620955
8,23,0.4,0,0.7294794794794794
8,23,0.4,42,0.7342342342342343
8,23,0.4,99,0.7422422422422422
8,24,0.1,0,0.7667667667667668
8,24,0.1,42,0.7597597597597597
8,24,0.1,99,0.7907907907907908
8,24,0.2,0,0.7532532532532532
8,24,0.2,42,0.7497497497497497
8,24,0.2,99,0.7742742742742743
8,24,0.3,0,0.7467467467467468
8,24,0.3,42,0.7394060727394061
8,24,0.3,99,0.7594260927594261
8,24,0.4,0,0.7272272272272272
8,24,0.4,42,0.7332332332332332
8,24,0.4,99,0.7392392392392393
8,25,0.1,0,0.7677677677677678
8,25,0.1,42,0.7537537537537538
8,25,0.1,99,0.7897897897897898
8,25,0.2,0,0.7497497497497497
8,25,0.2,42,0.7492492492492493
8,25,0.2,99,0.7687687687687688
8,25,0.3,0,0.7434100767434101
8,25,0.3,42,0.7367367367367368
8,25,0.3,99,0.755422088755422
8,25,0.4,0,0.7284784784784785
8,25,0.4,42,0.7272272272272272
8,25,0.4,99,0.736986986986987
8,26,0.1,0,0.7647647647647647
8,26,0.1,42,0.7457457457457457
8,26,0.1,99,0.7867867867867868
8,26,0.2,0,0.7472472472472472
8,26,0.2,42,0.7422422422422422
8,26,0.2,99,0.7682682682682682
8,26,0.3,0,0.7434100767434101
8,26,0.3,42,0.7337337337337337
8,26,0.3,99,0.7544210877544211
8,26,0.4,0,0.723973973973974
8,26,0.4,42,0.722972972972973
8,26,0.4,99,0.7387387387387387
8,27,0.1,0,0.7557557557557557
8,27,0.1,42,0.7457457457457457
8,27,0.1,99,0.7837837837837838
8,27,0.2,0,0.7407407407407407
8,27,0.2,42,0.7402402402402403
8,27,0.2,99,0.7672672672672672
8,27,0.3,0,0.7394060727394061
8,27,0.3,42,0.7300633967300634
8,27,0.3,99,0.7494160827494161
8,27,0.4,0,0.7242242242242243
8,27,0.4,42,0.722972972972973
8,27,0.4,99,0.7364864864864865
8,28,0.1,0,0.7497497497497497
8,28,0.1,42,0.7447447447447447
8,28,0.1,99,0.7847847847847848
8,28,0.2,0,0.7382382382382382
8,28,0.2,42,0.7377377377377378
8,28,0.2,99,0.7602602602602603
8,28,0.3,0,0.7374040707374041
8,28,0.3,42,0.7250583917250584
8,28,0.3,99,0.7484150817484151
8,28,0.4,0,0.7224724724724725
8,28,0.4,42,0.7254754754754755
8,28,0.4,99,0.7327327327327328
8,29,0.1,0,0.7487487487487487
8,29,0.1,42,0.7427427427427428
8,29,0.1,99,0.7787787787787788
8,29,0.2,0,0.7347347347347347
8,29,0.2,42,0.7362362362362362
8,29,0.2,99,0.7612612612612613
8,29,0.3,0,0.7384050717384051
8,29,0.3,42,0.7210543877210543
8,29,0.3,99,0.7480814147480814
8,29,0.4,0,0.7242242242242243
8,29,0.4,42,0.7224724724724725
8,29,0.4,99,0.7287287287287287
8,30,0.1,0,0.7497497497497497
8,30,0.1,42,0.7437437437437437
8,30,0.1,99,0.7727727727727728
8,30,0.2,0,0.7362362362362362
8,30,0.2,42,0.7297297297297297
8,30,0.2,99,0.7587587587587588
8,30,0.3,0,0.7347347347347347
8,30,0.3,42,0.7250583917250584
8,30,0.3,99,0.7444110777444111
8,30,0.4,0,0.7204704704704705
8,30,0.4,42,0.720970970970971
8,30,0.4,99,0.7274774774774775
9,1,0.1,0,0.9079079079079079
9,1,0.1,42,0.8908908908908909
9,1,0.1,99,0.9119119119119119
9,1,0.2,0,0.8913913913913913
9,1,0.2,42,0.8918918918918919
9,1,0.2,99,0.9019019019019019
9,1,0.3,0,0.8822155488822155
9,1,0.3,42,0.8885552218885552
9,1,0.3,99,0.8878878878878879
9,1,0.4,0,0.8681181181181181
9,1,0.4,42,0.8796296296296297
9,1,0.4,99,0.8793793793793794
9,2,0.1,0,0.8718718718718719
9,2,0.1,42,0.8598598598598599
9,2,0.1,99,0.8738738738738738
9,2,0.2,0,0.8628628628628628
9,2,0.2,42,0.8513513513513513
9,2,0.2,99,0.8633633633633634
9,2,0.3,0,0.8555221888555222
9,2,0.3,42,0.8455121788455122
9,2,0.3,99,0.8508508508508509
9,2,0.4,0,0.8368368368368369
9,2,0.4,42,0.8398398398398398
9,2,0.4,99,0.8443443443443444
9,3,0.1,0,0.8888888888888888
9,3,0.1,42,0.8728728728728729
9,3,0.1,99,0.8778778778778779
9,3,0.2,0,0.8713713713713713
9,3,0.2,42,0.8708708708708709
9,3,0.2,99,0.8768768768768769
9,3,0.3,0,0.8635301968635302
9,3,0.3,42,0.8578578578578578
9,3,0.3,99,0.8618618618618619
9,3,0.4,0,0.8463463463463463
9,3,0.4,42,0.8488488488488488
9,3,0.4,99,0.8548548548548549
9,4,0.1,0,0.8788788788788788
9,4,0.1,42,0.8538538538538538
9,4,0.1,99,0.8758758758758759
9,4,0.2,0,0.8628628628628628
9,4,0.2,42,0.8518518518518519
9,4,0.2,99,0.8733733733733734
9,4,0.3,0,0.8551885218551886
9,4,0.3,42,0.8441775108441775
9,4,0.3,99,0.8561895228561895
9,4,0.4,0,0.8383383383383384
9,4,0.4,42,0.8403403403403403
9,4,0.4,99,0.8403403403403403
9,5,0.1,0,0.8748748748748749
9,5,0.1,42,0.8558558558558559
9,5,0.1,99,0.8718718718718719
9,5,0.2,0,0.8588588588588588
9,5,0.2,42,0.8558558558558559
9,5,0.2,99,0.8683683683683684
9,5,0.3,0,0.8505171838505172
9,5,0.3,42,0.8425091758425092
9,5,0.3,99,0.8481815148481815
9,5,0.4,0,0.8308308308308309
9,5,0.4,42,0.8395895895895896
9,5,0.4,99,0.8315815815815816
9,6,0.1,0,0.8708708708708709
9,6,0.1,42,0.8438438438438438
9,6,0.1,99,0.8608608608608609
9,6,0.2,0,0.8523523523523524
9,6,0.2,42,0.8413413413413413
9,6,0.2,99,0.8583583583583584
9,6,0.3,0,0.8431765098431765
9,6,0.3,42,0.8301634968301635
9,6,0.3,99,0.8371705038371705
9,6,0.4,0,0.8173173173173173
9,6,0.4,42,0.8263263263263263
9,6,0.4,99,0.8268268268268268
9,7,0.1,0,0.8548548548548549
9,7,0.1,42,0.8398398398398398
9,7,0.1,99,0.8408408408408409
9,7,0.2,0,0.8463463463463463
9,7,0.2,42,0.8393393393393394
9,7,0.2,99,0.8513513513513513
9,7,0.3,0,0.8348348348348348
9,7,0.3,42,0.8335001668335001
9,7,0.3,99,0.8371705038371705
9,7,0.4,0,0.8163163163163163
9,7,0.4,42,0.8178178178178178
9,7,0.4,99,0.8165665665665666
9,8,0.1,0,0.8588588588588588
9,8,0.1,42,0.8228228228228228
9,8,0.1,99,0.8408408408408409
9,8,0.2,0,0.8403403403403403
9,8,0.2,42,0.8253253253253253
9,8,0.2,99,0.8463463463463463
9,8,0.3,0,0.8271604938271605
9,8,0.3,42,0.8194861528194861
9,8,0.3,99,0.8335001668335001
9,8,0.4,0,0.8115615615615616
9,8,0.4,42,0.8083083083083084
9,8,0.4,99,0.816066066066066
9,9,0.1,0,0.8418418418418419
9,9,0.1,42,0.8248248248248248
9,9,0.1,99,0.8468468468468469
9,9,0.2,0,0.8318318318318318
9,9,0.2,42,0.8213213213213213
9,9,0.2,99,0.8448448448448449
9,9,0.3,0,0.8261594928261595
9,9,0.3,42,0.8191524858191525
9,9,0.3,99,0.8264931598264932
9,9,0.4,0,0.805055055055055
9,9,0.4,42,0.8053053053053053
9,9,0.4,99,0.8088088088088088
9,10,0.1,0,0.8438438438438438
9,10,0.1,42,0.8168168168168168
9,10,0.1,99,0.8418418418418419
9,10,0.2,0,0.8318318318318318
9,10,0.2,42,0.8193193193193193
9,10,0.2,99,0.8353353353353353
9,10,0.3,0,0.8151484818151484
9,10,0.3,42,0.8104771438104772
9,10,0.3,99,0.8201534868201534
9,10,0.4,0,0.795045045045045
9,10,0.4,42,0.7980480480480481
9,10,0.4,99,0.8030530530530531
9,11,0.1,0,0.8278278278278278
9,11,0.1,42,0.8128128128128128
9,11,0.1,99,0.8368368368368369
9,11,0.2,0,0.8248248248248248
9,11,0.2,42,0.8103103103103103
9,11,0.2,99,0.8318318318318318
9,11,0.3,0,0.8104771438104772
9,11,0.3,42,0.8041374708041374
9,11,0.3,99,0.8178178178178178
9,11,0.4,0,0.7947947947947948
9,11,0.4,42,0.7870370370370371
9,11,0.4,99,0.8003003003003003
9,12,0.1,0,0.8288288288288288
9,12,0.1,42,0.8168168168168168
9,12,0.1,99,0.8368368368368369
9,12,0.2,0,0.8143143143143143
9,12,0.2,42,0.8068068068068068
9,12,0.2,99,0.8253253253253253
9,12,0.3,0,0.8088088088088088
9,12,0.3,42,0.7964631297964632
9,12,0.3,99,0.8118118118118118
9,12,0.4,0,0.7875375375375375
9,12,0.4,42,0.7862862862862863
9,12,0.4,99,0.7915415415415415
9,13,0.1,0,0.8288288288288288
9,13,0.1,42,0.8058058058058059
9,13,0.1,99,0.8378378378378378
9,13,0.2,0,0.8118118118118118
9,13,0.2,42,0.8078078078078078
9,13,0.2,99,0.8218218218218218
9,13,0.3,0,0.8031364698031365
9,13,0.3,42,0.7944611277944611
9,13,0.3,99,0.8068068068068068
9,13,0.4,0,0.7847847847847848
9,13,0.4,42,0.7787787787787788
9,13,0.4,99,0.7845345345345346
9,14,0.1,0,0.8218218218218218
9,14,0.1,42,0.8018018018018018
9,14,0.1,99,0.8328328328328328
9,14,0.2,0,0.7997997997997998
9,14,0.2,42,0.8058058058058059
9,14,0.2,99,0.8153153153153153
9,14,0.3,0,0.7934601267934601
9,14,0.3,42,0.7891224557891224
9,14,0.3,99,0.8028028028028028
9,14,0.4,0,0.7777777777777778
9,14,0.4,42,0.7742742742742743
9,14,0.4,99,0.7777777777777778
9,15,0.1,0,0.8198198198198198
9,15,0.1,42,0.8028028028028028
9,15,0.1,99,0.8218218218218218
9,15,0.2,0,0.7962962962962963
9,15,0.2,42,0.7992992992992993
9,15,0.2,99,0.8113113113113113
9,15,0.3,0,0.7937937937937938
9,15,0.3,42,0.7814481147814482
9,15,0.3,99,0.7991324657991324
9,15,0.4,0,0.7735235235235235
9,15,0.4,42,0.7682682682682682
9,15,0.4,99,0.7807807807807807
9,16,0.1,0,0.8048048048048048
9,16,0.1,42,0.8068068068068068
9,16,0.1,99,0.8198198198198198
9,16,0.2,0,0.7912912912912913
9,16,0.2,42,0.7967967967967968
9,16,0.2,99,0.8093093093093093
9,16,0.3,0,0.7837837837837838
9,16,0.3,42,0.7744411077744411
9,16,0.3,99,0.7947947947947948
9,16,0.4,0,0.7692692692692693
9,16,0.4,42,0.7655155155155156
9,16,0.4,99,0.7732732732732732
9,17,0.1,0,0.8038038038038038
9,17,0.1,42,0.8068068068068068
9,17,0.1,99,0.8138138138138138
9,17,0.2,0,0.7857857857857858
9,17,0.2,42,0.7882882882882883
9,17,0.2,99,0.7977977977977978
9,17,0.3,0,0.7771104437771105
9,17,0.3,42,0.7684351017684351
9,17,0.3,99,0.7924591257924591
9,17,0.4,0,0.765015015015015
9,17,0.4,42,0.7602602602602603
9,17,0.4,99,0.7677677677677678
9,18,0.1,0,0.7957957957957958
9,18,0.1,42,0.7987987987987988
9,18,0.1,99,0.8078078078078078
9,18,0.2,0,0.7812812812812813
9,18,0.2,42,0.7807807807807807
9,18,0.2,99,0.7937937937937938
9,18,0.3,0,0.7757757757757757
9,18,0.3,42,0.7627627627627628
9,18,0.3,99,0.7917917917917918
9,18,0.4,0,0.7602602602602603
9,18,0.4,42,0.7577577577577578
9,18,0.4,99,0.7645145145145145
9,19,0.1,0,0.7987987987987988
9,19,0.1,42,0.7927927927927928
9,19,0.1,99,0.8078078078078078
9,19,0.2,0,0.7747747747747747
9,19,0.2,42,0.7737737737737738
9,19,0.2,99,0.7937937937937938
9,19,0.3,0,0.7697697697697697
9,19,0.3,42,0.7607607607607607
9,19,0.3,99,0.7857857857857858
9,19,0.4,0,0.755005005005005
9,19,0.4,42,0.752002002002002
9,19,0.4,99,0.7617617617617618
9,20,0.1,0,0.7897897897897898
9,20,0.1,42,0.7867867867867868
9,20,0.1,99,0.8118118118118118
9,20,0.2,0,0.7712712712712713
9,20,0.2,42,0.7717717717717718
9,20,0.2,99,0.7902902902902903
9,20,0.3,0,0.7687687687687688
9,20,0.3,42,0.7594260927594261
9,20,0.3,99,0.7777777777777778
9,20,0.4,0,0.7527527527527528
9,20,0.4,42,0.753003003003003
9,20,0.4,99,0.7567567567567568
9,21,0.1,0,0.7877877877877878
9,21,0.1,42,0.7877877877877878
9,21,0.1,99,0.8078078078078078
9,21,0.2,0,0.7712712712712713
9,21,0.2,42,0.7707707707707707
9,21,0.2,99,0.7907907907907908
9,21,0.3,0,0.7644310977644311
9,21,0.3,42,0.7607607607607607
9,21,0.3,99,0.7771104437771105
9,21,0.4,0,0.7494994994994995
9,21,0.4,42,0.747997997997998
9,21,0.4,99,0.7535035035035035
9,22,0.1,0,0.7867867867867868
9,22,0.1,42,0.7827827827827828
9,22,0.1,99,0.8038038038038038
9,22,0.2,0,0.7632632632632632
9,22,0.2,42,0.7722722722722722
9,22,0.2,99,0.7842842842842843
9,22,0.3,0,0.7617617617617618
9,22,0.3,42,0.7557557557557557
9,22,0.3,99,0.7744411077744411
9,22,0.4,0,0.7434934934934935
9,22,0.4,42,0.7452452452452453
9,22,0.4,99,0.7502502502502503
9,23,0.1,0,0.7827827827827828
9,23,0.1,42,0.7727727727727728
9,23,0.1,99,0.7947947947947948
9,23,0.2,0,0.7637637637637638
9,23,0.2,42,0.7612612612612613
9,23,0.2,99,0.7792792792792793
9,23,0.3,0,0.7614280947614281
9,23,0.3,42,0.750417083750417
9,23,0.3,99,0.7721054387721055
9,23,0.4,0,0.742992992992993
9,23,0.4,42,0.7417417417417418
9,23,0.4,99,0.7492492492492493
9,24,0.1,0,0.7787787787787788
9,24,0.1,42,0.7617617617617618
9,24,0.1,99,0.7957957957957958
9,24,0.2,0,0.7552552552552553
9,24,0.2,42,0.7632632632632632
9,24,0.2,99,0.7802802802802803
9,24,0.3,0,0.7640974307640974
9,24,0.3,42,0.7514180847514181
9,24,0.3,99,0.7657657657657657
9,24,0.4,0,0.7412412412412412
9,24,0.4,42,0.738988988988989
9,24,0.4,99,0.747997997997998
9,25,0.1,0,0.7707707707707707
9,25,0.1,42,0.7637637637637638
9,25,0.1,99,0.7907907907907908
9,25,0.2,0,0.7587587587587588
9,25,0.2,42,0.7597597597597597
9,25,0.2,99,0.7742742742742743
9,25,0.3,0,0.7607607607607607
9,25,0.3,42,0.7494160827494161
9,25,0.3,99,0.7634300967634301
9,25,0.4,0,0.7394894894894894
9,25,0.4,42,0.7354854854854855
9,25,0.4,99,0.7457457457457457
9,26,0.1,0,0.7687687687687688
9,26,0.1,42,0.7587587587587588
9,26,0.1,99,0.7957957957957958
9,26,0.2,0,0.7557557557557557
9,26,0.2,42,0.7547547547547547
9,26,0.2,99,0.7732732732732732
9,26,0.3,0,0.7547547547547547
9,26,0.3,42,0.7474140807474141
9,26,0.3,99,0.7644310977644311
9,26,0.4,0,0.7382382382382382
9,26,0.4,42,0.7319819819819819
9,26,0.4,99,0.7414914914914915
9,27,0.1,0,0.7657657657657657
9,27,0.1,42,0.7567567567567568
9,27,0.1,99,0.7917917917917918
9,27,0.2,0,0.7542542542542543
9,27,0.2,42,0.7527527527527528
9,27,0.2,99,0.7687687687687688
9,27,0.3,0,0.7540874207540874
9,27,0.3,42,0.745412078745412
9,27,0.3,99,0.7610944277610945
9,27,0.4,0,0.7377377377377378
9,27,0.4,42,0.7312312312312312
9,27,0.4,99,0.7407407407407407
9,28,0.1,0,0.7557557557557557
9,28,0.1,42,0.7467467467467468
9,28,0.1,99,0.7907907907907908
9,28,0.2,0,0.7537537537537538
9,28,0.2,42,0.7487487487487487
9,28,0.2,99,0.7697697697697697
9,28,0.3,0,0.7527527527527528
9,28,0.3,42,0.7434100767434101
9,28,0.3,99,0.7580914247580914
9,28,0.4,0,0.7352352352352353
9,28,0.4,42,0.7304804804804805
9,28,0.4,99,0.736986986986987
9,29,0.1,0,0.7607607607607607
9,29,0.1,42,0.7487487487487487
9,29,0.1,99,0.7877877877877878
9,29,0.2,0,0.7532532532532532
9,29,0.2,42,0.7482482482482482
9,29,0.2,99,0.7662662662662663
9,29,0.3,0,0.7460794127460794
9,29,0.3,42,0.7427427427427428
9,29,0.3,99,0.7540874207540874
9,29,0.4,0,0.7317317317317318
9,29,0.4,42,0.7272272272272272
9,29,0.4,99,0.7347347347347347
9,30,0.1,0,0.7557557557557557
9,30,0.1,42,0.7457457457457457
9,30,0.1,99,0.7877877877877878
9,30,0.2,0,0.7452452452452453
9,30,0.2,42,0.7457457457457457
9,30,0.2,99,0.7632632632632632
9,30,0.3,0,0.7414080747414081
9,30,0.3,42,0.7350684017350684
9,30,0.3,99,0.7477477477477478
9,30,0.4,0,0.7312312312312312
9,30,0.4,42,0.725975975975976
9,30,0.4,99,0.72997997997998
10,1,0.1,0,0.9129129129129129
10,1,0.1,42,0.8928928928928929
10,1,0.1,99,0.9119119119119119
10,1,0.2,0,0.8983983983983984
10,1,0.2,42,0.8948948948948949
10,1,0.2,99,0.8993993993993994
10,1,0.3,0,0.8902235568902236
10,1,0.3,42,0.8908908908908909
10,1,0.3,99,0.8865532198865532
10,1,0.4,0,0.8763763763763763
10,1,0.4,42,0.8793793793793794
10,1,0.4,99,0.8788788788788788
10,2,0.1,0,0.8878878878878879
10,2,0.1,42,0.8598598598598599
10,2,0.1,99,0.8768768768768769
10,2,0.2,0,0.8768768768768769
10,2,0.2,42,0.8678678678678678
10,2,0.2,99,0.8673673673673674
10,2,0.3,0,0.8641975308641975
10,2,0.3,42,0.8545211878545211
10,2,0.3,99,0.8545211878545211
10,2,0.4,0,0.8440940940940941
10,2,0.4,42,0.8420920920920921
10,2,0.4,99,0.8450950950950951
10,3,0.1,0,0.8948948948948949
10,3,0.1,42,0.8728728728728729
10,3,0.1,99,0.8798798798798799
10,3,0.2,0,0.8813813813813813
10,3,0.2,42,0.8758758758758759
10,3,0.2,99,0.8813813813813813
10,3,0.3,0,0.8675342008675342
10,3,0.3,42,0.8605271938605272
10,3,0.3,99,0.8621955288621955
10,3,0.4,0,0.8518518518518519
10,3,0.4,42,0.8465965965965966
10,3,0.4,99,0.8556056056056056
10,4,0.1,0,0.8918918918918919
10,4,0.1,42,0.8578578578578578
10,4,0.1,99,0.8658658658658659
10,4,0.2,0,0.8768768768768769
10,4,0.2,42,0.8573573573573574
10,4,0.2,99,0.8753753753753754
10,4,0.3,0,0.8611945278611945
10,4,0.3,42,0.8525191858525192
10,4,0.3,99,0.8581915248581915
10,4,0.4,0,0.841091091091091
10,4,0.4,42,0.8425925925925926
10,4,0.4,99,0.8448448448448449
10,5,0.1,0,0.8838838838838838
10,5,0.1,42,0.8498498498498499
10,5,0.1,99,0.8628628628628628
10,5,0.2,0,0.8728728728728729
10,5,0.2,42,0.8538538538538538
10,5,0.2,99,0.8753753753753754
10,5,0.3,0,0.8615281948615282
10,5,0.3,42,0.8465131798465132
10,5,0.3,99,0.8531865198531865
10,5,0.4,0,0.8370870870870871
10,5,0.4,42,0.8368368368368369
10,5,0.4,99,0.8455955955955956
10,6,0.1,0,0.8738738738738738
10,6,0.1,42,0.8468468468468469
10,6,0.1,99,0.8538538538538538
10,6,0.2,0,0.8558558558558559
10,6,0.2,42,0.8493493493493494
10,6,0.2,99,0.8638638638638638
10,6,0.3,0,0.8431765098431765
10,6,0.3,42,0.8381715048381715
10,6,0.3,99,0.8518518518518519
10,6,0.4,0,0.82007007007007
10,6,0.4,42,0.831081081081081
10,6,0.4,99,0.8385885885885885
10,7,0.1,0,0.8608608608608609
10,7,0.1,42,0.8448448448448449
10,7,0.1,99,0.8558558558558559
10,7,0.2,0,0.8553553553553553
10,7,0.2,42,0.8473473473473474
10,7,0.2,99,0.8603603603603603
10,7,0.3,0,0.8438438438438438
10,7,0.3,42,0.8428428428428428
10,7,0.3,99,0.8445111778445111
10,7,0.4,0,0.8175675675675675
10,7,0.4,42,0.8265765765765766
10,7,0.4,99,0.8290790790790791
10,8,0.1,0,0.8568568568568569
10,8,0.1,42,0.8438438438438438
10,8,0.1,99,0.8418418418418419
10,8,0.2,0,0.8423423423423423
10,8,0.2,42,0.8403403403403403
10,8,0.2,99,0.8518518518518519
10,8,0.3,0,0.8338338338338338
10,8,0.3,42,0.8351685018351686
10,8,0.3,99,0.8358358358358359
10,8,0.4,0,0.8128128128128128
10,8,0.4,42,0.8143143143143143
10,8,0.4,99,0.8208208208208209
10,9,0.1,0,0.8478478478478478
10,9,0.1,42,0.8378378378378378
10,9,0.1,99,0.8448448448448449
10,9,0.2,0,0.8333333333333334
10,9,0.2,42,0.8333333333333334
10,9,0.2,99,0.8423423423423423
10,9,0.3,0,0.8271604938271605
10,9,0.3,42,0.8244911578244911
10,9,0.3,99,0.8318318318318318
10,9,0.4,0,0.8085585585585585
10,9,0.4,42,0.8105605605605606
10,9,0.4,99,0.8148148148148148
10,10,0.1,0,0.8418418418418419
10,10,0.1,42,0.8218218218218218
10,10,0.1,99,0.8408408408408409
10,10,0.2,0,0.8353353353353353
10,10,0.2,42,0.8218218218218218
10,10,0.2,99,0.8378378378378378
10,10,0.3,0,0.8241574908241575
10,10,0.3,42,0.8131464798131465
10,10,0.3,99,0.8271604938271605
10,10,0.4,0,0.7995495495495496
10,10,0.4,42,0.8063063063063063
10,10,0.4,99,0.8105605605605606
10,11,0.1,0,0.8408408408408409
10,11,0.1,42,0.8258258258258259
10,11,0.1,99,0.8408408408408409
10,11,0.2,0,0.8233233233233234
10,11,0.2,42,0.8193193193193193
10,11,0.2,99,0.8318318318318318
10,11,0.3,0,0.8174841508174842
10,11,0.3,42,0.8144811478144811
10,11,0.3,99,0.8251584918251585
10,11,0.4,0,0.7985485485485485
10,11,0.4,42,0.799049049049049
10,11,0.4,99,0.8073073073073073
10,12,0.1,0,0.8378378378378378
10,12,0.1,42,0.8258258258258259
10,12,0.1,99,0.8358358358358359
10,12,0.2,0,0.8253253253253253
10,12,0.2,42,0.8108108108108109
10,12,0.2,99,0.8288288288288288
10,12,0.3,0,0.8164831498164832
10,12,0.3,42,0.8038038038038038
10,12,0.3,99,0.8171504838171505
10,12,0.4,0,0.7957957957957958
10,12,0.4,42,0.7947947947947948
10,12,0.4,99,0.796046046046046
10,13,0.1,0,0.8288288288288288
10,13,0.1,42,0.8218218218218218
10,13,0.1,99,0.8368368368368369
10,13,0.2,0,0.8193193193193193
10,13,0.2,42,0.8108108108108109
10,13,0.2,99,0.8278278278278278
10,13,0.3,0,0.8124791458124792
10,13,0.3,42,0.7974641307974641
10,13,0.3,99,0.8124791458124792
10,13,0.4,0,0.7847847847847848
10,13,0.4,42,0.7857857857857858
10,13,0.4,99,0.79004004004004
10,14,0.1,0,0.8308308308308309
10,14,0.1,42,0.8048048048048048
10,14,0.1,99,0.8348348348348348
10,14,0.2,0,0.8078078078078078
10,14,0.2,42,0.8073073073073073
10,14,0.2,99,0.8233233233233234
10,14,0.3,0,0.8041374708041374
10,14,0.3,42,0.7934601267934601
10,14,0.3,99,0.8101434768101434
10,14,0.4,0,0.7817817817817818
10,14,0.4,42,0.7825325325325325
10,14,0.4,99,0.785035035035035
10,15,0.1,0,0.8248248248248248
10,15,0.1,42,0.8028028028028028
10,15,0.1,99,0.8258258258258259
10,15,0.2,0,0.8013013013013013
10,15,0.2,42,0.7997997997997998
10,15,0.2,99,0.8168168168168168
10,15,0.3,0,0.7954621287954621
10,15,0.3,42,0.7911244577911245
10,15,0.3,99,0.8021354688021355
10,15,0.4,0,0.774024024024024
10,15,0.4,42,0.7797797797797797
10,15,0.4,99,0.7802802802802803
10,16,0.1,0,0.8158158158158159
10,16,0.1,42,0.7957957957957958
10,16,0.1,99,0.8228228228228228
10,16,0.2,0,0.8003003003003003
10,16,0.2,42,0.8013013013013013
10,16,0.2,99,0.8128128128128128
10,16,0.3,0,0.7887887887887888
10,16,0.3,42,0.7854521187854521
10,16,0.3,99,0.8011344678011345
10,16,0.4,0,0.7675175175175175
10,16,0.4,42,0.7755255255255256
10,16,0.4,99,0.7762762762762763
10,17,0.1,0,0.8158158158158159
10,17,0.1,42,0.7887887887887888
10,17,0.1,99,0.8198198198198198
10,17,0.2,0,0.7927927927927928
10,17,0.2,42,0.7937937937937938
10,17,0.2,99,0.8118118118118118
10,17,0.3,0,0.7827827827827828
10,17,0.3,42,0.7807807807807807
10,17,0.3,99,0.7947947947947948
10,17,0.4,0,0.7612612612612613
10,17,0.4,42,0.7697697697697697
10,17,0.4,99,0.7705205205205206
10,18,0.1,0,0.8058058058058059
10,18,0.1,42,0.7837837837837838
10,18,0.1,99,0.8178178178178178
10,18,0.2,0,0.7892892892892893
10,18,0.2,42,0.7822822822822822
10,18,0.2,99,0.8088088088088088
10,18,0.3,0,0.7784451117784451
10,18,0.3,42,0.7744411077744411
10,18,0.3,99,0.7894561227894561
10,18,0.4,0,0.7587587587587588
10,18,0.4,42,0.7662662662662663
10,18,0.4,99,0.7675175175175175
10,19,0.1,0,0.8008008008008008
10,19,0.1,42,0.7797797797797797
10,19,0.1,99,0.8158158158158159
10,19,0.2,0,0.7852852852852853
10,19,0.2,42,0.7817817817817818
10,19,0.2,99,0.8003003003003003
10,19,0.3,0,0.7767767767767768
10,19,0.3,42,0.7727727727727728
10,19,0.3,99,0.7861194527861195
10,19,0.4,0,0.7555055055055055
10,19,0.4,42,0.7627627627627628
10,19,0.4,99,0.7642642642642643
10,20,0.1,0,0.7967967967967968
10,20,0.1,42,0.7867867867867868
10,20,0.1,99,0.8118118118118118
10,20,0.2,0,0.7817817817817818
10,20,0.2,42,0.7802802802802803
10,20,0.2,99,0.7962962962962963
10,20,0.3,0,0.7711044377711045
10,20,0.3,42,0.7717717717717718
10,20,0.3,99,0.7831164497831165
10,20,0.4,0,0.7527527527527528
10,20,0.4,42,0.756006006006006
10,20,0.4,99,0.7605105105105106
10,21,0.1,0,0.7917917917917918
10,21,0.1,42,0.7837837837837838
10,21,0.1,99,0.8148148148148148
10,21,0.2,0,0.7772772772772772
10,21,0.2,42,0.7787787787787788
10,21,0.2,99,0.7947947947947948
10,21,0.3,0,0.7684351017684351
10,21,0.3,42,0.7674341007674341
10,21,0.3,99,0.7734401067734401
10,21,0.4,0,0.7505005005005005
10,21,0.4,42,0.7557557557557557
10,21,0.4,99,0.756006006006006
10,22,0.1,0,0.7877877877877878
10,22,0.1,42,0.7807807807807807
10,22,0.1,99,0.8128128128128128
10,22,0.2,0,0.7722722722722722
10,22,0.2,42,0.7737737737737738
10,22,0.2,99,0.7882882882882883
10,22,0.3,0,0.7624290957624291
10,22,0.3,42,0.7637637637637638
10,22,0.3,99,0.7751084417751084
10,22,0.4,0,0.7447447447447447
10,22,0.4,42,0.7515015015015015
10,22,0.4,99,0.751001001001001
10,23,0.1,0,0.7877877877877878
10,23,0.1,42,0.7747747747747747
10,23,0.1,99,0.8058058058058059
10,23,0.2,0,0.7687687687687688
10,23,0.2,42,0.7712712712712713
10,23,0.2,99,0.7857857857857858
10,23,0.3,0,0.7600934267600934
10,23,0.3,42,0.7620954287620955
10,23,0.3,99,0.7701034367701034
10,23,0.4,0,0.744994994994995
10,23,0.4,42,0.7494994994994995
10,23,0.4,99,0.7527527527527528
10,24,0.1,0,0.7847847847847848
10,24,0.1,42,0.7707707707707707
10,24,0.1,99,0.7967967967967968
10,24,0.2,0,0.7632632632632632
10,24,0.2,42,0.7682682682682682
10,24,0.2,99,0.7802802802802803
10,24,0.3,0,0.7564230897564231
10,24,0.3,42,0.7564230897564231
10,24,0.3,99,0.7650984317650984
10,24,0.4,0,0.742992992992993
10,24,0.4,42,0.7447447447447447
10,24,0.4,99,0.7487487487487487
10,25,0.1,0,0.7767767767767768
10,25,0.1,42,0.7667667667667668
10,25,0.1,99,0.7967967967967968
10,25,0.2,0,0.7587587587587588
10,25,0.2,42,0.7667667667667668
10,25,0.2,99,0.7857857857857858
10,25,0.3,0,0.7550884217550884
10,25,0.3,42,0.7524190857524191
10,25,0.3,99,0.7657657657657657
10,25,0.4,0,0.7432432432432432
10,25,0.4,42,0.743993993993994
10,25,0.4,99,0.7452452452452453
10,26,0.1,0,0.7757757757757757
10,26,0.1,42,0.7657657657657657
10,26,0.1,99,0.7957957957957958
10,26,0.2,0,0.7572572572572572
10,26,0.2,42,0.7607607607607607
10,26,0.2,99,0.7762762762762763
10,26,0.3,0,0.7517517517517518
10,26,0.3,42,0.7520854187520855
10,26,0.3,99,0.7644310977644311
10,26,0.4,0,0.7412412412412412
10,26,0.4,42,0.7387387387387387
10,26,0.4,99,0.7394894894894894
10,27,0.1,0,0.7757757757757757
10,27,0.1,42,0.7667667667667668
10,27,0.1,99,0.7957957957957958
10,27,0.2,0,0.7547547547547547
10,27,0.2,42,0.7572572572572572
10,27,0.2,99,0.7777777777777778
10,27,0.3,0,0.7510844177510844
10,27,0.3,42,0.7514180847514181
10,27,0.3,99,0.7574240907574241
10,27,0.4,0,0.738988988988989
10,27,0.4,42,0.737987987987988
10,27,0.4,99,0.7404904904904905
10,28,0.1,0,0.7677677677677678
10,28,0.1,42,0.7647647647647647
10,28,0.1,99,0.7957957957957958
10,28,0.2,0,0.7542542542542543
10,28,0.2,42,0.7572572572572572
10,28,0.2,99,0.7712712712712713
10,28,0.3,0,0.750417083750417
10,28,0.3,42,0.7457457457457457
10,28,0.3,99,0.7574240907574241
10,28,0.4,0,0.736986986986987
10,28,0.4,42,0.7344844844844844
10,28,0.4,99,0.736986986986987
10,29,0.1,0,0.7607607607607607
10,29,0.1,42,0.7617617617617618
10,29,0.1,99,0.7937937937937938
10,29,0.2,0,0.7472472472472472
10,29,0.2,42,0.7567567567567568
10,29,0.2,99,0.7697697697697697
10,29,0.3,0,0.7474140807474141
10,29,0.3,42,0.7427427427427428
10,29,0.3,99,0.7567567567567568
10,29,0.4,0,0.7342342342342343
10,29,0.4,42,0.7327327327327328
10,29,0.4,99,0.7352352352352353
10,30,0.1,0,0.7627627627627628
10,30,0.1,42,0.7607607607607607
10,30,0.1,99,0.7907907907907908
10,30,0.2,0,0.7402402402402403
10,30,0.2,42,0.7567567567567568
10,30,0.2,99,0.7637637637637638
10,30,0.3,0,0.7474140807474141
10,30,0.3,42,0.7440774107440774
10,30,0.3,99,0.7547547547547547
10,30,0.4,0,0.733983983983984
10,30,0.4,42,0.7312312312312312
10,30,0.4,99,0.7332332332332332
11,1,0.1,0,0.9129129129129129
11,1,0.1,42,0.8908908908908909
11,1,0.1,99,0.9039039039039038
11,1,0.2,0,0.8988988988988988
11,1,0.2,42,0.8923923923923924
11,1,0.2,99,0.9019019019019019
11,1,0.3,0,0.8905572238905572
11,1,0.3,42,0.8928928928928929
11,1,0.3,99,0.8898898898898899
11,1,0.4,0,0.8771271271271271
11,1,0.4,42,0.8803803803803804
11,1,0.4,99,0.8813813813813813
11,2,0.1,0,0.8888888888888888
11,2,0.1,42,0.8598598598598599
11,2,0.1,99,0.8738738738738738
11,2,0.2,0,0.8803803803803804
11,2,0.2,42,0.8668668668668669
11,2,0.2,99,0.8728728728728729
11,2,0.3,0,0.8678678678678678
11,2,0.3,42,0.8561895228561895
11,2,0.3,99,0.8638638638638638
11,2,0.4,0,0.8480980980980981
11,2,0.4,42,0.8448448448448449
11,2,0.4,99,0.8513513513513513
11,3,0.1,0,0.8968968968968969
11,3,0.1,42,0.8698698698698699
11,3,0.1,99,0.8898898898898899
11,3,0.2,0,0.8808808808808809
11,3,0.2,42,0.8723723723723724
11,3,0.2,99,0.8923923923923924
11,3,0.3,0,0.8745412078745413
11,3,0.3,42,0.8601935268601936
11,3,0.3,99,0.8745412078745413
11,3,0.4,0,0.8566066066066066
11,3,0.4,42,0.8465965965965966
11,3,0.4,99,0.8611111111111112
11,4,0.1,0,0.8908908908908909
11,4,0.1,42,0.8608608608608609
11,4,0.1,99,0.8708708708708709
11,4,0.2,0,0.8783783783783784
11,4,0.2,42,0.8638638638638638
11,4,0.2,99,0.8753753753753754
11,4,0.3,0,0.8685352018685352
11,4,0.3,42,0.8575241908575242
11,4,0.3,99,0.8611945278611945
11,4,0.4,0,0.8448448448448449
11,4,0.4,42,0.8458458458458459
11,4,0.4,99,0.8495995995995996
11,5,0.1,0,0.8788788788788788
11,5,0.1,42,0.8598598598598599
11,5,0.1,99,0.8718718718718719
11,5,0.2,0,0.8678678678678678
11,5,0.2,42,0.8663663663663663
11,5,0.2,99,0.8773773773773774
11,5,0.3,0,0.8608608608608609
11,5,0.3,42,0.8481815148481815
11,5,0.3,99,0.8635301968635302
11,5,0.4,0,0.8405905905905906
11,5,0.4,42,0.8408408408408409
11,5,0.4,99,0.8493493493493494
11,6,0.1,0,0.8728728728728729
11,6,0.1,42,0.8578578578578578
11,6,0.1,99,0.8648648648648649
11,6,0.2,0,0.8613613613613613
11,6,0.2,42,0.8593593593593594
11,6,0.2,99,0.8708708708708709
11,6,0.3,0,0.8478478478478478
11,6,0.3,42,0.8415081748415082
11,6,0.3,99,0.8581915248581915
11,6,0.4,0,0.8278278278278278
11,6,0.4,42,0.8318318318318318
11,6,0.4,99,0.8435935935935935
11,7,0.1,0,0.8598598598598599
11,7,0.1,42,0.8518518518518519
11,7,0.1,99,0.8548548548548549
11,7,0.2,0,0.8518518518518519
11,7,0.2,42,0.8528528528528528
11,7,0.2,99,0.8623623623623624
11,7,0.3,0,0.8441775108441775
11,7,0.3,42,0.8391725058391725
11,7,0.3,99,0.8531865198531865
11,7,0.4,0,0.8255755755755756
11,7,0.4,42,0.8303303303303303
11,7,0.4,99,0.8395895895895896
11,8,0.1,0,0.8548548548548549
11,8,0.1,42,0.8428428428428428
11,8,0.1,99,0.8518518518518519
11,8,0.2,0,0.8468468468468469
11,8,0.2,42,0.8483483483483484
11,8,0.2,99,0.8583583583583584
11,8,0.3,0,0.8415081748415082
11,8,0.3,42,0.8324991658324992
11,8,0.3,99,0.8465131798465132
11,8,0.4,0,0.816066066066066
11,8,0.4,42,0.8230730730730731
11,8,0.4,99,0.8293293293293293
11,9,0.1,0,0.8488488488488488
11,9,0.1,42,0.8368368368368369
11,9,0.1,99,0.8558558558558559
11,9,0.2,0,0.8408408408408409
11,9,0.2,42,0.8373373373373373
11,9,0.2,99,0.8483483483483484
11,9,0.3,0,0.8345011678345011
11,9,0.3,42,0.8311644978311645
11,9,0.3,99,0.8405071738405072
11,9,0.4,0,0.8118118118118118
11,9,0.4,42,0.8158158158158159
11,9,0.4,99,0.8220720720720721
11,10,0.1,0,0.8488488488488488
11,10,0.1,42,0.8358358358358359
11,10,0.1,99,0.8518518518518519
11,10,0.2,0,0.8423423423423423
11,10,0.2,42,0.8308308308308309
11,10,0.2,99,0.8443443443443444
11,10,0.3,0,0.8274941608274942
11,10,0.3,42,0.8284951618284951
11,10,0.3,99,0.8375041708375042
11,10,0.4,0,0.8038038038038038
11,10,0.4,42,0.8085585585585585
11,10,0.4,99,0.8178178178178178
11,11,0.1,0,0.8408408408408409
11,11,0.1,42,0.8318318318318318
11,11,0.1,99,0.8468468468468469
11,11,0.2,0,0.8368368368368369
11,11,0.2,42,0.8318318318318318
11,11,0.2,99,0.8418418418418419
11,11,0.3,0,0.8264931598264932
11,11,0.3,42,0.8201534868201534
11,11,0.3,99,0.8338338338338338
11,11,0.4,0,0.8005505505505506
11,11,0.4,42,0.8033033033033034
11,11,0.4,99,0.81006006006006
11,12,0.1,0,0.8438438438438438
11,12,0.1,42,0.8288288288288288
11,12,0.1,99,0.8478478478478478
11,12,0.2,0,0.8268268268268268
11,12,0.2,42,0.8233233233233234
11,12,0.2,99,0.8333333333333334
11,12,0.3,0,0.8188188188188188
11,12,0.3,42,0.8171504838171505
11,12,0.3,99,0.8251584918251585
11,12,0.4,0,0.7952952952952953
11,12,0.4,42,0.7975475475475475
11,12,0.4,99,0.8038038038038038
11,13,0.1,0,0.8348348348348348
11,13,0.1,42,0.8258258258258259
11,13,0.1,99,0.8418418418418419
11,13,0.2,0,0.8218218218218218
11,13,0.2,42,0.8163163163163163
11,13,0.2,99,0.8298298298298298
11,13,0.3,0,0.8114781448114782
11,13,0.3,42,0.8041374708041374
11,13,0.3,99,0.8174841508174842
11,13,0.4,0,0.7872872872872873
11,13,0.4,42,0.7920420420420421
11,13,0.4,99,0.7965465465465466
11,14,0.1,0,0.8288288288288288
11,14,0.1,42,0.8138138138138138
11,14,0.1,99,0.8348348348348348
11,14,0.2,0,0.8133133133133134
11,14,0.2,42,0.8108108108108109
11,14,0.2,99,0.8253253253253253
11,14,0.3,0,0.8064731398064732
11,14,0.3,42,0.8058058058058059
11,14,0.3,99,0.8154821488154822
11,14,0.4,0,0.7785285285285285
11,14,0.4,42,0.786036036036036
11,14,0.4,99,0.79004004004004
11,15,0.1,0,0.8238238238238238
11,15,0.1,42,0.8108108108108109
11,15,0.1,99,0.8388388388388388
11,15,0.2,0,0.8068068068068068
11,15,0.2,42,0.8113113113113113
11,15,0.2,99,0.8223223223223223
11,15,0.3,0,0.7991324657991324
11,15,0.3,42,0.8004671338004671
11,15,0.3,99,0.8088088088088088
11,15,0.4,0,0.7765265265265265
11,15,0.4,42,0.7820320320320321
11,15,0.4,99,0.7842842842842843
11,16,0.1,0,0.8188188188188188
11,16,0.1,42,0.8078078078078078
11,16,0.1,99,0.8328328328328328
11,16,0.2,0,0.8043043043043043
11,16,0.2,42,0.8043043043043043
11,16,0.2,99,0.8208208208208209
11,16,0.3,0,0.7937937937937938
11,16,0.3,42,0.7934601267934601
11,16,0.3,99,0.8021354688021355
11,16,0.4,0,0.771021021021021
11,16,0.4,42,0.779029029029029
11,16,0.4,99,0.7812812812812813
11,17,0.1,0,0.8198198198198198
11,17,0.1,42,0.8008008008008008
11,17,0.1,99,0.8268268268268268
11,17,0.2,0,0.7972972972972973
11,17,0.2,42,0.7992992992992993
11,17,0.2,99,0.8148148148148148
11,17,0.3,0,0.7877877877877878
11,17,0.3,42,0.7907907907907908
11,17,0.3,99,0.8021354688021355
11,17,0.4,0,0.767017017017017
11,17,0.4,42,0.777027027027027
11,17,0.4,99,0.7782782782782782
11,18,0.1,0,0.8128128128128128
11,18,0.1,42,0.7957957957957958
11,18,0.1,99,0.8228228228228228
11,18,0.2,0,0.7952952952952953
11,18,0.2,42,0.7942942942942943
11,18,0.2,99,0.8093093093093093
11,18,0.3,0,0.7844511177844511
11,18,0.3,42,0.7811144477811145
11,18,0.3,99,0.7971304637971305
11,18,0.4,0,0.763013013013013
11,18,0.4,42,0.771021021021021
11,18,0.4,99,0.7782782782782782
11,19,0.1,0,0.8178178178178178
11,19,0.1,42,0.7917917917917918
11,19,0.1,99,0.8178178178178178
11,19,0.2,0,0.7927927927927928
11,19,0.2,42,0.7907907907907908
11,19,0.2,99,0.8028028028028028
11,19,0.3,0,0.7781114447781114
11,19,0.3,42,0.7777777777777778
11,19,0.3,99,0.7944611277944611
11,19,0.4,0,0.7642642642642643
11,19,0.4,42,0.77002002002002
11,19,0.4,99,0.7725225225225225
11,20,0.1,0,0.8128128128128128
11,20,0.1,42,0.7997997997997998
11,20,0.1,99,0.8178178178178178
11,20,0.2,0,0.7892892892892893
11,20,0.2,42,0.7832832832832833
11,20,0.2,99,0.8028028028028028
11,20,0.3,0,0.7784451117784451
11,20,0.3,42,0.7747747747747747
11,20,0.3,99,0.7897897897897898
11,20,0.4,0,0.7602602602602603
11,20,0.4,42,0.7635135135135135
11,20,0.4,99,0.7677677677677678
11,21,0.1,0,0.7917917917917918
11,21,0.1,42,0.8008008008008008
11,21,0.1,99,0.8198198198198198
11,21,0.2,0,0.7822822822822822
11,21,0.2,42,0.7827827827827828
11,21,0.2,99,0.7982982982982983
11,21,0.3,0,0.7777777777777778
11,21,0.3,42,0.7711044377711045
11,21,0.3,99,0.7881214547881215
11,21,0.4,0,0.7557557557557557
11,21,0.4,42,0.7617617617617618
11,21,0.4,99,0.7635135135135135
11,22,0.1,0,0.7947947947947948
11,22,0.1,42,0.7947947947947948
11,22,0.1,99,0.8178178178178178
11,22,0.2,0,0.7782782782782782
11,22,0.2,42,0.7837837837837838
11,22,0.2,99,0.7952952952952953
11,22,0.3,0,0.7734401067734401
11,22,0.3,42,0.7677677677677678
11,22,0.3,99,0.7844511177844511
11,22,0.4,0,0.7505005005005005
11,22,0.4,42,0.7565065065065065
11,22,0.4,99,0.763013013013013
11,23,0.1,0,0.7917917917917918
11,23,0.1,42,0.7887887887887888
11,23,0.1,99,0.8138138138138138
11,23,0.2,0,0.7742742742742743
11,23,0.2,42,0.7782782782782782
11,23,0.2,99,0.7887887887887888
11,23,0.3,0,0.7667667667667668
11,23,0.3,42,0.7657657657657657
11,23,0.3,99,0.7807807807807807
11,23,0.4,0,0.754004004004004
11,23,0.4,42,0.7517517517517518
11,23,0.4,99,0.7612612612612613
11,24,0.1,0,0.7817817817817818
11,24,0.1,42,0.7887887887887888
11,24,0.1,99,0.8078078078078078
11,24,0.2,0,0.7677677677677678
11,24,0.2,42,0.7717717717717718
11,24,0.2,99,0.7852852852852853
11,24,0.3,0,0.7624290957624291
11,24,0.3,42,0.7650984317650984
11,24,0.3,99,0.7804471137804471
11,24,0.4,0,0.752002002002002
11,24,0.4,42,0.7492492492492493
11,24,0.4,99,0.7545045045045045
11,25,0.1,0,0.7857857857857858
11,25,0.1,42,0.7877877877877878
11,25,0.1,99,0.8068068068068068
11,25,0.2,0,0.7717717717717718
11,25,0.2,42,0.7727727727727728
11,25,0.2,99,0.7847847847847848
11,25,0.3,0,0.7590924257590924
11,25,0.3,42,0.7627627627627628
11,25,0.3,99,0.7761094427761095
11,25,0.4,0,0.7477477477477478
11,25,0.4,42,0.7444944944944945
11,25,0.4,99,0.7482482482482482
11,26,0.1,0,0.7817817817817818
11,26,0.1,42,0.7807807807807807
11,26,0.1,99,0.7977977977977978
11,26,0.2,0,0.7657657657657657
11,26,0.2,42,0.7687687687687688
11,26,0.2,99,0.7817817817817818
11,26,0.3,0,0.7560894227560894
11,26,0.3,42,0.7557557557557557
11,26,0.3,99,0.7721054387721055
11,26,0.4,0,0.746996996996997
11,26,0.4,42,0.7452452452452453
11,26,0.4,99,0.748998998998999
11,27,0.1,0,0.7837837837837838
11,27,0.1,42,0.7757757757757757
11,27,0.1,99,0.7987987987987988
11,27,0.2,0,0.7617617617617618
11,27,0.2,42,0.7647647647647647
11,27,0.2,99,0.7792792792792793
11,27,0.3,0,0.7534200867534201
11,27,0.3,42,0.7570904237570905
11,27,0.3,99,0.7687687687687688
11,27,0.4,0,0.7454954954954955
11,27,0.4,42,0.7414914914914915
11,27,0.4,99,0.7484984984984985
11,28,0.1,0,0.7797797797797797
11,28,0.1,42,0.7777777777777778
11,28,0.1,99,0.7977977977977978
11,28,0.2,0,0.7567567567567568
11,28,0.2,42,0.7612612612612613
11,28,0.2,99,0.7762762762762763
11,28,0.3,0,0.7487487487487487
11,28,0.3,42,0.7517517517517518
11,28,0.3,99,0.7620954287620955
11,28,0.4,0,0.742992992992993
11,28,0.4,42,0.736986986986987
11,28,0.4,99,0.7474974974974975
11,29,0.1,0,0.7747747747747747
11,29,0.1,42,0.7727727727727728
11,29,0.1,99,0.7947947947947948
11,29,0.2,0,0.7542542542542543
11,29,0.2,42,0.7597597597597597
11,29,0.2,99,0.7717717717717718
11,29,0.3,0,0.750417083750417
11,29,0.3,42,0.7510844177510844
11,29,0.3,99,0.7624290957624291
11,29,0.4,0,0.7417417417417418
11,29,0.4,42,0.7367367367367368
11,29,0.4,99,0.7472472472472472
11,30,0.1,0,0.7667667667667668
11,30,0.1,42,0.7717717717717718
11,30,0.1,99,0.7957957957957958
11,30,0.2,0,0.7507507507507507
11,30,0.2,42,0.7572572572572572
11,30,0.2,99,0.7727727727727728
11,30,0.3,0,0.7517517517517518
11,30,0.3,42,0.7487487487487487
11,30,0.3,99,0.7584250917584251
11,30,0.4,0,0.7394894894894894
11,30,0.4,42,0.7347347347347347
11,30,0.4,99,0.743993993993994
12,1,0.1,0,0.9099099099099099
12,1,0.1,42,0.8948948948948949
12,1,0.1,99,0.9049049049049049
12,1,0.2,0,0.9004004004004004
12,1,0.2,42,0.8963963963963963
12,1,0.2,99,0.9034034034034034
12,1,0.3,0,0.8885552218885552
12,1,0.3,42,0.8918918918918919
12,1,0.3,99,0.8905572238905572
12,1,0.4,0,0.8753753753753754
12,1,0.4,42,0.8813813813813813
12,1,0.4,99,0.8821321321321322
12,2,0.1,0,0.8858858858858859
12,2,0.1,42,0.8688688688688688
12,2,0.1,99,0.8748748748748749
12,2,0.2,0,0.8778778778778779
12,2,0.2,42,0.8703703703703703
12,2,0.2,99,0.8793793793793794
12,2,0.3,0,0.8678678678678678
12,2,0.3,42,0.8605271938605272
12,2,0.3,99,0.8648648648648649
12,2,0.4,0,0.8485985985985987
12,2,0.4,42,0.8490990990990991
12,2,0.4,99,0.8576076076076076
12,3,0.1,0,0.9009009009009009
12,3,0.1,42,0.8728728728728729
12,3,0.1,99,0.8838838838838838
12,3,0.2,0,0.8853853853853854
12,3,0.2,42,0.8763763763763763
12,3,0.2,99,0.8878878878878879
12,3,0.3,0,0.8752085418752086
12,3,0.3,42,0.8621955288621955
12,3,0.3,99,0.8748748748748749
12,3,0.4,0,0.8586086086086087
12,3,0.4,42,0.8546046046046046
12,3,0.4,99,0.8643643643643644
12,4,0.1,0,0.8808808808808809
12,4,0.1,42,0.8588588588588588
12,4,0.1,99,0.8708708708708709
12,4,0.2,0,0.8758758758758759
12,4,0.2,42,0.8693693693693694
12,4,0.2,99,0.8803803803803804
12,4,0.3,0,0.8688688688688688
12,4,0.3,42,0.8608608608608609
12,4,0.3,99,0.8645311978645311
12,4,0.4,0,0.8463463463463463
12,4,0.4,42,0.8533533533533534
12,4,0.4,99,0.8566066066066066
12,5,0.1,0,0.8788788788788788
12,5,0.1,42,0.8668668668668669
12,5,0.1,99,0.8668668668668669
12,5,0.2,0,0.8688688688688688
12,5,0.2,42,0.8653653653653653
12,5,0.2,99,0.8838838838838838
12,5,0.3,0,0.8565231898565232
12,5,0.3,42,0.8545211878545211
12,5,0.3,99,0.8665331998665332
12,5,0.4,0,0.8420920920920921
12,5,0.4,42,0.8443443443443444
12,5,0.4,99,0.8533533533533534
12,6,0.1,0,0.8678678678678678
12,6,0.1,42,0.8608608608608609
12,6,0.1,99,0.8688688688688688
12,6,0.2,0,0.8628628628628628
12,6,0.2,42,0.8558558558558559
12,6,0.2,99,0.8728728728728729
12,6,0.3,0,0.8491825158491825
12,6,0.3,42,0.8505171838505172
12,6,0.3,99,0.8621955288621955
12,6,0.4,0,0.8293293293293293
12,6,0.4,42,0.836086086086086
12,6,0.4,99,0.8473473473473474
12,7,0.1,0,0.8648648648648649
12,7,0.1,42,0.8558558558558559
12,7,0.1,99,0.8568568568568569
12,7,0.2,0,0.8578578578578578
12,7,0.2,42,0.8603603603603603
12,7,0.2,99,0.8668668668668669
12,7,0.3,0,0.8485151818485152
12,7,0.3,42,0.8501835168501836
12,7,0.3,99,0.8578578578578578
12,7,0.4,0,0.8295795795795796
12,7,0.4,42,0.8270770770770771
12,7,0.4,99,0.8403403403403403
12,8,0.1,0,0.8628628628628628
12,8,0.1,42,0.8518518518518519
12,8,0.1,99,0.8508508508508509
12,8,0.2,0,0.8498498498498499
12,8,0.2,42,0.8538538538538538
12,8,0.2,99,0.8558558558558559
12,8,0.3,0,0.8448448448448449
12,8,0.3,42,0.8445111778445111
12,8,0.3,99,0.8505171838505172
12,8,0.4,0,0.8213213213213213
12,8,0.4,42,0.8253253253253253
12,8,0.4,99,0.8318318318318318
12,9,0.1,0,0.8598598598598599
12,9,0.1,42,0.8438438438438438
12,9,0.1,99,0.8508508508508509
12,9,0.2,0,0.8513513513513513
12,9,0.2,42,0.8483483483483484
12,9,0.2,99,0.8518518518518519
12,9,0.3,0,0.8408408408408409
12,9,0.3,42,0.8371705038371705
12,9,0.3,99,0.8451785118451786
12,9,0.4,0,0.8213213213213213
12,9,0.4,42,0.8193193193193193
12,9,0.4,99,0.8233233233233234
12,10,0.1,0,0.8518518518518519
12,10,0.1,42,0.8358358358358359
12,10,0.1,99,0.8428428428428428
12,10,0.2,0,0.8438438438438438
12,10,0.2,42,0.8423423423423423
12,10,0.2,99,0.8468468468468469
12,10,0.3,0,0.8321654988321655
12,10,0.3,42,0.8291624958291625
12,10,0.3,99,0.8338338338338338
12,10,0.4,0,0.8085585585585585
12,10,0.4,42,0.8130630630630631
12,10,0.4,99,0.8173173173173173
12,11,0.1,0,0.8478478478478478
12,11,0.1,42,0.8368368368368369
12,11,0.1,99,0.8468468468468469
12,11,0.2,0,0.8368368368368369
12,11,0.2,42,0.8338338338338338
12,11,0.2,99,0.8453453453453453
12,11,0.3,0,0.8284951618284951
12,11,0.3,42,0.8254921588254922
12,11,0.3,99,0.8308308308308309
12,11,0.4,0,0.8058058058058059
12,11,0.4,42,0.8098098098098098
12,11,0.4,99,0.8105605605605606
12,12,0.1,0,0.8438438438438438
12,12,0.1,42,0.8318318318318318
12,12,0.1,99,0.8408408408408409
12,12,0.2,0,0.8313313313313313
12,12,0.2,42,0.8243243243243243
12,12,0.2,99,0.8403403403403403
12,12,0.3,0,0.8228228228228228
12,12,0.3,42,0.8184851518184851
12,12,0.3,99,0.8258258258258259
12,12,0.4,0,0.796046046046046
12,12,0.4,42,0.8020520520520521
12,12,0.4,99,0.8058058058058059
12,13,0.1,0,0.8418418418418419
12,13,0.1,42,0.8208208208208209
12,13,0.1,99,0.8318318318318318
12,13,0.2,0,0.8248248248248248
12,13,0.2,42,0.8173173173173173
12,13,0.2,99,0.8338338338338338
12,13,0.3,0,0.8161494828161495
12,13,0.3,42,0.8128128128128128
12,13,0.3,99,0.8228228228228228
12,13,0.4,0,0.7895395395395396
12,13,0.4,42,0.7980480480480481
12,13,0.4,99,0.8020520520520521
12,14,0.1,0,0.8388388388388388
12,14,0.1,42,0.8178178178178178
12,14,0.1,99,0.8328328328328328
12,14,0.2,0,0.8108108108108109
12,14,0.2,42,0.8153153153153153
12,14,0.2,99,0.8248248248248248
12,14,0.3,0,0.8084751418084751
12,14,0.3,42,0.8048048048048048
12,14,0.3,99,0.8168168168168168
12,14,0.4,0,0.7820320320320321
12,14,0.4,42,0.791041041041041
12,14,0.4,99,0.7922922922922923
12,15,0.1,0,0.8278278278278278
12,15,0.1,42,0.8158158158158159
12,15,0.1,99,0.8278278278278278
12,15,0.2,0,0.8108108108108109
12,15,0.2,42,0.8148148148148148
12,15,0.2,99,0.8198198198198198
12,15,0.3,0,0.8018018018018018
12,15,0.3,42,0.8021354688021355
12,15,0.3,99,0.8078078078078078
12,15,0.4,0,0.7812812812812813
12,15,0.4,42,0.7845345345345346
12,15,0.4,99,0.7847847847847848
12,16,0.1,0,0.8158158158158159
12,16,0.1,42,0.8108108108108109
12,16,0.1,99,0.8198198198198198
12,16,0.2,0,0.8023023023023023
12,16,0.2,42,0.8123123123123123
12,16,0.2,99,0.8153153153153153
12,16,0.3,0,0.7951284617951284
12,16,0.3,42,0.8024691358024691
12,16,0.3,99,0.8051384718051384
12,16,0.4,0,0.777027027027027
12,16,0.4,42,0.7807807807807807
12,16,0.4,99,0.7817817817817818
12,17,0.1,0,0.8138138138138138
12,17,0.1,42,0.8028028028028028
12,17,0.1,99,0.8218218218218218
12,17,0.2,0,0.7987987987987988
12,17,0.2,42,0.8018018018018018
12,17,0.2,99,0.8103103103103103
12,17,0.3,0,0.7894561227894561
12,17,0.3,42,0.7947947947947948
12,17,0.3,99,0.8008008008008008
12,17,0.4,0,0.774024024024024
12,17,0.4,42,0.7787787787787788
12,17,0.4,99,0.7767767767767768
12,18,0.1,0,0.8078078078078078
12,18,0.1,42,0.8028028028028028
12,18,0.1,99,0.8168168168168168
12,18,0.2,0,0.7952952952952953
12,18,0.2,42,0.8008008008008008
12,18,0.2,99,0.8048048048048048
12,18,0.3,0,0.7861194527861195
12,18,0.3,42,0.7867867867867868
12,18,0.3,99,0.7967967967967968
12,18,0.4,0,0.7735235235235235
12,18,0.4,42,0.7755255255255256
12,18,0.4,99,0.7730230230230231
12,19,0.1,0,0.8068068068068068
12,19,0.1,42,0.8048048048048048
12,19,0.1,99,0.8168168168168168
12,19,0.2,0,0.7937937937937938
12,19,0.2,42,0.7912912912912913
12,19,0.2,99,0.8013013013013013
12,19,0.3,0,0.7837837837837838
12,19,0.3,42,0.7831164497831165
12,19,0.3,99,0.7897897897897898
12,19,0.4,0,0.77002002002002
12,19,0.4,42,0.7702702702702703
12,19,0.4,99,0.7702702702702703
12,20,0.1,0,0.8008008008008008
12,20,0.1,42,0.7957957957957958
12,20,0.1,99,0.8178178178178178
12,20,0.2,0,0.7912912912912913
12,20,0.2,42,0.7852852852852853
12,20,0.2,99,0.7957957957957958
12,20,0.3,0,0.7781114447781114
12,20,0.3,42,0.7781114447781114
12,20,0.3,99,0.7894561227894561
12,20,0.4,0,0.7655155155155156
12,20,0.4,42,0.7635135135135135
12,20,0.4,99,0.7677677677677678
12,21,0.1,0,0.7907907907907908
12,21,0.1,42,0.7967967967967968
12,21,0.1,99,0.8128128128128128
12,21,0.2,0,0.7852852852852853
12,21,0.2,42,0.7872872872872873
12,21,0.2,99,0.7942942942942943
12,21,0.3,0,0.7811144477811145
12,21,0.3,42,0.7737737737737738
12,21,0.3,99,0.7877877877877878
12,21,0.4,0,0.7595095095095095
12,21,0.4,42,0.759009009009009
12,21,0.4,99,0.765015015015015
12,22,0.1,0,0.7907907907907908
12,22,0.1,42,0.7907907907907908
12,22,0.1,99,0.8178178178178178
12,22,0.2,0,0.7792792792792793
12,22,0.2,42,0.7857857857857858
12,22,0.2,99,0.7902902902902903
12,22,0.3,0,0.7754421087754421
12,22,0.3,42,0.7664330997664331
12,22,0.3,99,0.7827827827827828
12,22,0.4,0,0.7565065065065065
12,22,0.4,42,0.7547547547547547
12,22,0.4,99,0.7607607607607607
12,23,0.1,0,0.7907907907907908
12,23,0.1,42,0.7907907907907908
12,23,0.1,99,0.8118118118118118
12,23,0.2,0,0.7777777777777778
12,23,0.2,42,0.7832832832832833
12,23,0.2,99,0.7907907907907908
12,23,0.3,0,0.7734401067734401
12,23,0.3,42,0.7674341007674341
12,23,0.3,99,0.7841174507841174
12,23,0.4,0,0.7517517517517518
12,23,0.4,42,0.751001001001001
12,23,0.4,99,0.7605105105105106
12,24,0.1,0,0.7877877877877878
12,24,0.1,42,0.7937937937937938
12,24,0.1,99,0.8068068068068068
12,24,0.2,0,0.7692692692692693
12,24,0.2,42,0.7797797797797797
12,24,0.2,99,0.7842842842842843
12,24,0.3,0,0.7684351017684351
12,24,0.3,42,0.7617617617617618
12,24,0.3,99,0.7814481147814482
12,24,0.4,0,0.7494994994994995
12,24,0.4,42,0.7512512512512513
12,24,0.4,99,0.756006006006006
12,25,0.1,0,0.7887887887887888
12,25,0.1,42,0.7847847847847848
12,25,0.1,99,0.7977977977977978
12,25,0.2,0,0.7712712712712713
12,25,0.2,42,0.7742742742742743
12,25,0.2,99,0.7832832832832833
12,25,0.3,0,0.7627627627627628
12,25,0.3,42,0.7580914247580914
12,25,0.3,99,0.7774441107774441
12,25,0.4,0,0.7464964964964965
12,25,0.4,42,0.7487487487487487
12,25,0.4,99,0.7565065065065065
12,26,0.1,0,0.7917917917917918
12,26,0.1,42,0.7787787787787788
12,26,0.1,99,0.7947947947947948
12,26,0.2,0,0.7677677677677678
12,26,0.2,42,0.7722722722722722
12,26,0.2,99,0.7857857857857858
12,26,0.3,0,0.7600934267600934
12,26,0.3,42,0.7560894227560894
12,26,0.3,99,0.7754421087754421
12,26,0.4,0,0.746996996996997
12,26,0.4,42,0.7452452452452453
12,26,0.4,99,0.7525025025025025
12,27,0.1,0,0.7857857857857858
12,27,0.1,42,0.7787787787787788
12,27,0.1,99,0.7947947947947948
12,27,0.2,0,0.7617617617617618
12,27,0.2,42,0.7692692692692693
12,27,0.2,99,0.7752752752752753
12,27,0.3,0,0.7574240907574241
12,27,0.3,42,0.7544210877544211
12,27,0.3,99,0.7757757757757757
12,27,0.4,0,0.7505005005005005
12,27,0.4,42,0.743993993993994
12,27,0.4,99,0.752002002002002
12,28,0.1,0,0.7787787787787788
12,28,0.1,42,0.7797797797797797
12,28,0.1,99,0.7987987987987988
12,28,0.2,0,0.7602602602602603
12,28,0.2,42,0.7647647647647647
12,28,0.2,99,0.7752752752752753
12,28,0.3,0,0.7574240907574241
12,28,0.3,42,0.7507507507507507
12,28,0.3,99,0.7694361027694361
12,28,0.4,0,0.7464964964964965
12,28,0.4,42,0.7442442442442443
12,28,0.4,99,0.75
12,29,0.1,0,0.7767767767767768
12,29,0.1,42,0.7757757757757757
12,29,0.1,99,0.7907907907907908
12,29,0.2,0,0.7552552552552553
12,29,0.2,42,0.7607607607607607
12,29,0.2,99,0.7737737737737738
12,29,0.3,0,0.7594260927594261
12,29,0.3,42,0.7477477477477478
12,29,0.3,99,0.7671004337671005
12,29,0.4,0,0.745995995995996
12,29,0.4,42,0.7404904904904905
12,29,0.4,99,0.7484984984984985
12,30,0.1,0,0.7707707707707707
12,30,0.1,42,0.7637637637637638
12,30,0.1,99,0.7907907907907908
12,30,0.2,0,0.7517517517517518
12,30,0.2,42,0.7567567567567568
12,30,0.2,99,0.7697697697697697
12,30,0.3,0,0.7570904237570905
12,30,0.3,42,0.7464130797464131
12,30,0.3,99,0.7654320987654321
12,30,0.4,0,0.7414914914914915
12,30,0.4,42,0.738988988988989
12,30,0.4,99,0.7457457457457457
13,1,0.1,0,0.9129129129129129
13,1,0.1,42,0.8968968968968969
13,1,0.1,99,0.8938938938938938
13,1,0.2,0,0.9074074074074074
13,1,0.2,42,0.8983983983983984
13,1,0.2,99,0.8973973973973974
13,1,0.3,0,0.8965632298965632
13,1,0.3,42,0.8918918918918919
13,1,0.3,99,0.8855522188855522
13,1,0.4,0,0.8821321321321322
13,1,0.4,42,0.8801301301301301
13,1,0.4,99,0.8808808808808809
13,2,0.1,0,0.8948948948948949
13,2,0.1,42,0.8708708708708709
13,2,0.1,99,0.8798798798798799
13,2,0.2,0,0.8863863863863863
13,2,0.2,42,0.8738738738738738
13,2,0.2,99,0.8813813813813813
13,2,0.3,0,0.8745412078745413
13,2,0.3,42,0.8641975308641975
13,2,0.3,99,0.8638638638638638
13,2,0.4,0,0.8541041041041041
13,2,0.4,42,0.8521021021021021
13,2,0.4,99,0.8563563563563563
13,3,0.1,0,0.9019019019019019
13,3,0.1,42,0.8798798798798799
13,3,0.1,99,0.8798798798798799
13,3,0.2,0,0.8873873873873874
13,3,0.2,42,0.8838838838838838
13,3,0.2,99,0.8878878878878879
13,3,0.3,0,0.8822155488822155
13,3,0.3,42,0.8738738738738738
13,3,0.3,99,0.8782115448782115
13,3,0.4,0,0.8616116116116116
13,3,0.4,42,0.8616116116116116
13,3,0.4,99,0.8641141141141141
13,4,0.1,0,0.8918918918918919
13,4,0.1,42,0.8688688688688688
13,4,0.1,99,0.8718718718718719
13,4,0.2,0,0.8808808808808809
13,4,0.2,42,0.8703703703703703
13,4,0.2,99,0.8823823823823824
13,4,0.3,0,0.8692025358692025
13,4,0.3,42,0.8621955288621955
13,4,0.3,99,0.8651985318651986
13,4,0.4,0,0.8470970970970971
13,4,0.4,42,0.8493493493493494
13,4,0.4,99,0.8548548548548549
13,5,0.1,0,0.8798798798798799
13,5,0.1,42,0.8708708708708709
13,5,0.1,99,0.8578578578578578
13,5,0.2,0,0.8748748748748749
13,5,0.2,42,0.8703703703703703
13,5,0.2,99,0.8768768768768769
13,5,0.3,0,0.8635301968635302
13,5,0.3,42,0.8575241908575242
13,5,0.3,99,0.8635301968635302
13,5,0.4,0,0.8438438438438438
13,5,0.4,42,0.8425925925925926
13,5,0.4,99,0.8543543543543544
13,6,0.1,0,0.8668668668668669
13,6,0.1,42,0.8578578578578578
13,6,0.1,99,0.8598598598598599
13,6,0.2,0,0.8703703703703703
13,6,0.2,42,0.8603603603603603
13,6,0.2,99,0.8733733733733734
13,6,0.3,0,0.8591925258591925
13,6,0.3,42,0.8501835168501836
13,6,0.3,99,0.8588588588588588
13,6,0.4,0,0.8323323323323323
13,6,0.4,42,0.8333333333333334
13,6,0.4,99,0.8488488488488488
13,7,0.1,0,0.8718718718718719
13,7,0.1,42,0.8608608608608609
13,7,0.1,99,0.8588588588588588
13,7,0.2,0,0.8653653653653653
13,7,0.2,42,0.8593593593593594
13,7,0.2,99,0.8648648648648649
13,7,0.3,0,0.8545211878545211
13,7,0.3,42,0.8471805138471805
13,7,0.3,99,0.8591925258591925
13,7,0.4,0,0.8285785785785785
13,7,0.4,42,0.83008008008008
13,7,0.4,99,0.8433433433433434
13,8,0.1,0,0.8708708708708709
13,8,0.1,42,0.8618618618618619
13,8,0.1,99,0.8568568568568569
13,8,0.2,0,0.8558558558558559
13,8,0.2,42,0.8518518518518519
13,8,0.2,99,0.8578578578578578
13,8,0.3,0,0.8471805138471805
13,8,0.3,42,0.8431765098431765
13,8,0.3,99,0.8561895228561895
13,8,0.4,0,0.826076076076076
13,8,0.4,42,0.8275775775775776
13,8,0.4,99,0.8370870870870871
13,9,0.1,0,0.8648648648648649
13,9,0.1,42,0.8488488488488488
13,9,0.1,99,0.8558558558558559
13,9,0.2,0,0.8538538538538538
13,9,0.2,42,0.8478478478478478
13,9,0.2,99,0.8523523523523524
13,9,0.3,0,0.8408408408408409
13,9,0.3,42,0.8378378378378378
13,9,0.3,99,0.8455121788455122
13,9,0.4,0,0.8190690690690691
13,9,0.4,42,0.8215715715715716
13,9,0.4,99,0.8313313313313313
13,10,0.1,0,0.8568568568568569
13,10,0.1,42,0.8388388388388388
13,10,0.1,99,0.8508508508508509
13,10,0.2,0,0.8483483483483484
13,10,0.2,42,0.8423423423423423
13,10,0.2,99,0.8448448448448449
13,10,0.3,0,0.8361695028361695
13,10,0.3,42,0.8324991658324992
13,10,0.3,99,0.8381715048381715
13,10,0.4,0,0.81006006006006
13,10,0.4,42,0.8105605605605606
13,10,0.4,99,0.8230730730730731
13,11,0.1,0,0.8518518518518519
13,11,0.1,42,0.8388388388388388
13,11,0.1,99,0.8518518518518519
13,11,0.2,0,0.8428428428428428
13,11,0.2,42,0.8373373373373373
13,11,0.2,99,0.8413413413413413
13,11,0.3,0,0.8304971638304972
13,11,0.3,42,0.8258258258258259
13,11,0.3,99,0.8321654988321655
13,11,0.4,0,0.806056056056056
13,11,0.4,42,0.8063063063063063
13,11,0.4,99,0.816066066066066
13,12,0.1,0,0.8428428428428428
13,12,0.1,42,0.8338338338338338
13,12,0.1,99,0.8428428428428428
13,12,0.2,0,0.8333333333333334
13,12,0.2,42,0.8333333333333334
13,12,0.2,99,0.8408408408408409
13,12,0.3,0,0.8184851518184851
13,12,0.3,42,0.8198198198198198
13,12,0.3,99,0.8294961628294961
13,12,0.4,0,0.7975475475475475
13,12,0.4,42,0.8035535535535535
13,12,0.4,99,0.8083083083083084
13,13,0.1,0,0.8438438438438438
13,13,0.1,42,0.8258258258258259
13,13,0.1,99,0.8378378378378378
13,13,0.2,0,0.8273273273273273
13,13,0.2,42,0.8283283283283284
13,13,0.2,99,0.8378378378378378
13,13,0.3,0,0.8131464798131465
13,13,0.3,42,0.8211544878211545
13,13,0.3,99,0.8258258258258259
13,13,0.4,0,0.794044044044044
13,13,0.4,42,0.8020520520520521
13,13,0.4,99,0.8040540540540541
13,14,0.1,0,0.8298298298298298
13,14,0.1,42,0.8298298298298298
13,14,0.1,99,0.8358358358358359
13,14,0.2,0,0.8173173173173173
13,14,0.2,42,0.8188188188188188
13,14,0.2,99,0.8318318318318318
13,14,0.3,0,0.8081414748081415
13,14,0.3,42,0.8134801468134801
13,14,0.3,99,0.8204871538204872
13,14,0.4,0,0.79004004004004
13,14,0.4,42,0.7935435435435435
13,14,0.4,99,0.7992992992992993
13,15,0.1,0,0.8258258258258259
13,15,0.1,42,0.8238238238238238
13,15,0.1,99,0.8268268268268268
13,15,0.2,0,0.8123123123123123
13,15,0.2,42,0.8198198198198198
13,15,0.2,99,0.8208208208208209
13,15,0.3,0,0.8031364698031365
13,15,0.3,42,0.8101434768101434
13,15,0.3,99,0.8171504838171505
13,15,0.4,0,0.7882882882882883
13,15,0.4,42,0.7877877877877878
13,15,0.4,99,0.7892892892892893
13,16,0.1,0,0.8208208208208209
13,16,0.1,42,0.8188188188188188
13,16,0.1,99,0.8288288288288288
13,16,0.2,0,0.8118118118118118
13,16,0.2,42,0.8108108108108109
13,16,0.2,99,0.8213213213213213
13,16,0.3,0,0.8028028028028028
13,16,0.3,42,0.8048048048048048
13,16,0.3,99,0.8164831498164832
13,16,0.4,0,0.781031031031031
13,16,0.4,42,0.785035035035035
13,16,0.4,99,0.7852852852852853
13,17,0.1,0,0.8168168168168168
13,17,0.1,42,0.8188188188188188
13,17,0.1,99,0.8208208208208209
13,17,0.2,0,0.7977977977977978
13,17,0.2,42,0.8063063063063063
13,17,0.2,99,0.8163163163163163
13,17,0.3,0,0.7951284617951284
13,17,0.3,42,0.8011344678011345
13,17,0.3,99,0.8088088088088088
13,17,0.4,0,0.7792792792792793
13,17,0.4,42,0.7830330330330331
13,17,0.4,99,0.7820320320320321
13,18,0.1,0,0.8138138138138138
13,18,0.1,42,0.8128128128128128
13,18,0.1,99,0.8208208208208209
13,18,0.2,0,0.7982982982982983
13,18,0.2,42,0.8068068068068068
13,18,0.2,99,0.8158158158158159
13,18,0.3,0,0.7907907907907908
13,18,0.3,42,0.7981314647981315
13,18,0.3,99,0.8018018018018018
13,18,0.4,0,0.7735235235235235
13,18,0.4,42,0.776026026026026
13,18,0.4,99,0.7832832832832833
13,19,0.1,0,0.8148148148148148
13,19,0.1,42,0.8128128128128128
13,19,0.1,99,0.8198198198198198
13,19,0.2,0,0.7937937937937938
13,19,0.2,42,0.8008008008008008
13,19,0.2,99,0.8093093093093093
13,19,0.3,0,0.7834501167834501
13,19,0.3,42,0.7931264597931265
13,19,0.3,99,0.7971304637971305
13,19,0.4,0,0.7730230230230231
13,19,0.4,42,0.7702702702702703
13,19,0.4,99,0.7792792792792793
13,20,0.1,0,0.8068068068068068
13,20,0.1,42,0.8038038038038038
13,20,0.1,99,0.8128128128128128
13,20,0.2,0,0.7872872872872873
13,20,0.2,42,0.7952952952952953
13,20,0.2,99,0.8058058058058059
13,20,0.3,0,0.7801134467801134
13,20,0.3,42,0.7831164497831165
13,20,0.3,99,0.7961294627961295
13,20,0.4,0,0.767017017017017
13,20,0.4,42,0.7662662662662663
13,20,0.4,99,0.776026026026026
13,21,0.1,0,0.7987987987987988
13,21,0.1,42,0.8048048048048048
13,21,0.1,99,0.8168168168168168
13,21,0.2,0,0.7857857857857858
13,21,0.2,42,0.7942942942942943
13,21,0.2,99,0.8048048048048048
13,21,0.3,0,0.7794461127794461
13,21,0.3,42,0.7781114447781114
13,21,0.3,99,0.7924591257924591
13,21,0.4,0,0.7597597597597597
13,21,0.4,42,0.765015015015015
13,21,0.4,99,0.7695195195195195
13,22,0.1,0,0.7977977977977978
13,22,0.1,42,0.7987987987987988
13,22,0.1,99,0.8228228228228228
13,22,0.2,0,0.7802802802802803
13,22,0.2,42,0.7887887887887888
13,22,0.2,99,0.8013013013013013
13,22,0.3,0,0.7704371037704371
13,22,0.3,42,0.7747747747747747
13,22,0.3,99,0.7881214547881215
13,22,0.4,0,0.7602602602602603
13,22,0.4,42,0.7595095095095095
13,22,0.4,99,0.765015015015015
13,23,0.1,0,0.7967967967967968
13,23,0.1,42,0.7957957957957958
13,23,0.1,99,0.8158158158158159
13,23,0.2,0,0.7782782782782782
13,23,0.2,42,0.7877877877877878
13,23,0.2,99,0.7932932932932933
13,23,0.3,0,0.7707707707707707
13,23,0.3,42,0.7701034367701034
13,23,0.3,99,0.7861194527861195
13,23,0.4,0,0.7572572572572572
13,23,0.4,42,0.7577577577577578
13,23,0.4,99,0.7647647647647647
13,24,0.1,0,0.7967967967967968
13,24,0.1,42,0.7987987987987988
13,24,0.1,99,0.8098098098098098
13,24,0.2,0,0.7702702702702703
13,24,0.2,42,0.7852852852852853
13,24,0.2,99,0.7922922922922923
13,24,0.3,0,0.7684351017684351
13,24,0.3,42,0.7671004337671005
13,24,0.3,99,0.7844511177844511
13,24,0.4,0,0.755005005005005
13,24,0.4,42,0.755005005005005
13,24,0.4,99,0.7612612612612613
13,25,0.1,0,0.7987987987987988
13,25,0.1,42,0.7937937937937938
13,25,0.1,99,0.8068068068068068
13,25,0.2,0,0.7672672672672672
13,25,0.2,42,0.7802802802802803
13,25,0.2,99,0.7907907907907908
13,25,0.3,0,0.7657657657657657
13,25,0.3,42,0.7681014347681014
13,25,0.3,99,0.7821154487821155
13,25,0.4,0,0.7562562562562563
13,25,0.4,42,0.7527527527527528
13,25,0.4,99,0.7592592592592593
13,26,0.1,0,0.7957957957957958
13,26,0.1,42,0.7887887887887888
13,26,0.1,99,0.8008008008008008
13,26,0.2,0,0.7617617617617618
13,26,0.2,42,0.7822822822822822
13,26,0.2,99,0.7862862862862863
13,26,0.3,0,0.7637637637637638
13,26,0.3,42,0.7600934267600934
13,26,0.3,99,0.7774441107774441
13,26,0.4,0,0.7522522522522522
13,26,0.4,42,0.7525025025025025
13,26,0.4,99,0.7547547547547547
13,27,0.1,0,0.7937937937937938
13,27,0.1,42,0.7827827827827828
13,27,0.1,99,0.7947947947947948
13,27,0.2,0,0.7607607607607607
13,27,0.2,42,0.7742742742742743
13,27,0.2,99,0.7832832832832833
13,27,0.3,0,0.7634300967634301
13,27,0.3,42,0.7577577577577578
13,27,0.3,99,0.7731064397731064
13,27,0.4,0,0.7494994994994995
13,27,0.4,42,0.7482482482482482
13,27,0.4,99,0.7505005005005005
13,28,0.1,0,0.7917917917917918
13,28,0.1,42,0.7847847847847848
13,28,0.1,99,0.7947947947947948
13,28,0.2,0,0.7617617617617618
13,28,0.2,42,0.7712712712712713
13,28,0.2,99,0.7792792792792793
13,28,0.3,0,0.7600934267600934
13,28,0.3,42,0.7537537537537538
13,28,0.3,99,0.7714381047714381
13,28,0.4,0,0.7494994994994995
13,28,0.4,42,0.7472472472472472
13,28,0.4,99,0.7505005005005005
13,29,0.1,0,0.7857857857857858
13,29,0.1,42,0.7777777777777778
13,29,0.1,99,0.7907907907907908
13,29,0.2,0,0.7602602602602603
13,29,0.2,42,0.7677677677677678
13,29,0.2,99,0.7772772772772772
13,29,0.3,0,0.7627627627627628
13,29,0.3,42,0.7510844177510844
13,29,0.3,99,0.7667667667667668
13,29,0.4,0,0.7452452452452453
13,29,0.4,42,0.7432432432432432
13,29,0.4,99,0.746996996996997
13,30,0.1,0,0.7817817817817818
13,30,0.1,42,0.7667667667667668
13,30,0.1,99,0.7867867867867868
13,30,0.2,0,0.7557557557557557
13,30,0.2,42,0.7642642642642643
13,30,0.2,99,0.7712712712712713
13,30,0.3,0,0.7597597597597597
13,30,0.3,42,0.7450784117450784
13,30,0.3,99,0.7674341007674341
13,30,0.4,0,0.73998998998999
13,30,0.4,42,0.7432432432432432
13,30,0.4,99,0.7457457457457457
14,1,0.1,0,0.9219219219219219
14,1,0.1,42,0.9029029029029029
14,1,0.1,99,0.9039039039039038
14,1,0.2,0,0.913913913913914
14,1,0.2,42,0.9004004004004004
14,1,0.2,99,0.9059059059059059
14,1,0.3,0,0.9005672339005673
14,1,0.3,42,0.8912245578912246
14,1,0.3,99,0.8925592258925592
14,1,0.4,0,0.8861361361361362
14,1,0.4,42,0.8816316316316316
14,1,0.4,99,0.8858858858858859
14,2,0.1,0,0.8988988988988988
14,2,0.1,42,0.8738738738738738
14,2,0.1,99,0.8858858858858859
14,2,0.2,0,0.8873873873873874
14,2,0.2,42,0.8718718718718719
14,2,0.2,99,0.8843843843843844
14,2,0.3,0,0.8772105438772105
14,2,0.3,42,0.8648648648648649
14,2,0.3,99,0.8661995328661996
14,2,0.4,0,0.8576076076076076
14,2,0.4,42,0.8518518518518519
14,2,0.4,99,0.8573573573573574
14,3,0.1,0,0.908908908908909
14,3,0.1,42,0.8808808808808809
14,3,0.1,99,0.8868868868868869
14,3,0.2,0,0.8973973973973974
14,3,0.2,42,0.8813813813813813
14,3,0.2,99,0.8933933933933934
14,3,0.3,0,0.8878878878878879
14,3,0.3,42,0.8708708708708709
14,3,0.3,99,0.8808808808808809
14,3,0.4,0,0.8651151151151151
14,3,0.4,42,0.8583583583583584
14,3,0.4,99,0.8676176176176176
14,4,0.1,0,0.9029029029029029
14,4,0.1,42,0.8758758758758759
14,4,0.1,99,0.8668668668668669
14,4,0.2,0,0.8858858858858859
14,4,0.2,42,0.8673673673673674
14,4,0.2,99,0.8803803803803804
14,4,0.3,0,0.8738738738738738
14,4,0.3,42,0.8635301968635302
14,4,0.3,99,0.8648648648648649
14,4,0.4,0,0.8501001001001001
14,4,0.4,42,0.8521021021021021
14,4,0.4,99,0.8561061061061062
14,5,0.1,0,0.8898898898898899
14,5,0.1,42,0.8728728728728729
14,5,0.1,99,0.8658658658658659
14,5,0.2,0,0.8813813813813813
14,5,0.2,42,0.8653653653653653
14,5,0.2,99,0.8723723723723724
14,5,0.3,0,0.8661995328661996
14,5,0.3,42,0.8561895228561895
14,5,0.3,99,0.8611945278611945
14,5,0.4,0,0.8480980980980981
14,5,0.4,42,0.8513513513513513
14,5,0.4,99,0.8498498498498499
14,6,0.1,0,0.8808808808808809
14,6,0.1,42,0.8728728728728729
14,6,0.1,99,0.8648648648648649
14,6,0.2,0,0.8728728728728729
14,6,0.2,42,0.8598598598598599
14,6,0.2,99,0.8738738738738738
14,6,0.3,0,0.8631965298631965
14,6,0.3,42,0.8528528528528528
14,6,0.3,99,0.8605271938605272
14,6,0.4,0,0.8398398398398398
14,6,0.4,42,0.8448448448448449
14,6,0.4,99,0.8418418418418419
14,7,0.1,0,0.8728728728728729
14,7,0.1,42,0.8638638638638638
14,7,0.1,99,0.8608608608608609
14,7,0.2,0,0.8618618618618619
14,7,0.2,42,0.8618618618618619
14,7,0.2,99,0.8648648648648649
14,7,0.3,0,0.8555221888555222
14,7,0.3,42,0.8491825158491825
14,7,0.3,99,0.8561895228561895
14,7,0.4,0,0.8343343343343343
14,7,0.4,42,0.8375875875875876
14,7,0.4,99,0.8398398398398398
14,8,0.1,0,0.8668668668668669
14,8,0.1,42,0.8588588588588588
14,8,0.1,99,0.8588588588588588
14,8,0.2,0,0.8578578578578578
14,8,0.2,42,0.8528528528528528
14,8,0.2,99,0.8598598598598599
14,8,0.3,0,0.8491825158491825
14,8,0.3,42,0.8475141808475142
14,8,0.3,99,0.8518518518518519
14,8,0.4,0,0.8265765765765766
14,8,0.4,42,0.8283283283283284
14,8,0.4,99,0.8373373373373373
14,9,0.1,0,0.8638638638638638
14,9,0.1,42,0.8558558558558559
14,9,0.1,99,0.8568568568568569
14,9,0.2,0,0.8523523523523524
14,9,0.2,42,0.8493493493493494
14,9,0.2,99,0.8543543543543544
14,9,0.3,0,0.8388388388388388
14,9,0.3,42,0.8375041708375042
14,9,0.3,99,0.8455121788455122
14,9,0.4,0,0.8163163163163163
14,9,0.4,42,0.8220720720720721
14,9,0.4,99,0.8328328328328328
14,10,0.1,0,0.8568568568568569
14,10,0.1,42,0.8548548548548549
14,10,0.1,99,0.8558558558558559
14,10,0.2,0,0.8523523523523524
14,10,0.2,42,0.8453453453453453
14,10,0.2,99,0.8508508508508509
14,10,0.3,0,0.8345011678345011
14,10,0.3,42,0.8335001668335001
14,10,0.3,99,0.8411745078411745
14,10,0.4,0,0.8088088088088088
14,10,0.4,42,0.8175675675675675
14,10,0.4,99,0.8203203203203203
14,11,0.1,0,0.8548548548548549
14,11,0.1,42,0.8438438438438438
14,11,0.1,99,0.8488488488488488
14,11,0.2,0,0.8488488488488488
14,11,0.2,42,0.8403403403403403
14,11,0.2,99,0.8428428428428428
14,11,0.3,0,0.8281614948281615
14,11,0.3,42,0.8258258258258259
14,11,0.3,99,0.8345011678345011
14,11,0.4,0,0.8025525525525525
14,11,0.4,42,0.8083083083083084
14,11,0.4,99,0.8115615615615616
14,12,0.1,0,0.8468468468468469
14,12,0.1,42,0.8378378378378378
14,12,0.1,99,0.8468468468468469
14,12,0.2,0,0.8348348348348348
14,12,0.2,42,0.8323323323323323
14,12,0.2,99,0.8393393393393394
14,12,0.3,0,0.8221554888221555
14,12,0.3,42,0.8184851518184851
14,12,0.3,99,0.8298298298298298
14,12,0.4,0,0.7987987987987988
14,12,0.4,42,0.8040540540540541
14,12,0.4,99,0.8053053053053053
14,13,0.1,0,0.8408408408408409
14,13,0.1,42,0.8298298298298298
14,13,0.1,99,0.8438438438438438
14,13,0.2,0,0.8248248248248248
14,13,0.2,42,0.8258258258258259
14,13,0.2,99,0.8363363363363363
14,13,0.3,0,0.8154821488154822
14,13,0.3,42,0.8161494828161495
14,13,0.3,99,0.8258258258258259
14,13,0.4,0,0.7952952952952953
14,13,0.4,42,0.795045045045045
14,13,0.4,99,0.8080580580580581
14,14,0.1,0,0.8368368368368369
14,14,0.1,42,0.8338338338338338
14,14,0.1,99,0.8388388388388388
14,14,0.2,0,0.8243243243243243
14,14,0.2,42,0.8223223223223223
14,14,0.2,99,0.8313313313313313
14,14,0.3,0,0.8094761428094761
14,14,0.3,42,0.8078078078078078
14,14,0.3,99,0.8171504838171505
14,14,0.4,0,0.789039039039039
14,14,0.4,42,0.791041041041041
14,14,0.4,99,0.799049049049049
14,15,0.1,0,0.8328328328328328
14,15,0.1,42,0.8278278278278278
14,15,0.1,99,0.8288288288288288
14,15,0.2,0,0.8108108108108109
14,15,0.2,42,0.8143143143143143
14,15,0.2,99,0.8318318318318318
14,15,0.3,0,0.8061394728061395
14,15,0.3,42,0.8041374708041374
14,15,0.3,99,0.8131464798131465
14,15,0.4,0,0.7875375375375375
14,15,0.4,42,0.7895395395395396
14,15,0.4,99,0.7922922922922923
14,16,0.1,0,0.8318318318318318
14,16,0.1,42,0.8208208208208209
14,16,0.1,99,0.8198198198198198
14,16,0.2,0,0.8053053053053053
14,16,0.2,42,0.8048048048048048
14,16,0.2,99,0.8233233233233234
14,16,0.3,0,0.7997997997997998
14,16,0.3,42,0.7974641307974641
14,16,0.3,99,0.8078078078078078
14,16,0.4,0,0.7845345345345346
14,16,0.4,42,0.7827827827827828
14,16,0.4,99,0.7837837837837838
14,17,0.1,0,0.8198198198198198
14,17,0.1,42,0.8128128128128128
14,17,0.1,99,0.8198198198198198
14,17,0.2,0,0.8038038038038038
14,17,0.2,42,0.8023023023023023
14,17,0.2,99,0.8183183183183184
14,17,0.3,0,0.8001334668001334
14,17,0.3,42,0.7991324657991324
14,17,0.3,99,0.8008008008008008
14,17,0.4,0,0.7795295295295295
14,17,0.4,42,0.7782782782782782
14,17,0.4,99,0.7785285285285285
14,18,0.1,0,0.8198198198198198
14,18,0.1,42,0.8038038038038038
14,18,0.1,99,0.8228228228228228
14,18,0.2,0,0.7987987987987988
14,18,0.2,42,0.7927927927927928
14,18,0.2,99,0.8133133133133134
14,18,0.3,0,0.7957957957957958
14,18,0.3,42,0.7901234567901234
14,18,0.3,99,0.7961294627961295
14,18,0.4,0,0.7755255255255256
14,18,0.4,42,0.7755255255255256
14,18,0.4,99,0.7745245245245245
14,19,0.1,0,0.8098098098098098
14,19,0.1,42,0.8028028028028028
14,19,0.1,99,0.8228228228228228
14,19,0.2,0,0.7952952952952953
14,19,0.2,42,0.7997997997997998
14,19,0.2,99,0.8108108108108109
14,19,0.3,0,0.7894561227894561
14,19,0.3,42,0.7847847847847848
14,19,0.3,99,0.7911244577911245
14,19,0.4,0,0.772022022022022
14,19,0.4,42,0.7715215215215215
14,19,0.4,99,0.7697697697697697
14,20,0.1,0,0.8098098098098098
14,20,0.1,42,0.7927927927927928
14,20,0.1,99,0.8168168168168168
14,20,0.2,0,0.7912912912912913
14,20,0.2,42,0.7902902902902903
14,20,0.2,99,0.8023023023023023
14,20,0.3,0,0.7834501167834501
14,20,0.3,42,0.7774441107774441
14,20,0.3,99,0.7861194527861195
14,20,0.4,0,0.7637637637637638
14,20,0.4,42,0.771021021021021
14,20,0.4,99,0.767017017017017
14,21,0.1,0,0.8078078078078078
14,21,0.1,42,0.7997997997997998
14,21,0.1,99,0.8168168168168168
14,21,0.2,0,0.7897897897897898
14,21,0.2,42,0.7912912912912913
14,21,0.2,99,0.7952952952952953
14,21,0.3,0,0.7794461127794461
14,21,0.3,42,0.7744411077744411
14,21,0.3,99,0.7844511177844511
14,21,0.4,0,0.7595095095095095
14,21,0.4,42,0.7625125125125125
14,21,0.4,99,0.7652652652652653
14,22,0.1,0,0.8028028028028028
14,22,0.1,42,0.7967967967967968
14,22,0.1,99,0.8128128128128128
14,22,0.2,0,0.7842842842842843
14,22,0.2,42,0.7892892892892893
14,22,0.2,99,0.7922922922922923
14,22,0.3,0,0.7774441107774441
14,22,0.3,42,0.7697697697697697
14,22,0.3,99,0.7854521187854521
14,22,0.4,0,0.7595095095095095
14,22,0.4,42,0.76001001001001
14,22,0.4,99,0.7625125125125125
14,23,0.1,0,0.8038038038038038
14,23,0.1,42,0.8008008008008008
14,23,0.1,99,0.8068068068068068
14,23,0.2,0,0.7757757757757757
14,23,0.2,42,0.7822822822822822
14,23,0.2,99,0.7867867867867868
14,23,0.3,0,0.7727727727727728
14,23,0.3,42,0.7664330997664331
14,23,0.3,99,0.7781114447781114
14,23,0.4,0,0.7575075075075075
14,23,0.4,42,0.7567567567567568
14,23,0.4,99,0.7585085085085085
14,24,0.1,0,0.7977977977977978
14,24,0.1,42,0.7917917917917918
14,24,0.1,99,0.8008008008008008
14,24,0.2,0,0.7727727727727728
14,24,0.2,42,0.7802802802802803
14,24,0.2,99,0.7847847847847848
14,24,0.3,0,0.7704371037704371
14,24,0.3,42,0.7667667667667668
14,24,0.3,99,0.7741074407741074
14,24,0.4,0,0.7547547547547547
14,24,0.4,42,0.7555055055055055
14,24,0.4,99,0.7575075075075075
14,25,0.1,0,0.7957957957957958
14,25,0.1,42,0.7857857857857858
14,25,0.1,99,0.7967967967967968
14,25,0.2,0,0.7702702702702703
14,25,0.2,42,0.7752752752752753
14,25,0.2,99,0.7817817817817818
14,25,0.3,0,0.7697697697697697
14,25,0.3,42,0.7640974307640974
14,25,0.3,99,0.7717717717717718
14,25,0.4,0,0.754004004004004
14,25,0.4,42,0.7557557557557557
14,25,0.4,99,0.7557557557557557
14,26,0.1,0,0.7877877877877878
14,26,0.1,42,0.7867867867867868
14,26,0.1,99,0.7967967967967968
14,26,0.2,0,0.7687687687687688
14,26,0.2,42,0.7742742742742743
14,26,0.2,99,0.7782782782782782
14,26,0.3,0,0.7644310977644311
14,26,0.3,42,0.7584250917584251
14,26,0.3,99,0.7691024357691024
14,26,0.4,0,0.748998998998999
14,26,0.4,42,0.7517517517517518
14,26,0.4,99,0.757007007007007
14,27,0.1,0,0.7927927927927928
14,27,0.1,42,0.7837837837837838
14,27,0.1,99,0.7907907907907908
14,27,0.2,0,0.7677677677677678
14,27,0.2,42,0.7672672672672672
14,27,0.2,99,0.7757757757757757
14,27,0.3,0,0.7640974307640974
14,27,0.3,42,0.755422088755422
14,27,0.3,99,0.7660994327660995
14,27,0.4,0,0.747997997997998
14,27,0.4,42,0.7497497497497497
14,27,0.4,99,0.7567567567567568
14,28,0.1,0,0.7877877877877878
14,28,0.1,42,0.7787787787787788
14,28,0.1,99,0.7877877877877878
14,28,0.2,0,0.7627627627627628
14,28,0.2,42,0.7657657657657657
14,28,0.2,99,0.7702702702702703
14,28,0.3,0,0.7620954287620955
14,28,0.3,42,0.7560894227560894
14,28,0.3,99,0.7650984317650984
14,28,0.4,0,0.7472472472472472
14,28,0.4,42,0.7464964964964965
14,28,0.4,99,0.754004004004004
14,29,0.1,0,0.7847847847847848
14,29,0.1,42,0.7747747747747747
14,29,0.1,99,0.7797797797797797
14,29,0.2,0,0.7587587587587588
14,29,0.2,42,0.7637637637637638
14,29,0.2,99,0.7677677677677678
14,29,0.3,0,0.7614280947614281
14,29,0.3,42,0.7520854187520855
14,29,0.3,99,0.7660994327660995
14,29,0.4,0,0.7417417417417418
14,29,0.4,42,0.7404904904904905
14,29,0.4,99,0.7507507507507507
14,30,0.1,0,0.7867867867867868
14,30,0.1,42,0.7727727727727728
14,30,0.1,99,0.7777777777777778
14,30,0.2,0,0.7547547547547547
14,30,0.2,42,0.7602602602602603
14,30,0.2,99,0.7672672672672672
14,30,0.3,0,0.7584250917584251
14,30,0.3,42,0.7490824157490824
14,30,0.3,99,0.7614280947614281
14,30,0.4,0,0.7427427427427428
14,30,0.4,42,0.7407407407407407
14,30,0.4,99,0.7492492492492493
15,1,0.1,0,0.924924924924925
15,1,0.1,42,0.9019019019019019
15,1,0.1,99,0.9009009009009009
15,1,0.2,0,0.9134134134134134
15,1,0.2,42,0.8963963963963963
15,1,0.2,99,0.9069069069069069
15,1,0.3,0,0.9005672339005673
15,1,0.3,42,0.8882215548882215
15,1,0.3,99,0.8945612278945613
15,1,0.4,0,0.8866366366366366
15,1,0.4,42,0.8808808808808809
15,1,0.4,99,0.8866366366366366
15,2,0.1,0,0.8958958958958959
15,2,0.1,42,0.8718718718718719
15,2,0.1,99,0.8848848848848849
15,2,0.2,0,0.8828828828828829
15,2,0.2,42,0.8723723723723724
15,2,0.2,99,0.8848848848848849
15,2,0.3,0,0.8752085418752086
15,2,0.3,42,0.8648648648648649
15,2,0.3,99,0.8655321988655322
15,2,0.4,0,0.8583583583583584
15,2,0.4,42,0.8521021021021021
15,2,0.4,99,0.8521021021021021
15,3,0.1,0,0.9059059059059059
15,3,0.1,42,0.8878878878878879
15,3,0.1,99,0.8808808808808809
15,3,0.2,0,0.8948948948948949
15,3,0.2,42,0.8788788788788788
15,3,0.2,99,0.8923923923923924
15,3,0.3,0,0.8868868868868869
15,3,0.3,42,0.8725392058725392
15,3,0.3,99,0.8778778778778779
15,3,0.4,0,0.8691191191191191
15,3,0.4,42,0.8601101101101101
15,3,0.4,99,0.8666166166166166
15,4,0.1,0,0.8938938938938938
15,4,0.1,42,0.8818818818818819
15,4,0.1,99,0.8718718718718719
15,4,0.2,0,0.8843843843843844
15,4,0.2,42,0.8743743743743744
15,4,0.2,99,0.8833833833833834
15,4,0.3,0,0.8758758758758759
15,4,0.3,42,0.8678678678678678
15,4,0.3,99,0.8732065398732065
15,4,0.4,0,0.8583583583583584
15,4,0.4,42,0.8518518518518519
15,4,0.4,99,0.8603603603603603
15,5,0.1,0,0.8878878878878879
15,5,0.1,42,0.8778778778778779
15,5,0.1,99,0.8698698698698699
15,5,0.2,0,0.8803803803803804
15,5,0.2,42,0.8728728728728729
15,5,0.2,99,0.8783783783783784
15,5,0.3,0,0.8682015348682015
15,5,0.3,42,0.8591925258591925
15,5,0.3,99,0.8675342008675342
15,5,0.4,0,0.8508508508508509
15,5,0.4,42,0.8503503503503503
15,5,0.4,99,0.8553553553553553
15,6,0.1,0,0.8808808808808809
15,6,0.1,42,0.8638638638638638
15,6,0.1,99,0.8658658658658659
15,6,0.2,0,0.8703703703703703
15,6,0.2,42,0.8613613613613613
15,6,0.2,99,0.8673673673673674
15,6,0.3,0,0.8641975308641975
15,6,0.3,42,0.8505171838505172
15,6,0.3,99,0.8591925258591925
15,6,0.4,0,0.8423423423423423
15,6,0.4,42,0.8455955955955956
15,6,0.4,99,0.8485985985985987
15,7,0.1,0,0.8758758758758759
15,7,0.1,42,0.8628628628628628
15,7,0.1,99,0.8668668668668669
15,7,0.2,0,0.8643643643643644
15,7,0.2,42,0.8598598598598599
15,7,0.2,99,0.8678678678678678
15,7,0.3,0,0.8611945278611945
15,7,0.3,42,0.8501835168501836
15,7,0.3,99,0.8565231898565232
15,7,0.4,0,0.8403403403403403
15,7,0.4,42,0.8373373373373373
15,7,0.4,99,0.8425925925925926
15,8,0.1,0,0.8638638638638638
15,8,0.1,42,0.8598598598598599
15,8,0.1,99,0.8598598598598599
15,8,0.2,0,0.8518518518518519
15,8,0.2,42,0.8508508508508509
15,8,0.2,99,0.8598598598598599
15,8,0.3,0,0.8531865198531865
15,8,0.3,42,0.8385051718385051
15,8,0.3,99,0.8535201868535202
15,8,0.4,0,0.831081081081081
15,8,0.4,42,0.8258258258258259
15,8,0.4,99,0.8365865865865866
15,9,0.1,0,0.8638638638638638
15,9,0.1,42,0.8428428428428428
15,9,0.1,99,0.8568568568568569
15,9,0.2,0,0.8588588588588588
15,9,0.2,42,0.8443443443443444
15,9,0.2,99,0.8558558558558559
15,9,0.3,0,0.8451785118451786
15,9,0.3,42,0.8431765098431765
15,9,0.3,99,0.8498498498498499
15,9,0.4,0,0.8228228228228228
15,9,0.4,42,0.8245745745745746
15,9,0.4,99,0.8318318318318318
15,10,0.1,0,0.8578578578578578
15,10,0.1,42,0.8488488488488488
15,10,0.1,99,0.8498498498498499
15,10,0.2,0,0.8548548548548549
15,10,0.2,42,0.8378378378378378
15,10,0.2,99,0.8528528528528528
15,10,0.3,0,0.8391725058391725
15,10,0.3,42,0.8314981648314982
15,10,0.3,99,0.8418418418418419
15,10,0.4,0,0.816066066066066
15,10,0.4,42,0.8133133133133134
15,10,0.4,99,0.8245745745745746
15,11,0.1,0,0.8548548548548549
15,11,0.1,42,0.8348348348348348
15,11,0.1,99,0.8518518518518519
15,11,0.2,0,0.8438438438438438
15,11,0.2,42,0.8388388388388388
15,11,0.2,99,0.8493493493493494
15,11,0.3,0,0.8351685018351686
15,11,0.3,42,0.8214881548214882
15,11,0.3,99,0.8415081748415082
15,11,0.4,0,0.806056056056056
15,11,0.4,42,0.8070570570570571
15,11,0.4,99,0.8143143143143143
15,12,0.1,0,0.8448448448448449
15,12,0.1,42,0.8328328328328328
15,12,0.1,99,0.8458458458458459
15,12,0.2,0,0.8338338338338338
15,12,0.2,42,0.8258258258258259
15,12,0.2,99,0.8398398398398398
15,12,0.3,0,0.8261594928261595
15,12,0.3,42,0.8148148148148148
15,12,0.3,99,0.8284951618284951
15,12,0.4,0,0.8040540540540541
15,12,0.4,42,0.8045545545545546
15,12,0.4,99,0.8065565565565566
15,13,0.1,0,0.8438438438438438
15,13,0.1,42,0.8288288288288288
15,13,0.1,99,0.8428428428428428
15,13,0.2,0,0.8323323323323323
15,13,0.2,42,0.8238238238238238
15,13,0.2,99,0.8358358358358359
15,13,0.3,0,0.8254921588254922
15,13,0.3,42,0.8161494828161495
15,13,0.3,99,0.8281614948281615
15,13,0.4,0,0.7995495495495496
15,13,0.4,42,0.7985485485485485
15,13,0.4,99,0.8005505505505506
15,14,0.1,0,0.8408408408408409
15,14,0.1,42,0.8278278278278278
15,14,0.1,99,0.8378378378378378
15,14,0.2,0,0.8278278278278278
15,14,0.2,42,0.8113113113113113
15,14,0.2,99,0.8293293293293293
15,14,0.3,0,0.8191524858191525
15,14,0.3,42,0.8088088088088088
15,14,0.3,99,0.8198198198198198
15,14,0.4,0,0.795045045045045
15,14,0.4,42,0.7957957957957958
15,14,0.4,99,0.7970470470470471
15,15,0.1,0,0.8368368368368369
15,15,0.1,42,0.8108108108108109
15,15,0.1,99,0.8308308308308309
15,15,0.2,0,0.8203203203203203
15,15,0.2,42,0.8118118118118118
15,15,0.2,99,0.8203203203203203
15,15,0.3,0,0.8128128128128128
15,15,0.3,42,0.8074741408074741
15,15,0.3,99,0.8158158158158159
15,15,0.4,0,0.7912912912912913
15,15,0.4,42,0.7922922922922923
15,15,0.4,99,0.7947947947947948
15,16,0.1,0,0.8298298298298298
15,16,0.1,42,0.8148148148148148
15,16,0.1,99,0.8298298298298298
15,16,0.2,0,0.8113113113113113
15,16,0.2,42,0.8048048048048048
15,16,0.2,99,0.8173173173173173
15,16,0.3,0,0.8081414748081415
15,16,0.3,42,0.8004671338004671
15,16,0.3,99,0.8101434768101434
15,16,0.4,0,0.7870370370370371
15,16,0.4,42,0.7857857857857858
15,16,0.4,99,0.7880380380380381
15,17,0.1,0,0.8238238238238238
15,17,0.1,42,0.8128128128128128
15,17,0.1,99,0.8238238238238238
15,17,0.2,0,0.8063063063063063
15,17,0.2,42,0.8053053053053053
15,17,0.2,99,0.8148148148148148
15,17,0.3,0,0.8044711378044711
15,17,0.3,42,0.8014681348014682
15,17,0.3,99,0.8051384718051384
15,17,0.4,0,0.7812812812812813
15,17,0.4,42,0.7815315315315315
15,17,0.4,99,0.7792792792792793
15,18,0.1,0,0.8198198198198198
15,18,0.1,42,0.8018018018018018
15,18,0.1,99,0.8228228228228228
15,18,0.2,0,0.8023023023023023
15,18,0.2,42,0.8003003003003003
15,18,0.2,99,0.8113113113113113
15,18,0.3,0,0.8028028028028028
15,18,0.3,42,0.7931264597931265
15,18,0.3,99,0.8024691358024691
15,18,0.4,0,0.7765265265265265
15,18,0.4,42,0.7775275275275275
15,18,0.4,99,0.7775275275275275
15,19,0.1,0,0.8158158158158159
15,19,0.1,42,0.8028028028028028
15,19,0.1,99,0.8228228228228228
15,19,0.2,0,0.7977977977977978
15,19,0.2,42,0.8013013013013013
15,19,0.2,99,0.8068068068068068
15,19,0.3,0,0.7941274607941274
15,19,0.3,42,0.7871204537871205
15,19,0.3,99,0.7951284617951284
15,19,0.4,0,0.7732732732732732
15,19,0.4,42,0.7732732732732732
15,19,0.4,99,0.771021021021021
15,20,0.1,0,0.8118118118118118
15,20,0.1,42,0.8018018018018018
15,20,0.1,99,0.8178178178178178
15,20,0.2,0,0.7962962962962963
15,20,0.2,42,0.7982982982982983
15,20,0.2,99,0.8013013013013013
15,20,0.3,0,0.7887887887887888
15,20,0.3,42,0.7857857857857858
15,20,0.3,99,0.7894561227894561
15,20,0.4,0,0.7692692692692693
15,20,0.4,42,0.7715215215215215
15,20,0.4,99,0.7717717717717718
15,21,0.1,0,0.8078078078078078
15,21,0.1,42,0.7937937937937938
15,21,0.1,99,0.8188188188188188
15,21,0.2,0,0.7947947947947948
15,21,0.2,42,0.7947947947947948
15,21,0.2,99,0.8008008008008008
15,21,0.3,0,0.7901234567901234
15,21,0.3,42,0.7837837837837838
15,21,0.3,99,0.7891224557891224
15,21,0.4,0,0.7692692692692693
15,21,0.4,42,0.77002002002002
15,21,0.4,99,0.7682682682682682
15,22,0.1,0,0.8078078078078078
15,22,0.1,42,0.7927927927927928
15,22,0.1,99,0.8138138138138138
15,22,0.2,0,0.7907907907907908
15,22,0.2,42,0.7927927927927928
15,22,0.2,99,0.7962962962962963
15,22,0.3,0,0.7821154487821155
15,22,0.3,42,0.7767767767767768
15,22,0.3,99,0.7827827827827828
15,22,0.4,0,0.7642642642642643
15,22,0.4,42,0.7622622622622622
15,22,0.4,99,0.769019019019019
15,23,0.1,0,0.8048048048048048
15,23,0.1,42,0.7897897897897898
15,23,0.1,99,0.8098098098098098
15,23,0.2,0,0.7857857857857858
15,23,0.2,42,0.7887887887887888
15,23,0.2,99,0.7912912912912913
15,23,0.3,0,0.7801134467801134
15,23,0.3,42,0.7691024357691024
15,23,0.3,99,0.7824491157824491
15,23,0.4,0,0.7662662662662663
15,23,0.4,42,0.7575075075075075
15,23,0.4,99,0.7652652652652653
15,24,0.1,0,0.7987987987987988
15,24,0.1,42,0.7907907907907908
15,24,0.1,99,0.8058058058058059
15,24,0.2,0,0.7792792792792793
15,24,0.2,42,0.7832832832832833
15,24,0.2,99,0.7882882882882883
15,24,0.3,0,0.7761094427761095
15,24,0.3,42,0.7674341007674341
15,24,0.3,99,0.7794461127794461
15,24,0.4,0,0.761011011011011
15,24,0.4,42,0.7575075075075075
15,24,0.4,99,0.7645145145145145
15,25,0.1,0,0.7947947947947948
15,25,0.1,42,0.7857857857857858
15,25,0.1,99,0.7957957957957958
15,25,0.2,0,0.7752752752752753
15,25,0.2,42,0.7767767767767768
15,25,0.2,99,0.7822822822822822
15,25,0.3,0,0.7721054387721055
15,25,0.3,42,0.7647647647647647
15,25,0.3,99,0.7781114447781114
15,25,0.4,0,0.7605105105105106
15,25,0.4,42,0.7532532532532532
15,25,0.4,99,0.764014014014014
15,26,0.1,0,0.7977977977977978
15,26,0.1,42,0.7827827827827828
15,26,0.1,99,0.7937937937937938
15,26,0.2,0,0.7707707707707707
15,26,0.2,42,0.7752752752752753
15,26,0.2,99,0.7812812812812813
15,26,0.3,0,0.7667667667667668
15,26,0.3,42,0.7597597597597597
15,26,0.3,99,0.7757757757757757
15,26,0.4,0,0.7565065065065065
15,26,0.4,42,0.751001001001001
15,26,0.4,99,0.761011011011011
15,27,0.1,0,0.7867867867867868
15,27,0.1,42,0.7697697697697697
15,27,0.1,99,0.7927927927927928
15,27,0.2,0,0.7722722722722722
15,27,0.2,42,0.7687687687687688
15,27,0.2,99,0.7797797797797797
15,27,0.3,0,0.7681014347681014
15,27,0.3,42,0.7520854187520855
15,27,0.3,99,0.7744411077744411
15,27,0.4,0,0.757007007007007
15,27,0.4,42,0.7482482482482482
15,27,0.4,99,0.7565065065065065
15,28,0.1,0,0.7977977977977978
15,28,0.1,42,0.7687687687687688
15,28,0.1,99,0.7937937937937938
15,28,0.2,0,0.7677677677677678
15,28,0.2,42,0.7632632632632632
15,28,0.2,99,0.7772772772772772
15,28,0.3,0,0.7650984317650984
15,28,0.3,42,0.7514180847514181
15,28,0.3,99,0.7757757757757757
15,28,0.4,0,0.7517517517517518
15,28,0.4,42,0.7444944944944945
15,28,0.4,99,0.757007007007007
15,29,0.1,0,0.7907907907907908
15,29,0.1,42,0.7707707707707707
15,29,0.1,99,0.7857857857857858
15,29,0.2,0,0.7627627627627628
15,29,0.2,42,0.7602602602602603
15,29,0.2,99,0.7742742742742743
15,29,0.3,0,0.7614280947614281
15,29,0.3,42,0.7470804137470805
15,29,0.3,99,0.7721054387721055
15,29,0.4,0,0.7474974974974975
15,29,0.4,42,0.7427427427427428
15,29,0.4,99,0.7542542542542543
15,30,0.1,0,0.7837837837837838
15,30,0.1,42,0.7647647647647647
15,30,0.1,99,0.7847847847847848
15,30,0.2,0,0.7587587587587588
15,30,0.2,42,0.7537537537537538
15,30,0.2,99,0.7737737737737738
15,30,0.3,0,0.7610944277610945
15,30,0.3,42,0.7430764097430764
15,30,0.3,99,0.7684351017684351
15,30,0.4,0,0.7467467467467468
15,30,0.4,42,0.7424924924924925
15,30,0.4,99,0.7517517517517518
16,1,0.1,0,0.9259259259259259
16,1,0.1,42,0.9009009009009009
16,1,0.1,99,0.8968968968968969
16,1,0.2,0,0.913913913913914
16,1,0.2,42,0.8973973973973974
16,1,0.2,99,0.9039039039039038
16,1,0.3,0,0.9015682349015682
16,1,0.3,42,0.8925592258925592
16,1,0.3,99,0.8912245578912246
16,1,0.4,0,0.8901401401401401
16,1,0.4,42,0.8836336336336337
16,1,0.4,99,0.8856356356356356
16,2,0.1,0,0.8998998998998999
16,2,0.1,42,0.8718718718718719
16,2,0.1,99,0.8828828828828829
16,2,0.2,0,0.8843843843843844
16,2,0.2,42,0.8693693693693694
16,2,0.2,99,0.8923923923923924
16,2,0.3,0,0.8765432098765432
16,2,0.3,42,0.8618618618618619
16,2,0.3,99,0.8755422088755422
16,2,0.4,0,0.8573573573573574
16,2,0.4,42,0.8533533533533534
16,2,0.4,99,0.8641141141141141
16,3,0.1,0,0.9029029029029029
16,3,0.1,42,0.8798798798798799
16,3,0.1,99,0.8898898898898899
16,3,0.2,0,0.8978978978978979
16,3,0.2,42,0.8793793793793794
16,3,0.2,99,0.8943943943943944
16,3,0.3,0,0.8892225558892226
16,3,0.3,42,0.8745412078745413
16,3,0.3,99,0.8758758758758759
16,3,0.4,0,0.8701201201201201
16,3,0.4,42,0.8643643643643644
16,3,0.4,99,0.8656156156156156
16,4,0.1,0,0.8948948948948949
16,4,0.1,42,0.8748748748748749
16,4,0.1,99,0.8778778778778779
16,4,0.2,0,0.8883883883883884
16,4,0.2,42,0.8683683683683684
16,4,0.2,99,0.8873873873873874
16,4,0.3,0,0.8798798798798799
16,4,0.3,42,0.8631965298631965
16,4,0.3,99,0.8735402068735402
16,4,0.4,0,0.8623623623623624
16,4,0.4,42,0.8538538538538538
16,4,0.4,99,0.8623623623623624
16,5,0.1,0,0.8898898898898899
16,5,0.1,42,0.8678678678678678
16,5,0.1,99,0.8708708708708709
16,5,0.2,0,0.8788788788788788
16,5,0.2,42,0.8688688688688688
16,5,0.2,99,0.8768768768768769
16,5,0.3,0,0.8708708708708709
16,5,0.3,42,0.8615281948615282
16,5,0.3,99,0.8645311978645311
16,5,0.4,0,0.8563563563563563
16,5,0.4,42,0.8501001001001001
16,5,0.4,99,0.8558558558558559
16,6,0.1,0,0.8748748748748749
16,6,0.1,42,0.8668668668668669
16,6,0.1,99,0.8668668668668669
16,6,0.2,0,0.8738738738738738
16,6,0.2,42,0.8613613613613613
16,6,0.2,99,0.8708708708708709
16,6,0.3,0,0.8728728728728729
16,6,0.3,42,0.8588588588588588
16,6,0.3,99,0.8605271938605272
16,6,0.4,0,0.8485985985985987
16,6,0.4,42,0.8483483483483484
16,6,0.4,99,0.8498498498498499
16,7,0.1,0,0.8798798798798799
16,7,0.1,42,0.8568568568568569
16,7,0.1,99,0.8568568568568569
16,7,0.2,0,0.8718718718718719
16,7,0.2,42,0.8598598598598599
16,7,0.2,99,0.8648648648648649
16,7,0.3,0,0.8658658658658659
16,7,0.3,42,0.8488488488488488
16,7,0.3,99,0.8611945278611945
16,7,0.4,0,0.8440940940940941
16,7,0.4,42,0.8400900900900901
16,7,0.4,99,0.8478478478478478
16,8,0.1,0,0.8748748748748749
16,8,0.1,42,0.8468468468468469
16,8,0.1,99,0.8548548548548549
16,8,0.2,0,0.8618618618618619
16,8,0.2,42,0.8558558558558559
16,8,0.2,99,0.8628628628628628
16,8,0.3,0,0.8578578578578578
16,8,0.3,42,0.8441775108441775
16,8,0.3,99,0.8551885218551886
16,8,0.4,0,0.8345845845845846
16,8,0.4,42,0.83008008008008
16,8,0.4,99,0.8398398398398398
16,9,0.1,0,0.8638638638638638
16,9,0.1,42,0.8368368368368369
16,9,0.1,99,0.8538538538538538
16,9,0.2,0,0.8583583583583584
16,9,0.2,42,0.8488488488488488
16,9,0.2,99,0.8588588588588588
16,9,0.3,0,0.8538538538538538
16,9,0.3,42,0.8448448448448449
16,9,0.3,99,0.8528528528528528
16,9,0.4,0,0.8280780780780781
16,9,0.4,42,0.8270770770770771
16,9,0.4,99,0.8395895895895896
16,10,0.1,0,0.8648648648648649
16,10,0.1,42,0.8368368368368369
16,10,0.1,99,0.8488488488488488
16,10,0.2,0,0.8558558558558559
16,10,0.2,42,0.8443443443443444
16,10,0.2,99,0.8523523523523524
16,10,0.3,0,0.8438438438438438
16,10,0.3,42,0.8358358358358359
16,10,0.3,99,0.8425091758425092
16,10,0.4,0,0.8213213213213213
16,10,0.4,42,0.8213213213213213
16,10,0.4,99,0.8278278278278278
16,11,0.1,0,0.8568568568568569
16,11,0.1,42,0.8308308308308309
16,11,0.1,99,0.8448448448448449
16,11,0.2,0,0.8483483483483484
16,11,0.2,42,0.8383383383383384
16,11,0.2,99,0.8493493493493494
16,11,0.3,0,0.8401735068401736
16,11,0.3,42,0.8324991658324992
16,11,0.3,99,0.8435101768435102
16,11,0.4,0,0.8128128128128128
16,11,0.4,42,0.8173173173173173
16,11,0.4,99,0.8198198198198198
16,12,0.1,0,0.8578578578578578
16,12,0.1,42,0.8308308308308309
16,12,0.1,99,0.8368368368368369
16,12,0.2,0,0.8348348348348348
16,12,0.2,42,0.8313313313313313
16,12,0.2,99,0.8433433433433434
16,12,0.3,0,0.8335001668335001
16,12,0.3,42,0.8261594928261595
16,12,0.3,99,0.8348348348348348
16,12,0.4,0,0.8055555555555556
16,12,0.4,42,0.8093093093093093
16,12,0.4,99,0.8138138138138138
16,13,0.1,0,0.8508508508508509
16,13,0.1,42,0.8308308308308309
16,13,0.1,99,0.8418418418418419
16,13,0.2,0,0.8398398398398398
16,13,0.2,42,0.8288288288288288
16,13,0.2,99,0.8378378378378378
16,13,0.3,0,0.8268268268268268
16,13,0.3,42,0.8211544878211545
16,13,0.3,99,0.8228228228228228
16,13,0.4,0,0.8045545545545546
16,13,0.4,42,0.8040540540540541
16,13,0.4,99,0.8105605605605606
16,14,0.1,0,0.8478478478478478
16,14,0.1,42,0.8208208208208209
16,14,0.1,99,0.8398398398398398
16,14,0.2,0,0.8328328328328328
16,14,0.2,42,0.8208208208208209
16,14,0.2,99,0.8273273273273273
16,14,0.3,0,0.8158158158158159
16,14,0.3,42,0.8164831498164832
16,14,0.3,99,0.8238238238238238
16,14,0.4,0,0.7977977977977978
16,14,0.4,42,0.7972972972972973
16,14,0.4,99,0.7992992992992993
16,15,0.1,0,0.8368368368368369
16,15,0.1,42,0.8208208208208209
16,15,0.1,99,0.8318318318318318
16,15,0.2,0,0.8238238238238238
16,15,0.2,42,0.8183183183183184
16,15,0.2,99,0.8248248248248248
16,15,0.3,0,0.8118118118118118
16,15,0.3,42,0.8098098098098098
16,15,0.3,99,0.8211544878211545
16,15,0.4,0,0.7922922922922923
16,15,0.4,42,0.7925425425425425
16,15,0.4,99,0.7935435435435435
16,16,0.1,0,0.8338338338338338
16,16,0.1,42,0.8208208208208209
16,16,0.1,99,0.8298298298298298
16,16,0.2,0,0.8188188188188188
16,16,0.2,42,0.8133133133133134
16,16,0.2,99,0.8238238238238238
16,16,0.3,0,0.8084751418084751
16,16,0.3,42,0.8048048048048048
16,16,0.3,99,0.8171504838171505
16,16,0.4,0,0.79004004004004
16,16,0.4,42,0.7895395395395396
16,16,0.4,99,0.7895395395395396
16,17,0.1,0,0.8298298298298298
16,17,0.1,42,0.8148148148148148
16,17,0.1,99,0.8238238238238238
16,17,0.2,0,0.8168168168168168
16,17,0.2,42,0.8058058058058059
16,17,0.2,99,0.8163163163163163
16,17,0.3,0,0.8104771438104772
16,17,0.3,42,0.8001334668001334
16,17,0.3,99,0.8118118118118118
16,17,0.4,0,0.7847847847847848
16,17,0.4,42,0.7845345345345346
16,17,0.4,99,0.7835335335335335
16,18,0.1,0,0.8258258258258259
16,18,0.1,42,0.8108108108108109
16,18,0.1,99,0.8238238238238238
16,18,0.2,0,0.8083083083083084
16,18,0.2,42,0.7982982982982983
16,18,0.2,99,0.8188188188188188
16,18,0.3,0,0.8031364698031365
16,18,0.3,42,0.7894561227894561
16,18,0.3,99,0.8068068068068068
16,18,0.4,0,0.7787787787787788
16,18,0.4,42,0.7785285285285285
16,18,0.4,99,0.776026026026026
16,19,0.1,0,0.8258258258258259
16,19,0.1,42,0.8008008008008008
16,19,0.1,99,0.8248248248248248
16,19,0.2,0,0.8038038038038038
16,19,0.2,42,0.7952952952952953
16,19,0.2,99,0.8138138138138138
16,19,0.3,0,0.7977977977977978
16,19,0.3,42,0.7897897897897898
16,19,0.3,99,0.7971304637971305
16,19,0.4,0,0.7765265265265265
16,19,0.4,42,0.7782782782782782
16,19,0.4,99,0.7765265265265265
16,20,0.1,0,0.8168168168168168
16,20,0.1,42,0.7957957957957958
16,20,0.1,99,0.8168168168168168
16,20,0.2,0,0.7987987987987988
16,20,0.2,42,0.7942942942942943
16,20,0.2,99,0.8053053053053053
16,20,0.3,0,0.7904571237904571
16,20,0.3,42,0.7884551217884551
16,20,0.3,99,0.7911244577911245
16,20,0.4,0,0.7722722722722722
16,20,0.4,42,0.7685185185185185
16,20,0.4,99,0.7697697697697697
16,21,0.1,0,0.8108108108108109
16,21,0.1,42,0.8028028028028028
16,21,0.1,99,0.8168168168168168
16,21,0.2,0,0.7992992992992993
16,21,0.2,42,0.7992992992992993
16,21,0.2,99,0.8008008008008008
16,21,0.3,0,0.7911244577911245
16,21,0.3,42,0.7831164497831165
16,21,0.3,99,0.7921254587921255
16,21,0.4,0,0.772022022022022
16,21,0.4,42,0.7655155155155156
16,21,0.4,99,0.769019019019019
16,22,0.1,0,0.8068068068068068
16,22,0.1,42,0.7987987987987988
16,22,0.1,99,0.8108108108108109
16,22,0.2,0,0.7917917917917918
16,22,0.2,42,0.7962962962962963
16,22,0.2,99,0.7997997997997998
16,22,0.3,0,0.7867867867867868
16,22,0.3,42,0.7711044377711045
16,22,0.3,99,0.7841174507841174
16,22,0.4,0,0.7697697697697697
16,22,0.4,42,0.7632632632632632
16,22,0.4,99,0.77002002002002
16,23,0.1,0,0.8028028028028028
16,23,0.1,42,0.7987987987987988
16,23,0.1,99,0.8018018018018018
16,23,0.2,0,0.7877877877877878
16,23,0.2,42,0.7882882882882883
16,23,0.2,99,0.7942942942942943
16,23,0.3,0,0.7841174507841174
16,23,0.3,42,0.7681014347681014
16,23,0.3,99,0.7824491157824491
16,23,0.4,0,0.7675175175175175
16,23,0.4,42,0.7615115115115115
16,23,0.4,99,0.7685185185185185
16,24,0.1,0,0.8028028028028028
16,24,0.1,42,0.7937937937937938
16,24,0.1,99,0.7947947947947948
16,24,0.2,0,0.7837837837837838
16,24,0.2,42,0.7847847847847848
16,24,0.2,99,0.7927927927927928
16,24,0.3,0,0.7804471137804471
16,24,0.3,42,0.7671004337671005
16,24,0.3,99,0.7804471137804471
16,24,0.4,0,0.7632632632632632
16,24,0.4,42,0.7595095095095095
16,24,0.4,99,0.7627627627627628
16,25,0.1,0,0.7977977977977978
16,25,0.1,42,0.7877877877877878
16,25,0.1,99,0.7947947947947948
16,25,0.2,0,0.7767767767767768
16,25,0.2,42,0.7802802802802803
16,25,0.2,99,0.7862862862862863
16,25,0.3,0,0.7744411077744411
16,25,0.3,42,0.7637637637637638
16,25,0.3,99,0.7777777777777778
16,25,0.4,0,0.7602602602602603
16,25,0.4,42,0.7567567567567568
16,25,0.4,99,0.7625125125125125
16,26,0.1,0,0.7997997997997998
16,26,0.1,42,0.7867867867867868
16,26,0.1,99,0.7927927927927928
16,26,0.2,0,0.7767767767767768
16,26,0.2,42,0.7717717717717718
16,26,0.2,99,0.7857857857857858
16,26,0.3,0,0.7757757757757757
16,26,0.3,42,0.7587587587587588
16,26,0.3,99,0.7751084417751084
16,26,0.4,0,0.7577577577577578
16,26,0.4,42,0.7552552552552553
16,26,0.4,99,0.7597597597597597
16,27,0.1,0,0.7997997997997998
16,27,0.1,42,0.7897897897897898
16,27,0.1,99,0.7877877877877878
16,27,0.2,0,0.7762762762762763
16,27,0.2,42,0.7727727727727728
16,27,0.2,99,0.7837837837837838
16,27,0.3,0,0.7714381047714381
16,27,0.3,42,0.760427093760427
16,27,0.3,99,0.7734401067734401
16,27,0.4,0,0.7552552552552553
16,27,0.4,42,0.7525025025025025
16,27,0.4,99,0.7565065065065065
16,28,0.1,0,0.7977977977977978
16,28,0.1,42,0.7827827827827828
16,28,0.1,99,0.7827827827827828
16,28,0.2,0,0.7727727727727728
16,28,0.2,42,0.7722722722722722
16,28,0.2,99,0.7827827827827828
16,28,0.3,0,0.7674341007674341
16,28,0.3,42,0.7617617617617618
16,28,0.3,99,0.7724391057724391
16,28,0.4,0,0.7555055055055055
16,28,0.4,42,0.7494994994994995
16,28,0.4,99,0.7547547547547547
16,29,0.1,0,0.7957957957957958
16,29,0.1,42,0.7817817817817818
16,29,0.1,99,0.7857857857857858
16,29,0.2,0,0.7687687687687688
16,29,0.2,42,0.7687687687687688
16,29,0.2,99,0.7762762762762763
16,29,0.3,0,0.7674341007674341
16,29,0.3,42,0.7557557557557557
16,29,0.3,99,0.7704371037704371
16,29,0.4,0,0.752002002002002
16,29,0.4,42,0.7477477477477478
16,29,0.4,99,0.7545045045045045
16,30,0.1,0,0.7887887887887888
16,30,0.1,42,0.7717717717717718
16,30,0.1,99,0.7837837837837838
16,30,0.2,0,0.7642642642642643
16,30,0.2,42,0.7637637637637638
16,30,0.2,99,0.7752752752752753
16,30,0.3,0,0.7620954287620955
16,30,0.3,42,0.7540874207540874
16,30,0.3,99,0.7694361027694361
16,30,0.4,0,0.7484984984984985
16,30,0.4,42,0.7434934934934935
16,30,0.4,99,0.7515015015015015
17,1,0.1,0,0.923923923923924
17,1,0.1,42,0.8958958958958959
17,1,0.1,99,0.9069069069069069
17,1,0.2,0,0.9134134134134134
17,1,0.2,42,0.8968968968968969
17,1,0.2,99,0.9054054054054054
17,1,0.3,0,0.9012345679012346
17,1,0.3,42,0.8952285618952286
17,1,0.3,99,0.8955622288955623
17,1,0.4,0,0.8891391391391391
17,1,0.4,42,0.8846346346346347
17,1,0.4,99,0.8863863863863863
17,2,0.1,0,0.8998998998998999
17,2,0.1,42,0.8668668668668669
17,2,0.1,99,0.8818818818818819
17,2,0.2,0,0.8868868868868869
17,2,0.2,42,0.8668668668668669
17,2,0.2,99,0.8913913913913913
17,2,0.3,0,0.8742075408742075
17,2,0.3,42,0.8631965298631965
17,2,0.3,99,0.8732065398732065
17,2,0.4,0,0.8588588588588588
17,2,0.4,42,0.8538538538538538
17,2,0.4,99,0.8636136136136137
17,3,0.1,0,0.9049049049049049
17,3,0.1,42,0.8718718718718719
17,3,0.1,99,0.8858858858858859
17,3,0.2,0,0.8958958958958959
17,3,0.2,42,0.8763763763763763
17,3,0.2,99,0.8888888888888888
17,3,0.3,0,0.8882215548882215
17,3,0.3,42,0.8742075408742075
17,3,0.3,99,0.8792125458792125
17,3,0.4,0,0.8751251251251251
17,3,0.4,42,0.8631131131131131
17,3,0.4,99,0.8683683683683684
17,4,0.1,0,0.9049049049049049
17,4,0.1,42,0.8758758758758759
17,4,0.1,99,0.8858858858858859
17,4,0.2,0,0.8923923923923924
17,4,0.2,42,0.8728728728728729
17,4,0.2,99,0.8848848848848849
17,4,0.3,0,0.8818818818818819
17,4,0.3,42,0.8695362028695363
17,4,0.3,99,0.8705372038705372
17,4,0.4,0,0.8631131131131131
17,4,0.4,42,0.8593593593593594
17,4,0.4,99,0.8628628628628628
17,5,0.1,0,0.8968968968968969
17,5,0.1,42,0.8638638638638638
17,5,0.1,99,0.8778778778778779
17,5,0.2,0,0.8823823823823824
17,5,0.2,42,0.8708708708708709
17,5,0.2,99,0.8788788788788788
17,5,0.3,0,0.8748748748748749
17,5,0.3,42,0.8688688688688688
17,5,0.3,99,0.8712045378712046
17,5,0.4,0,0.8581081081081081
17,5,0.4,42,0.8576076076076076
17,5,0.4,99,0.8613613613613613
17,6,0.1,0,0.8828828828828829
17,6,0.1,42,0.8648648648648649
17,6,0.1,99,0.8688688688688688
17,6,0.2,0,0.8783783783783784
17,6,0.2,42,0.8638638638638638
17,6,0.2,99,0.8693693693693694
17,6,0.3,0,0.8665331998665332
17,6,0.3,42,0.8635301968635302
17,6,0.3,99,0.8595261928595261
17,6,0.4,0,0.8470970970970971
17,6,0.4,42,0.8511011011011012
17,6,0.4,99,0.8553553553553553
17,7,0.1,0,0.8818818818818819
17,7,0.1,42,0.8518518518518519
17,7,0.1,99,0.8608608608608609
17,7,0.2,0,0.8783783783783784
17,7,0.2,42,0.8608608608608609
17,7,0.2,99,0.8658658658658659
17,7,0.3,0,0.8678678678678678
17,7,0.3,42,0.8551885218551886
17,7,0.3,99,0.8638638638638638
17,7,0.4,0,0.8453453453453453
17,7,0.4,42,0.8433433433433434
17,7,0.4,99,0.8498498498498499
17,8,0.1,0,0.8758758758758759
17,8,0.1,42,0.8428428428428428
17,8,0.1,99,0.8558558558558559
17,8,0.2,0,0.8648648648648649
17,8,0.2,42,0.8533533533533534
17,8,0.2,99,0.8578578578578578
17,8,0.3,0,0.8558558558558559
17,8,0.3,42,0.8511845178511845
17,8,0.3,99,0.8555221888555222
17,8,0.4,0,0.8323323323323323
17,8,0.4,42,0.8385885885885885
17,8,0.4,99,0.8443443443443444
17,9,0.1,0,0.8728728728728729
17,9,0.1,42,0.8378378378378378
17,9,0.1,99,0.8578578578578578
17,9,0.2,0,0.8668668668668669
17,9,0.2,42,0.8513513513513513
17,9,0.2,99,0.8613613613613613
17,9,0.3,0,0.8568568568568569
17,9,0.3,42,0.8521855188521855
17,9,0.3,99,0.8561895228561895
17,9,0.4,0,0.8328328328328328
17,9,0.4,42,0.831081081081081
17,9,0.4,99,0.8365865865865866
17,10,0.1,0,0.8638638638638638
17,10,0.1,42,0.8358358358358359
17,10,0.1,99,0.8478478478478478
17,10,0.2,0,0.8548548548548549
17,10,0.2,42,0.8458458458458459
17,10,0.2,99,0.8503503503503503
17,10,0.3,0,0.8461795128461795
17,10,0.3,42,0.8458458458458459
17,10,0.3,99,0.8465131798465132
17,10,0.4,0,0.8268268268268268
17,10,0.4,42,0.8255755755755756
17,10,0.4,99,0.8268268268268268
17,11,0.1,0,0.8588588588588588
17,11,0.1,42,0.8318318318318318
17,11,0.1,99,0.8478478478478478
17,11,0.2,0,0.8543543543543544
17,11,0.2,42,0.8418418418418419
17,11,0.2,99,0.8453453453453453
17,11,0.3,0,0.8408408408408409
17,11,0.3,42,0.8381715048381715
17,11,0.3,99,0.8435101768435102
17,11,0.4,0,0.8180680680680681
17,11,0.4,42,0.8163163163163163
17,11,0.4,99,0.8245745745745746
17,12,0.1,0,0.8558558558558559
17,12,0.1,42,0.8248248248248248
17,12,0.1,99,0.8408408408408409
17,12,0.2,0,0.8453453453453453
17,12,0.2,42,0.8358358358358359
17,12,0.2,99,0.8383383383383384
17,12,0.3,0,0.8345011678345011
17,12,0.3,42,0.8304971638304972
17,12,0.3,99,0.8321654988321655
17,12,0.4,0,0.8130630630630631
17,12,0.4,42,0.8113113113113113
17,12,0.4,99,0.8115615615615616
17,13,0.1,0,0.8518518518518519
17,13,0.1,42,0.8218218218218218
17,13,0.1,99,0.8368368368368369
17,13,0.2,0,0.8443443443443444
17,13,0.2,42,0.8238238238238238
17,13,0.2,99,0.8343343343343343
17,13,0.3,0,0.8284951618284951
17,13,0.3,42,0.8264931598264932
17,13,0.3,99,0.8331664998331665
17,13,0.4,0,0.8098098098098098
17,13,0.4,42,0.8080580580580581
17,13,0.4,99,0.8098098098098098
17,14,0.1,0,0.8448448448448449
17,14,0.1,42,0.8208208208208209
17,14,0.1,99,0.8328328328328328
17,14,0.2,0,0.8308308308308309
17,14,0.2,42,0.8218218218218218
17,14,0.2,99,0.8293293293293293
17,14,0.3,0,0.8221554888221555
17,14,0.3,42,0.8204871538204872
17,14,0.3,99,0.8244911578244911
17,14,0.4,0,0.7997997997997998
17,14,0.4,42,0.7985485485485485
17,14,0.4,99,0.80005005005005
17,15,0.1,0,0.8348348348348348
17,15,0.1,42,0.8158158158158159
17,15,0.1,99,0.8358358358358359
17,15,0.2,0,0.8223223223223223
17,15,0.2,42,0.8148148148148148
17,15,0.2,99,0.8278278278278278
17,15,0.3,0,0.8211544878211545
17,15,0.3,42,0.8124791458124792
17,15,0.3,99,0.8228228228228228
17,15,0.4,0,0.7942942942942943
17,15,0.4,42,0.7957957957957958
17,15,0.4,99,0.796046046046046
17,16,0.1,0,0.8298298298298298
17,16,0.1,42,0.8098098098098098
17,16,0.1,99,0.8298298298298298
17,16,0.2,0,0.8183183183183184
17,16,0.2,42,0.8153153153153153
17,16,0.2,99,0.8218218218218218
17,16,0.3,0,0.8168168168168168
17,16,0.3,42,0.8068068068068068
17,16,0.3,99,0.8158158158158159
17,16,0.4,0,0.7885385385385385
17,16,0.4,42,0.7930430430430431
17,16,0.4,99,0.7925425425425425
17,17,0.1,0,0.8328328328328328
17,17,0.1,42,0.8098098098098098
17,17,0.1,99,0.8268268268268268
17,17,0.2,0,0.8163163163163163
17,17,0.2,42,0.8123123123123123
17,17,0.2,99,0.8163163163163163
17,17,0.3,0,0.8118118118118118
17,17,0.3,42,0.7947947947947948
17,17,0.3,99,0.8081414748081415
17,17,0.4,0,0.786036036036036
17,17,0.4,42,0.7882882882882883
17,17,0.4,99,0.789039039039039
17,18,0.1,0,0.8278278278278278
17,18,0.1,42,0.8088088088088088
17,18,0.1,99,0.8268268268268268
17,18,0.2,0,0.8138138138138138
17,18,0.2,42,0.8043043043043043
17,18,0.2,99,0.8108108108108109
17,18,0.3,0,0.8084751418084751
17,18,0.3,42,0.7914581247914582
17,18,0.3,99,0.8021354688021355
17,18,0.4,0,0.784034034034034
17,18,0.4,42,0.7825325325325325
17,18,0.4,99,0.7855355355355356
17,19,0.1,0,0.8268268268268268
17,19,0.1,42,0.8028028028028028
17,19,0.1,99,0.8228228228228228
17,19,0.2,0,0.8118118118118118
17,19,0.2,42,0.7992992992992993
17,19,0.2,99,0.8098098098098098
17,19,0.3,0,0.8048048048048048
17,19,0.3,42,0.7864531197864532
17,19,0.3,99,0.7981314647981315
17,19,0.4,0,0.7802802802802803
17,19,0.4,42,0.7822822822822822
17,19,0.4,99,0.7782782782782782
17,20,0.1,0,0.8198198198198198
17,20,0.1,42,0.8038038038038038
17,20,0.1,99,0.8238238238238238
17,20,0.2,0,0.8038038038038038
17,20,0.2,42,0.7997997997997998
17,20,0.2,99,0.8053053053053053
17,20,0.3,0,0.8038038038038038
17,20,0.3,42,0.7824491157824491
17,20,0.3,99,0.7957957957957958
17,20,0.4,0,0.7775275275275275
17,20,0.4,42,0.776026026026026
17,20,0.4,99,0.7775275275275275
17,21,0.1,0,0.8178178178178178
17,21,0.1,42,0.8038038038038038
17,21,0.1,99,0.8108108108108109
17,21,0.2,0,0.7997997997997998
17,21,0.2,42,0.7957957957957958
17,21,0.2,99,0.8053053053053053
17,21,0.3,0,0.7987987987987988
17,21,0.3,42,0.7814481147814482
17,21,0.3,99,0.7931264597931265
17,21,0.4,0,0.7762762762762763
17,21,0.4,42,0.7727727727727728
17,21,0.4,99,0.7735235235235235
17,22,0.1,0,0.8098098098098098
17,22,0.1,42,0.7987987987987988
17,22,0.1,99,0.8088088088088088
17,22,0.2,0,0.7907907907907908
17,22,0.2,42,0.7947947947947948
17,22,0.2,99,0.7992992992992993
17,22,0.3,0,0.7974641307974641
17,22,0.3,42,0.7807807807807807
17,22,0.3,99,0.7887887887887888
17,22,0.4,0,0.7692692692692693
17,22,0.4,42,0.765015015015015
17,22,0.4,99,0.774024024024024
17,23,0.1,0,0.8138138138138138
17,23,0.1,42,0.8028028028028028
17,23,0.1,99,0.8038038038038038
17,23,0.2,0,0.7912912912912913
17,23,0.2,42,0.7877877877877878
17,23,0.2,99,0.7967967967967968
17,23,0.3,0,0.7901234567901234
17,23,0.3,42,0.7761094427761095
17,23,0.3,99,0.7857857857857858
17,23,0.4,0,0.7677677677677678
17,23,0.4,42,0.764014014014014
17,23,0.4,99,0.7687687687687688
17,24,0.1,0,0.8088088088088088
17,24,0.1,42,0.7997997997997998
17,24,0.1,99,0.7977977977977978
17,24,0.2,0,0.7922922922922923
17,24,0.2,42,0.7877877877877878
17,24,0.2,99,0.7942942942942943
17,24,0.3,0,0.7891224557891224
17,24,0.3,42,0.7774441107774441
17,24,0.3,99,0.7847847847847848
17,24,0.4,0,0.7687687687687688
17,24,0.4,42,0.7595095095095095
17,24,0.4,99,0.764014014014014
17,25,0.1,0,0.8038038038038038
17,25,0.1,42,0.7937937937937938
17,25,0.1,99,0.7937937937937938
17,25,0.2,0,0.7917917917917918
17,25,0.2,42,0.7852852852852853
17,25,0.2,99,0.7937937937937938
17,25,0.3,0,0.7857857857857858
17,25,0.3,42,0.7687687687687688
17,25,0.3,99,0.7837837837837838
17,25,0.4,0,0.7672672672672672
17,25,0.4,42,0.7587587587587588
17,25,0.4,99,0.761011011011011
17,26,0.1,0,0.8008008008008008
17,26,0.1,42,0.7907907907907908
17,26,0.1,99,0.7917917917917918
17,26,0.2,0,0.7847847847847848
17,26,0.2,42,0.7812812812812813
17,26,0.2,99,0.7902902902902903
17,26,0.3,0,0.7857857857857858
17,26,0.3,42,0.7660994327660995
17,26,0.3,99,0.7791124457791124
17,26,0.4,0,0.765015015015015
17,26,0.4,42,0.7537537537537538
17,26,0.4,99,0.7552552552552553
17,27,0.1,0,0.7947947947947948
17,27,0.1,42,0.7907907907907908
17,27,0.1,99,0.7897897897897898
17,27,0.2,0,0.7777777777777778
17,27,0.2,42,0.7752752752752753
17,27,0.2,99,0.7847847847847848
17,27,0.3,0,0.7767767767767768
17,27,0.3,42,0.7630964297630964
17,27,0.3,99,0.7707707707707707
17,27,0.4,0,0.7625125125125125
17,27,0.4,42,0.7505005005005005
17,27,0.4,99,0.7562562562562563
17,28,0.1,0,0.7977977977977978
17,28,0.1,42,0.7847847847847848
17,28,0.1,99,0.7837837837837838
17,28,0.2,0,0.7787787787787788
17,28,0.2,42,0.7732732732732732
17,28,0.2,99,0.7822822822822822
17,28,0.3,0,0.7767767767767768
17,28,0.3,42,0.7634300967634301
17,28,0.3,99,0.7691024357691024
17,28,0.4,0,0.7612612612612613
17,28,0.4,42,0.7484984984984985
17,28,0.4,99,0.7492492492492493
17,29,0.1,0,0.7977977977977978
17,29,0.1,42,0.7757757757757757
17,29,0.1,99,0.7877877877877878
17,29,0.2,0,0.7712712712712713
17,29,0.2,42,0.7707707707707707
17,29,0.2,99,0.7837837837837838
17,29,0.3,0,0.7751084417751084
17,29,0.3,42,0.7590924257590924
17,29,0.3,99,0.7684351017684351
17,29,0.4,0,0.759009009009009
17,29,0.4,42,0.746996996996997
17,29,0.4,99,0.7477477477477478
17,30,0.1,0,0.7957957957957958
17,30,0.1,42,0.7727727727727728
17,30,0.1,99,0.7837837837837838
17,30,0.2,0,0.7672672672672672
17,30,0.2,42,0.7707707707707707
17,30,0.2,99,0.7817817817817818
17,30,0.3,0,0.7737737737737738
17,30,0.3,42,0.7560894227560894
17,30,0.3,99,0.7657657657657657
17,30,0.4,0,0.755005005005005
17,30,0.4,42,0.747997997997998
17,30,0.4,99,0.7464964964964965
18,1,0.1,0,0.9259259259259259
18,1,0.1,42,0.8958958958958959
18,1,0.1,99,0.9029029029029029
18,1,0.2,0,0.9159159159159159
18,1,0.2,42,0.8908908908908909
18,1,0.2,99,0.8998998998998999
18,1,0.3,0,0.9009009009009009
18,1,0.3,42,0.8925592258925592
18,1,0.3,99,0.8938938938938938
18,1,0.4,0,0.8901401401401401
18,1,0.4,42,0.8851351351351351
18,1,0.4,99,0.8856356356356356
18,2,0.1,0,0.9019019019019019
18,2,0.1,42,0.8728728728728729
18,2,0.1,99,0.8908908908908909
18,2,0.2,0,0.8918918918918919
18,2,0.2,42,0.8658658658658659
18,2,0.2,99,0.8898898898898899
18,2,0.3,0,0.8752085418752086
18,2,0.3,42,0.8638638638638638
18,2,0.3,99,0.8742075408742075
18,2,0.4,0,0.8591091091091091
18,2,0.4,42,0.8526026026026026
18,2,0.4,99,0.8626126126126126
18,3,0.1,0,0.9039039039039038
18,3,0.1,42,0.8838838838838838
18,3,0.1,99,0.8998998998998999
18,3,0.2,0,0.8948948948948949
18,3,0.2,42,0.8813813813813813
18,3,0.2,99,0.8888888888888888
18,3,0.3,0,0.8825492158825492
18,3,0.3,42,0.8798798798798799
18,3,0.3,99,0.8765432098765432
18,3,0.4,0,0.8706206206206206
18,3,0.4,42,0.8701201201201201
18,3,0.4,99,0.8678678678678678
18,4,0.1,0,0.9019019019019019
18,4,0.1,42,0.8678678678678678
18,4,0.1,99,0.8878878878878879
18,4,0.2,0,0.8868868868868869
18,4,0.2,42,0.8653653653653653
18,4,0.2,99,0.8818818818818819
18,4,0.3,0,0.8738738738738738
18,4,0.3,42,0.8728728728728729
18,4,0.3,99,0.8728728728728729
18,4,0.4,0,0.8586086086086087
18,4,0.4,42,0.8601101101101101
18,4,0.4,99,0.8636136136136137
18,5,0.1,0,0.8898898898898899
18,5,0.1,42,0.8628628628628628
18,5,0.1,99,0.8818818818818819
18,5,0.2,0,0.8763763763763763
18,5,0.2,42,0.8713713713713713
18,5,0.2,99,0.8778778778778779
18,5,0.3,0,0.8685352018685352
18,5,0.3,42,0.8675342008675342
18,5,0.3,99,0.8718718718718719
18,5,0.4,0,0.8566066066066066
18,5,0.4,42,0.8558558558558559
18,5,0.4,99,0.8633633633633634
18,6,0.1,0,0.8818818818818819
18,6,0.1,42,0.8678678678678678
18,6,0.1,99,0.8698698698698699
18,6,0.2,0,0.8788788788788788
18,6,0.2,42,0.8623623623623624
18,6,0.2,99,0.8638638638638638
18,6,0.3,0,0.8672005338672005
18,6,0.3,42,0.8598598598598599
18,6,0.3,99,0.8635301968635302
18,6,0.4,0,0.8455955955955956
18,6,0.4,42,0.8548548548548549
18,6,0.4,99,0.8551051051051051
18,7,0.1,0,0.8748748748748749
18,7,0.1,42,0.8588588588588588
18,7,0.1,99,0.8688688688688688
18,7,0.2,0,0.8728728728728729
18,7,0.2,42,0.8598598598598599
18,7,0.2,99,0.8693693693693694
18,7,0.3,0,0.8641975308641975
18,7,0.3,42,0.8555221888555222
18,7,0.3,99,0.8651985318651986
18,7,0.4,0,0.8460960960960962
18,7,0.4,42,0.8488488488488488
18,7,0.4,99,0.8523523523523524
18,8,0.1,0,0.8798798798798799
18,8,0.1,42,0.8498498498498499
18,8,0.1,99,0.8598598598598599
18,8,0.2,0,0.8713713713713713
18,8,0.2,42,0.8548548548548549
18,8,0.2,99,0.8588588588588588
18,8,0.3,0,0.8578578578578578
18,8,0.3,42,0.8521855188521855
18,8,0.3,99,0.8581915248581915
18,8,0.4,0,0.8365865865865866
18,8,0.4,42,0.8405905905905906
18,8,0.4,99,0.8400900900900901
18,9,0.1,0,0.8798798798798799
18,9,0.1,42,0.8388388388388388
18,9,0.1,99,0.8598598598598599
18,9,0.2,0,0.8658658658658659
18,9,0.2,42,0.8523523523523524
18,9,0.2,99,0.8648648648648649
18,9,0.3,0,0.8568568568568569
18,9,0.3,42,0.8521855188521855
18,9,0.3,99,0.8521855188521855
18,9,0.4,0,0.835085085085085
18,9,0.4,42,0.8340840840840841
18,9,0.4,99,0.8398398398398398
18,10,0.1,0,0.8678678678678678
18,10,0.1,42,0.8448448448448449
18,10,0.1,99,0.8568568568568569
18,10,0.2,0,0.8613613613613613
18,10,0.2,42,0.8468468468468469
18,10,0.2,99,0.8518518518518519
18,10,0.3,0,0.8455121788455122
18,10,0.3,42,0.8431765098431765
18,10,0.3,99,0.8435101768435102
18,10,0.4,0,0.8240740740740741
18,10,0.4,42,0.8290790790790791
18,10,0.4,99,0.8263263263263263
18,11,0.1,0,0.8688688688688688
18,11,0.1,42,0.8438438438438438
18,11,0.1,99,0.8548548548548549
18,11,0.2,0,0.8603603603603603
18,11,0.2,42,0.8428428428428428
18,11,0.2,99,0.8503503503503503
18,11,0.3,0,0.8425091758425092
18,11,0.3,42,0.8405071738405072
18,11,0.3,99,0.8388388388388388
18,11,0.4,0,0.8203203203203203
18,11,0.4,42,0.8228228228228228
18,11,0.4,99,0.8183183183183184
18,12,0.1,0,0.8568568568568569
18,12,0.1,42,0.8328328328328328
18,12,0.1,99,0.8468468468468469
18,12,0.2,0,0.8463463463463463
18,12,0.2,42,0.8413413413413413
18,12,0.2,99,0.8403403403403403
18,12,0.3,0,0.8335001668335001
18,12,0.3,42,0.8355021688355022
18,12,0.3,99,0.8314981648314982
18,12,0.4,0,0.8123123123123123
18,12,0.4,42,0.8158158158158159
18,12,0.4,99,0.8125625625625625
18,13,0.1,0,0.8578578578578578
18,13,0.1,42,0.8338338338338338
18,13,0.1,99,0.8468468468468469
18,13,0.2,0,0.8413413413413413
18,13,0.2,42,0.8298298298298298
18,13,0.2,99,0.8408408408408409
18,13,0.3,0,0.8294961628294961
18,13,0.3,42,0.8278278278278278
18,13,0.3,99,0.8291624958291625
18,13,0.4,0,0.8063063063063063
18,13,0.4,42,0.8083083083083084
18,13,0.4,99,0.8090590590590591
18,14,0.1,0,0.8488488488488488
18,14,0.1,42,0.8288288288288288
18,14,0.1,99,0.8448448448448449
18,14,0.2,0,0.8303303303303303
18,14,0.2,42,0.8233233233233234
18,14,0.2,99,0.8313313313313313
18,14,0.3,0,0.8231564898231565
18,14,0.3,42,0.8208208208208209
18,14,0.3,99,0.8278278278278278
18,14,0.4,0,0.8008008008008008
18,14,0.4,42,0.8030530530530531
18,14,0.4,99,0.8025525525525525
18,15,0.1,0,0.8438438438438438
18,15,0.1,42,0.8178178178178178
18,15,0.1,99,0.8378378378378378
18,15,0.2,0,0.8238238238238238
18,15,0.2,42,0.8228228228228228
18,15,0.2,99,0.8288288288288288
18,15,0.3,0,0.8168168168168168
18,15,0.3,42,0.8161494828161495
18,15,0.3,99,0.8248248248248248
18,15,0.4,0,0.7947947947947948
18,15,0.4,42,0.7970470470470471
18,15,0.4,99,0.7972972972972973
18,16,0.1,0,0.8368368368368369
18,16,0.1,42,0.8188188188188188
18,16,0.1,99,0.8258258258258259
18,16,0.2,0,0.8173173173173173
18,16,0.2,42,0.8193193193193193
18,16,0.2,99,0.8233233233233234
18,16,0.3,0,0.8128128128128128
18,16,0.3,42,0.8111444778111445
18,16,0.3,99,0.8158158158158159
18,16,0.4,0,0.7907907907907908
18,16,0.4,42,0.794044044044044
18,16,0.4,99,0.791041041041041
18,17,0.1,0,0.8308308308308309
18,17,0.1,42,0.8168168168168168
18,17,0.1,99,0.8228228228228228
18,17,0.2,0,0.8113113113113113
18,17,0.2,42,0.8163163163163163
18,17,0.2,99,0.8178178178178178
18,17,0.3,0,0.8091424758091424
18,17,0.3,42,0.8038038038038038
18,17,0.3,99,0.8084751418084751
18,17,0.4,0,0.79004004004004
18,17,0.4,42,0.7870370370370371
18,17,0.4,99,0.7895395395395396
18,18,0.1,0,0.8318318318318318
18,18,0.1,42,0.8208208208208209
18,18,0.1,99,0.8168168168168168
18,18,0.2,0,0.8058058058058059
18,18,0.2,42,0.8118118118118118
18,18,0.2,99,0.8108108108108109
18,18,0.3,0,0.8088088088088088
18,18,0.3,42,0.7957957957957958
18,18,0.3,99,0.8024691358024691
18,18,0.4,0,0.784034034034034
18,18,0.4,42,0.7842842842842843
18,18,0.4,99,0.7870370370370371
18,19,0.1,0,0.8278278278278278
18,19,0.1,42,0.8138138138138138
18,19,0.1,99,0.8158158158158159
18,19,0.2,0,0.8093093093093093
18,19,0.2,42,0.8073073073073073
18,19,0.2,99,0.8138138138138138
18,19,0.3,0,0.8078078078078078
18,19,0.3,42,0.7947947947947948
18,19,0.3,99,0.8004671338004671
18,19,0.4,0,0.7777777777777778
18,19,0.4,42,0.7817817817817818
18,19,0.4,99,0.7787787787787788
18,20,0.1,0,0.8198198198198198
18,20,0.1,42,0.8058058058058059
18,20,0.1,99,0.8138138138138138
18,20,0.2,0,0.8038038038038038
18,20,0.2,42,0.8028028028028028
18,20,0.2,99,0.8038038038038038
18,20,0.3,0,0.8044711378044711
18,20,0.3,42,0.7931264597931265
18,20,0.3,99,0.7947947947947948
18,20,0.4,0,0.7780280280280281
18,20,0.4,42,0.7747747747747747
18,20,0.4,99,0.7727727727727728
18,21,0.1,0,0.8178178178178178
18,21,0.1,42,0.7987987987987988
18,21,0.1,99,0.8088088088088088
18,21,0.2,0,0.7957957957957958
18,21,0.2,42,0.8018018018018018
18,21,0.2,99,0.8058058058058059
18,21,0.3,0,0.8001334668001334
18,21,0.3,42,0.7844511177844511
18,21,0.3,99,0.7951284617951284
18,21,0.4,0,0.7765265265265265
18,21,0.4,42,0.771021021021021
18,21,0.4,99,0.777027027027027
18,22,0.1,0,0.8098098098098098
18,22,0.1,42,0.7977977977977978
18,22,0.1,99,0.8008008008008008
18,22,0.2,0,0.7942942942942943
18,22,0.2,42,0.8028028028028028
18,22,0.2,99,0.8028028028028028
18,22,0.3,0,0.7974641307974641
18,22,0.3,42,0.7874541207874541
18,22,0.3,99,0.7897897897897898
18,22,0.4,0,0.7742742742742743
18,22,0.4,42,0.7667667667667668
18,22,0.4,99,0.77002002002002
18,23,0.1,0,0.8058058058058059
18,23,0.1,42,0.7977977977977978
18,23,0.1,99,0.8008008008008008
18,23,0.2,0,0.7862862862862863
18,23,0.2,42,0.7982982982982983
18,23,0.2,99,0.7937937937937938
18,23,0.3,0,0.7924591257924591
18,23,0.3,42,0.7814481147814482
18,23,0.3,99,0.7887887887887888
18,23,0.4,0,0.772022022022022
18,23,0.4,42,0.7655155155155156
18,23,0.4,99,0.7665165165165165
18,24,0.1,0,0.8038038038038038
18,24,0.1,42,0.7977977977977978
18,24,0.1,99,0.7947947947947948
18,24,0.2,0,0.7852852852852853
18,24,0.2,42,0.7912912912912913
18,24,0.2,99,0.7902902902902903
18,24,0.3,0,0.7907907907907908
18,24,0.3,42,0.7767767767767768
18,24,0.3,99,0.7871204537871205
18,24,0.4,0,0.767017017017017
18,24,0.4,42,0.761011011011011
18,24,0.4,99,0.7657657657657657
18,25,0.1,0,0.7997997997997998
18,25,0.1,42,0.7937937937937938
18,25,0.1,99,0.7937937937937938
18,25,0.2,0,0.7852852852852853
18,25,0.2,42,0.7827827827827828
18,25,0.2,99,0.7917917917917918
18,25,0.3,0,0.7864531197864532
18,25,0.3,42,0.7707707707707707
18,25,0.3,99,0.7844511177844511
18,25,0.4,0,0.767017017017017
18,25,0.4,42,0.7577577577577578
18,25,0.4,99,0.762012012012012
18,26,0.1,0,0.7967967967967968
18,26,0.1,42,0.7857857857857858
18,26,0.1,99,0.7867867867867868
18,26,0.2,0,0.7832832832832833
18,26,0.2,42,0.7812812812812813
18,26,0.2,99,0.7892892892892893
18,26,0.3,0,0.7811144477811145
18,26,0.3,42,0.7694361027694361
18,26,0.3,99,0.7794461127794461
18,26,0.4,0,0.7587587587587588
18,26,0.4,42,0.7582582582582582
18,26,0.4,99,0.7605105105105106
18,27,0.1,0,0.7947947947947948
18,27,0.1,42,0.7817817817817818
18,27,0.1,99,0.7907907907907908
18,27,0.2,0,0.7787787787787788
18,27,0.2,42,0.7767767767767768
18,27,0.2,99,0.7882882882882883
18,27,0.3,0,0.7807807807807807
18,27,0.3,42,0.7701034367701034
18,27,0.3,99,0.7801134467801134
18,27,0.4,0,0.76001001001001
18,27,0.4,42,0.7547547547547547
18,27,0.4,99,0.7595095095095095
18,28,0.1,0,0.7907907907907908
18,28,0.1,42,0.7827827827827828
18,28,0.1,99,0.7827827827827828
18,28,0.2,0,0.7762762762762763
18,28,0.2,42,0.7752752752752753
18,28,0.2,99,0.7867867867867868
18,28,0.3,0,0.7751084417751084
18,28,0.3,42,0.7711044377711045
18,28,0.3,99,0.7784451117784451
18,28,0.4,0,0.7572572572572572
18,28,0.4,42,0.752002002002002
18,28,0.4,99,0.759009009009009
18,29,0.1,0,0.7887887887887888
18,29,0.1,42,0.7777777777777778
18,29,0.1,99,0.7777777777777778
18,29,0.2,0,0.7722722722722722
18,29,0.2,42,0.7747747747747747
18,29,0.2,99,0.7852852852852853
18,29,0.3,0,0.7771104437771105
18,29,0.3,42,0.7697697697697697
18,29,0.3,99,0.7734401067734401
18,29,0.4,0,0.755005005005005
18,29,0.4,42,0.7517517517517518
18,29,0.4,99,0.7575075075075075
18,30,0.1,0,0.7877877877877878
18,30,0.1,42,0.7837837837837838
18,30,0.1,99,0.7767767767767768
18,30,0.2,0,0.7727727727727728
18,30,0.2,42,0.7737737737737738
18,30,0.2,99,0.7797797797797797
18,30,0.3,0,0.7727727727727728
18,30,0.3,42,0.7654320987654321
18,30,0.3,99,0.7747747747747747
18,30,0.4,0,0.7537537537537538
18,30,0.4,42,0.7467467467467468
18,30,0.4,99,0.7535035035035035
19,1,0.1,0,0.9159159159159159
19,1,0.1,42,0.8998998998998999
19,1,0.1,99,0.9039039039039038
19,1,0.2,0,0.9074074074074074
19,1,0.2,42,0.8928928928928929
19,1,0.2,99,0.9019019019019019
19,1,0.3,0,0.8975642308975642
19,1,0.3,42,0.8945612278945613
19,1,0.3,99,0.8975642308975642
19,1,0.4,0,0.8856356356356356
19,1,0.4,42,0.8896396396396397
19,1,0.4,99,0.8876376376376376
19,2,0.1,0,0.8958958958958959
19,2,0.1,42,0.8718718718718719
19,2,0.1,99,0.8918918918918919
19,2,0.2,0,0.8863863863863863
19,2,0.2,42,0.8708708708708709
19,2,0.2,99,0.8853853853853854
19,2,0.3,0,0.8742075408742075
19,2,0.3,42,0.8655321988655322
19,2,0.3,99,0.8752085418752086
19,2,0.4,0,0.8583583583583584
19,2,0.4,42,0.8556056056056056
19,2,0.4,99,0.8626126126126126
19,3,0.1,0,0.9039039039039038
19,3,0.1,42,0.8828828828828829
19,3,0.1,99,0.8968968968968969
19,3,0.2,0,0.8893893893893894
19,3,0.2,42,0.8848848848848849
19,3,0.2,99,0.8938938938938938
19,3,0.3,0,0.8828828828828829
19,3,0.3,42,0.8805472138805472
19,3,0.3,99,0.8818818818818819
19,3,0.4,0,0.8706206206206206
19,3,0.4,42,0.8661161161161162
19,3,0.4,99,0.8701201201201201
19,4,0.1,0,0.9029029029029029
19,4,0.1,42,0.8858858858858859
19,4,0.1,99,0.8888888888888888
19,4,0.2,0,0.8858858858858859
19,4,0.2,42,0.8793793793793794
19,4,0.2,99,0.8843843843843844
19,4,0.3,0,0.8808808808808809
19,4,0.3,42,0.8735402068735402
19,4,0.3,99,0.8748748748748749
19,4,0.4,0,0.8616116116116116
19,4,0.4,42,0.8588588588588588
19,4,0.4,99,0.8626126126126126
19,5,0.1,0,0.8918918918918919
19,5,0.1,42,0.8768768768768769
19,5,0.1,99,0.8888888888888888
19,5,0.2,0,0.8833833833833834
19,5,0.2,42,0.8763763763763763
19,5,0.2,99,0.8828828828828829
19,5,0.3,0,0.8752085418752086
19,5,0.3,42,0.8688688688688688
19,5,0.3,99,0.8758758758758759
19,5,0.4,0,0.8606106106106106
19,5,0.4,42,0.8568568568568569
19,5,0.4,99,0.8601101101101101
19,6,0.1,0,0.8898898898898899
19,6,0.1,42,0.8678678678678678
19,6,0.1,99,0.8778778778778779
19,6,0.2,0,0.8788788788788788
19,6,0.2,42,0.8633633633633634
19,6,0.2,99,0.8748748748748749
19,6,0.3,0,0.8692025358692025
19,6,0.3,42,0.8571905238571905
19,6,0.3,99,0.8651985318651986
19,6,0.4,0,0.8516016016016016
19,6,0.4,42,0.8503503503503503
19,6,0.4,99,0.8531031031031031
19,7,0.1,0,0.8738738738738738
19,7,0.1,42,0.8598598598598599
19,7,0.1,99,0.8838838838838838
19,7,0.2,0,0.8688688688688688
19,7,0.2,42,0.8593593593593594
19,7,0.2,99,0.8743743743743744
19,7,0.3,0,0.8611945278611945
19,7,0.3,42,0.8535201868535202
19,7,0.3,99,0.8631965298631965
19,7,0.4,0,0.8488488488488488
19,7,0.4,42,0.8403403403403403
19,7,0.4,99,0.8536036036036037
19,8,0.1,0,0.8748748748748749
19,8,0.1,42,0.8518518518518519
19,8,0.1,99,0.8668668668668669
19,8,0.2,0,0.8658658658658659
19,8,0.2,42,0.8533533533533534
19,8,0.2,99,0.8623623623623624
19,8,0.3,0,0.8575241908575242
19,8,0.3,42,0.8491825158491825
19,8,0.3,99,0.8551885218551886
19,8,0.4,0,0.8393393393393394
19,8,0.4,42,0.8375875875875876
19,8,0.4,99,0.8458458458458459
19,9,0.1,0,0.8708708708708709
19,9,0.1,42,0.8548548548548549
19,9,0.1,99,0.8678678678678678
19,9,0.2,0,0.8658658658658659
19,9,0.2,42,0.8553553553553553
19,9,0.2,99,0.8618618618618619
19,9,0.3,0,0.8508508508508509
19,9,0.3,42,0.8485151818485152
19,9,0.3,99,0.8535201868535202
19,9,0.4,0,0.8325825825825826
19,9,0.4,42,0.835085085085085
19,9,0.4,99,0.8388388388388388
19,10,0.1,0,0.8678678678678678
19,10,0.1,42,0.8498498498498499
19,10,0.1,99,0.8678678678678678
19,10,0.2,0,0.8583583583583584
19,10,0.2,42,0.8413413413413413
19,10,0.2,99,0.8588588588588588
19,10,0.3,0,0.8478478478478478
19,10,0.3,42,0.8365031698365032
19,10,0.3,99,0.8495161828495161
19,10,0.4,0,0.8258258258258259
19,10,0.4,42,0.8240740740740741
19,10,0.4,99,0.8290790790790791
19,11,0.1,0,0.8648648648648649
19,11,0.1,42,0.8398398398398398
19,11,0.1,99,0.8558558558558559
19,11,0.2,0,0.8568568568568569
19,11,0.2,42,0.8413413413413413
19,11,0.2,99,0.8513513513513513
19,11,0.3,0,0.8445111778445111
19,11,0.3,42,0.8341675008341675
19,11,0.3,99,0.8408408408408409
19,11,0.4,0,0.8195695695695696
19,11,0.4,42,0.8173173173173173
19,11,0.4,99,0.8235735735735735
19,12,0.1,0,0.8568568568568569
19,12,0.1,42,0.8368368368368369
19,12,0.1,99,0.8518518518518519
19,12,0.2,0,0.8488488488488488
19,12,0.2,42,0.8348348348348348
19,12,0.2,99,0.8468468468468469
19,12,0.3,0,0.8381715048381715
19,12,0.3,42,0.8264931598264932
19,12,0.3,99,0.8378378378378378
19,12,0.4,0,0.8093093093093093
19,12,0.4,42,0.8118118118118118
19,12,0.4,99,0.8178178178178178
19,13,0.1,0,0.8578578578578578
19,13,0.1,42,0.8338338338338338
19,13,0.1,99,0.8478478478478478
19,13,0.2,0,0.8433433433433434
19,13,0.2,42,0.8318318318318318
19,13,0.2,99,0.8438438438438438
19,13,0.3,0,0.8301634968301635
19,13,0.3,42,0.8248248248248248
19,13,0.3,99,0.8348348348348348
19,13,0.4,0,0.8075575575575575
19,13,0.4,42,0.8120620620620621
19,13,0.4,99,0.8108108108108109
19,14,0.1,0,0.8538538538538538
19,14,0.1,42,0.8268268268268268
19,14,0.1,99,0.8438438438438438
19,14,0.2,0,0.8348348348348348
19,14,0.2,42,0.8203203203203203
19,14,0.2,99,0.8363363363363363
19,14,0.3,0,0.8268268268268268
19,14,0.3,42,0.8168168168168168
19,14,0.3,99,0.8274941608274942
19,14,0.4,0,0.8025525525525525
19,14,0.4,42,0.8030530530530531
19,14,0.4,99,0.8035535535535535
19,15,0.1,0,0.8488488488488488
19,15,0.1,42,0.8268268268268268
19,15,0.1,99,0.8428428428428428
19,15,0.2,0,0.8248248248248248
19,15,0.2,42,0.8173173173173173
19,15,0.2,99,0.8298298298298298
19,15,0.3,0,0.8211544878211545
19,15,0.3,42,0.8144811478144811
19,15,0.3,99,0.8221554888221555
19,15,0.4,0,0.7965465465465466
19,15,0.4,42,0.7992992992992993
19,15,0.4,99,0.7977977977977978
19,16,0.1,0,0.8438438438438438
19,16,0.1,42,0.8208208208208209
19,16,0.1,99,0.8338338338338338
19,16,0.2,0,0.8173173173173173
19,16,0.2,42,0.8113113113113113
19,16,0.2,99,0.8253253253253253
19,16,0.3,0,0.8114781448114782
19,16,0.3,42,0.8074741408074741
19,16,0.3,99,0.8161494828161495
19,16,0.4,0,0.7880380380380381
19,16,0.4,42,0.7937937937937938
19,16,0.4,99,0.7912912912912913
19,17,0.1,0,0.8388388388388388
19,17,0.1,42,0.8168168168168168
19,17,0.1,99,0.8288288288288288
19,17,0.2,0,0.8168168168168168
19,17,0.2,42,0.8068068068068068
19,17,0.2,99,0.8193193193193193
19,17,0.3,0,0.8071404738071405
19,17,0.3,42,0.8001334668001334
19,17,0.3,99,0.8128128128128128
19,17,0.4,0,0.789039039039039
19,17,0.4,42,0.7920420420420421
19,17,0.4,99,0.789039039039039
19,18,0.1,0,0.8278278278278278
19,18,0.1,42,0.8078078078078078
19,18,0.1,99,0.8228228228228228
19,18,0.2,0,0.8088088088088088
19,18,0.2,42,0.8043043043043043
19,18,0.2,99,0.8138138138138138
19,18,0.3,0,0.8068068068068068
19,18,0.3,42,0.7931264597931265
19,18,0.3,99,0.8054721388054722
19,18,0.4,0,0.7865365365365365
19,18,0.4,42,0.7867867867867868
19,18,0.4,99,0.7837837837837838
19,19,0.1,0,0.8258258258258259
19,19,0.1,42,0.8098098098098098
19,19,0.1,99,0.8188188188188188
19,19,0.2,0,0.8088088088088088
19,19,0.2,42,0.8003003003003003
19,19,0.2,99,0.8118118118118118
19,19,0.3,0,0.8011344678011345
19,19,0.3,42,0.7944611277944611
19,19,0.3,99,0.7977977977977978
19,19,0.4,0,0.7822822822822822
19,19,0.4,42,0.7812812812812813
19,19,0.4,99,0.779029029029029
19,20,0.1,0,0.8258258258258259
19,20,0.1,42,0.8058058058058059
19,20,0.1,99,0.8178178178178178
19,20,0.2,0,0.8073073073073073
19,20,0.2,42,0.7977977977977978
19,20,0.2,99,0.8128128128128128
19,20,0.3,0,0.7977977977977978
19,20,0.3,42,0.7917917917917918
19,20,0.3,99,0.7987987987987988
19,20,0.4,0,0.779029029029029
19,20,0.4,42,0.7787787787787788
19,20,0.4,99,0.7765265265265265
19,21,0.1,0,0.8228228228228228
19,21,0.1,42,0.7997997997997998
19,21,0.1,99,0.8158158158158159
19,21,0.2,0,0.8018018018018018
19,21,0.2,42,0.7982982982982983
19,21,0.2,99,0.8028028028028028
19,21,0.3,0,0.7991324657991324
19,21,0.3,42,0.7887887887887888
19,21,0.3,99,0.7937937937937938
19,21,0.4,0,0.777027027027027
19,21,0.4,42,0.772022022022022
19,21,0.4,99,0.7755255255255256
19,22,0.1,0,0.8098098098098098
19,22,0.1,42,0.8008008008008008
19,22,0.1,99,0.8098098098098098
19,22,0.2,0,0.7987987987987988
19,22,0.2,42,0.7947947947947948
19,22,0.2,99,0.8018018018018018
19,22,0.3,0,0.7934601267934601
19,22,0.3,42,0.7834501167834501
19,22,0.3,99,0.7914581247914582
19,22,0.4,0,0.7735235235235235
19,22,0.4,42,0.7685185185185185
19,22,0.4,99,0.7717717717717718
19,23,0.1,0,0.8078078078078078
19,23,0.1,42,0.7917917917917918
19,23,0.1,99,0.8028028028028028
19,23,0.2,0,0.7927927927927928
19,23,0.2,42,0.7902902902902903
19,23,0.2,99,0.7967967967967968
19,23,0.3,0,0.7934601267934601
19,23,0.3,42,0.7791124457791124
19,23,0.3,99,0.7904571237904571
19,23,0.4,0,0.7717717717717718
19,23,0.4,42,0.7642642642642643
19,23,0.4,99,0.7730230230230231
19,24,0.1,0,0.8048048048048048
19,24,0.1,42,0.7907907907907908
19,24,0.1,99,0.8018018018018018
19,24,0.2,0,0.7922922922922923
19,24,0.2,42,0.7832832832832833
19,24,0.2,99,0.7962962962962963
19,24,0.3,0,0.7921254587921255
19,24,0.3,42,0.7754421087754421
19,24,0.3,99,0.7847847847847848
19,24,0.4,0,0.7697697697697697
19,24,0.4,42,0.7625125125125125
19,24,0.4,99,0.766016016016016
19,25,0.1,0,0.8108108108108109
19,25,0.1,42,0.7907907907907908
19,25,0.1,99,0.7977977977977978
19,25,0.2,0,0.7927927927927928
19,25,0.2,42,0.7817817817817818
19,25,0.2,99,0.7977977977977978
19,25,0.3,0,0.7861194527861195
19,25,0.3,42,0.7761094427761095
19,25,0.3,99,0.7861194527861195
19,25,0.4,0,0.765015015015015
19,25,0.4,42,0.759009009009009
19,25,0.4,99,0.765015015015015
19,26,0.1,0,0.8038038038038038
19,26,0.1,42,0.7857857857857858
19,26,0.1,99,0.7937937937937938
19,26,0.2,0,0.7867867867867868
19,26,0.2,42,0.7787787787787788
19,26,0.2,99,0.7927927927927928
19,26,0.3,0,0.7837837837837838
19,26,0.3,42,0.7744411077744411
19,26,0.3,99,0.7781114447781114
19,26,0.4,0,0.7625125125125125
19,26,0.4,42,0.7575075075075075
19,26,0.4,99,0.7597597597597597
19,27,0.1,0,0.8018018018018018
19,27,0.1,42,0.7857857857857858
19,27,0.1,99,0.7917917917917918
19,27,0.2,0,0.7822822822822822
19,27,0.2,42,0.7782782782782782
19,27,0.2,99,0.7897897897897898
19,27,0.3,0,0.7797797797797797
19,27,0.3,42,0.7674341007674341
19,27,0.3,99,0.7774441107774441
19,27,0.4,0,0.763013013013013
19,27,0.4,42,0.7547547547547547
19,27,0.4,99,0.756006006006006
19,28,0.1,0,0.7977977977977978
19,28,0.1,42,0.7897897897897898
19,28,0.1,99,0.7867867867867868
19,28,0.2,0,0.7822822822822822
19,28,0.2,42,0.7787787787787788
19,28,0.2,99,0.7887887887887888
19,28,0.3,0,0.7804471137804471
19,28,0.3,42,0.7677677677677678
19,28,0.3,99,0.7747747747747747
19,28,0.4,0,0.757007007007007
19,28,0.4,42,0.756006006006006
19,28,0.4,99,0.7565065065065065
19,29,0.1,0,0.8018018018018018
19,29,0.1,42,0.7817817817817818
19,29,0.1,99,0.7877877877877878
19,29,0.2,0,0.7767767767767768
19,29,0.2,42,0.7722722722722722
19,29,0.2,99,0.7837837837837838
19,29,0.3,0,0.7811144477811145
19,29,0.3,42,0.7671004337671005
19,29,0.3,99,0.7741074407741074
19,29,0.4,0,0.7535035035035035
19,29,0.4,42,0.7512512512512513
19,29,0.4,99,0.755005005005005
19,30,0.1,0,0.7987987987987988
19,30,0.1,42,0.7727727727727728
19,30,0.1,99,0.7867867867867868
19,30,0.2,0,0.7737737737737738
19,30,0.2,42,0.7737737737737738
19,30,0.2,99,0.7827827827827828
19,30,0.3,0,0.7734401067734401
19,30,0.3,42,0.7614280947614281
19,30,0.3,99,0.7694361027694361
19,30,0.4,0,0.7527527527527528
19,30,0.4,42,0.7484984984984985
19,30,0.4,99,0.7527527527527528
20,1,0.1,0,0.9159159159159159
20,1,0.1,42,0.8998998998998999
20,1,0.1,99,0.908908908908909
20,1,0.2,0,0.9024024024024024
20,1,0.2,42,0.8943943943943944
20,1,0.2,99,0.9019019019019019
20,1,0.3,0,0.8942275608942276
20,1,0.3,42,0.8978978978978979
20,1,0.3,99,0.8998998998998999
20,1,0.4,0,0.8856356356356356
20,1,0.4,42,0.8931431431431431
20,1,0.4,99,0.8918918918918919
20,2,0.1,0,0.8938938938938938
20,2,0.1,42,0.8698698698698699
20,2,0.1,99,0.8938938938938938
20,2,0.2,0,0.8843843843843844
20,2,0.2,42,0.8683683683683684
20,2,0.2,99,0.8868868868868869
20,2,0.3,0,0.8765432098765432
20,2,0.3,42,0.8668668668668669
20,2,0.3,99,0.8775442108775442
20,2,0.4,0,0.8601101101101101
20,2,0.4,42,0.8538538538538538
20,2,0.4,99,0.8646146146146146
20,3,0.1,0,0.908908908908909
20,3,0.1,42,0.8798798798798799
20,3,0.1,99,0.8998998998998999
20,3,0.2,0,0.8958958958958959
20,3,0.2,42,0.8853853853853854
20,3,0.2,99,0.8943943943943944
20,3,0.3,0,0.8882215548882215
20,3,0.3,42,0.8775442108775442
20,3,0.3,99,0.8825492158825492
20,3,0.4,0,0.8756256256256256
20,3,0.4,42,0.8661161161161162
20,3,0.4,99,0.8748748748748749
20,4,0.1,0,0.9029029029029029
20,4,0.1,42,0.8748748748748749
20,4,0.1,99,0.8878878878878879
20,4,0.2,0,0.8873873873873874
20,4,0.2,42,0.8753753753753754
20,4,0.2,99,0.8923923923923924
20,4,0.3,0,0.8835502168835502
20,4,0.3,42,0.8702035368702036
20,4,0.3,99,0.8772105438772105
20,4,0.4,0,0.8668668668668669
20,4,0.4,42,0.8613613613613613
20,4,0.4,99,0.8651151151151151
20,5,0.1,0,0.8988988988988988
20,5,0.1,42,0.8708708708708709
20,5,0.1,99,0.8878878878878879
20,5,0.2,0,0.8888888888888888
20,5,0.2,42,0.8788788788788788
20,5,0.2,99,0.8843843843843844
20,5,0.3,0,0.8778778778778779
20,5,0.3,42,0.8661995328661996
20,5,0.3,99,0.8758758758758759
20,5,0.4,0,0.8613613613613613
20,5,0.4,42,0.8588588588588588
20,5,0.4,99,0.8621121121121121
20,6,0.1,0,0.8888888888888888
20,6,0.1,42,0.8638638638638638
20,6,0.1,99,0.8848848848848849
20,6,0.2,0,0.8843843843843844
20,6,0.2,42,0.8653653653653653
20,6,0.2,99,0.8768768768768769
20,6,0.3,0,0.8695362028695363
20,6,0.3,42,0.8581915248581915
20,6,0.3,99,0.8645311978645311
20,6,0.4,0,0.8523523523523524
20,6,0.4,42,0.8561061061061062
20,6,0.4,99,0.8513513513513513
20,7,0.1,0,0.8868868868868869
20,7,0.1,42,0.8618618618618619
20,7,0.1,99,0.8858858858858859
20,7,0.2,0,0.8778778778778779
20,7,0.2,42,0.8648648648648649
20,7,0.2,99,0.8733733733733734
20,7,0.3,0,0.8672005338672005
20,7,0.3,42,0.8528528528528528
20,7,0.3,99,0.8641975308641975
20,7,0.4,0,0.8490990990990991
20,7,0.4,42,0.8485985985985987
20,7,0.4,99,0.8543543543543544
20,8,0.1,0,0.8848848848848849
20,8,0.1,42,0.8548548548548549
20,8,0.1,99,0.8768768768768769
20,8,0.2,0,0.8688688688688688
20,8,0.2,42,0.8613613613613613
20,8,0.2,99,0.8628628628628628
20,8,0.3,0,0.8595261928595261
20,8,0.3,42,0.8541875208541875
20,8,0.3,99,0.8578578578578578
20,8,0.4,0,0.8383383383383384
20,8,0.4,42,0.8440940940940941
20,8,0.4,99,0.8498498498498499
20,9,0.1,0,0.8728728728728729
20,9,0.1,42,0.8598598598598599
20,9,0.1,99,0.8758758758758759
20,9,0.2,0,0.8653653653653653
20,9,0.2,42,0.8573573573573574
20,9,0.2,99,0.8638638638638638
20,9,0.3,0,0.8518518518518519
20,9,0.3,42,0.8471805138471805
20,9,0.3,99,0.8608608608608609
20,9,0.4,0,0.8353353353353353
20,9,0.4,42,0.8405905905905906
20,9,0.4,99,0.8443443443443444
20,10,0.1,0,0.8638638638638638
20,10,0.1,42,0.8558558558558559
20,10,0.1,99,0.8738738738738738
20,10,0.2,0,0.8593593593593594
20,10,0.2,42,0.8498498498498499
20,10,0.2,99,0.8573573573573574
20,10,0.3,0,0.8451785118451786
20,10,0.3,42,0.8435101768435102
20,10,0.3,99,0.8491825158491825
20,10,0.4,0,0.8303303303303303
20,10,0.4,42,0.8290790790790791
20,10,0.4,99,0.8345845845845846
20,11,0.1,0,0.8638638638638638
20,11,0.1,42,0.8478478478478478
20,11,0.1,99,0.8658658658658659
20,11,0.2,0,0.8493493493493494
20,11,0.2,42,0.8488488488488488
20,11,0.2,99,0.8543543543543544
20,11,0.3,0,0.8401735068401736
20,11,0.3,42,0.8365031698365032
20,11,0.3,99,0.8471805138471805
20,11,0.4,0,0.8218218218218218
20,11,0.4,42,0.8215715715715716
20,11,0.4,99,0.8288288288288288
20,12,0.1,0,0.8628628628628628
20,12,0.1,42,0.8528528528528528
20,12,0.1,99,0.8598598598598599
20,12,0.2,0,0.8428428428428428
20,12,0.2,42,0.8423423423423423
20,12,0.2,99,0.8498498498498499
20,12,0.3,0,0.8355021688355022
20,12,0.3,42,0.8268268268268268
20,12,0.3,99,0.8391725058391725
20,12,0.4,0,0.8178178178178178
20,12,0.4,42,0.8155655655655656
20,12,0.4,99,0.8233233233233234
20,13,0.1,0,0.8548548548548549
20,13,0.1,42,0.8438438438438438
20,13,0.1,99,0.8558558558558559
20,13,0.2,0,0.8363363363363363
20,13,0.2,42,0.8383383383383384
20,13,0.2,99,0.8418418418418419
20,13,0.3,0,0.8328328328328328
20,13,0.3,42,0.8254921588254922
20,13,0.3,99,0.8365031698365032
20,13,0.4,0,0.8098098098098098
20,13,0.4,42,0.8133133133133134
20,13,0.4,99,0.8148148148148148
20,14,0.1,0,0.8448448448448449
20,14,0.1,42,0.8328328328328328
20,14,0.1,99,0.8518518518518519
20,14,0.2,0,0.8303303303303303
20,14,0.2,42,0.8333333333333334
20,14,0.2,99,0.8388388388388388
20,14,0.3,0,0.8248248248248248
20,14,0.3,42,0.8208208208208209
20,14,0.3,99,0.8314981648314982
20,14,0.4,0,0.8040540540540541
20,14,0.4,42,0.8055555555555556
20,14,0.4,99,0.8073073073073073
20,15,0.1,0,0.8478478478478478
20,15,0.1,42,0.8368368368368369
20,15,0.1,99,0.8478478478478478
20,15,0.2,0,0.8228228228228228
20,15,0.2,42,0.8248248248248248
20,15,0.2,99,0.8403403403403403
20,15,0.3,0,0.8224891558224892
20,15,0.3,42,0.8141474808141475
20,15,0.3,99,0.8251584918251585
20,15,0.4,0,0.7997997997997998
20,15,0.4,42,0.8018018018018018
20,15,0.4,99,0.8018018018018018
20,16,0.1,0,0.8328328328328328
20,16,0.1,42,0.8318318318318318
20,16,0.1,99,0.8438438438438438
20,16,0.2,0,0.8198198198198198
20,16,0.2,42,0.8203203203203203
20,16,0.2,99,0.8318318318318318
20,16,0.3,0,0.8164831498164832
20,16,0.3,42,0.8128128128128128
20,16,0.3,99,0.8144811478144811
20,16,0.4,0,0.7937937937937938
20,16,0.4,42,0.796046046046046
20,16,0.4,99,0.795045045045045
20,17,0.1,0,0.8288288288288288
20,17,0.1,42,0.8238238238238238
20,17,0.1,99,0.8388388388388388
20,17,0.2,0,0.8153153153153153
20,17,0.2,42,0.8133133133133134
20,17,0.2,99,0.8288288288288288
20,17,0.3,0,0.8061394728061395
20,17,0.3,42,0.8031364698031365
20,17,0.3,99,0.8111444778111445
20,17,0.4,0,0.7905405405405406
20,17,0.4,42,0.789039039039039
20,17,0.4,99,0.7907907907907908
20,18,0.1,0,0.8288288288288288
20,18,0.1,42,0.8218218218218218
20,18,0.1,99,0.8348348348348348
20,18,0.2,0,0.8123123123123123
20,18,0.2,42,0.8148148148148148
20,18,0.2,99,0.8218218218218218
20,18,0.3,0,0.8038038038038038
20,18,0.3,42,0.7961294627961295
20,18,0.3,99,0.8064731398064732
20,18,0.4,0,0.7855355355355356
20,18,0.4,42,0.7862862862862863
20,18,0.4,99,0.7875375375375375
20,19,0.1,0,0.8278278278278278
20,19,0.1,42,0.8138138138138138
20,19,0.1,99,0.8248248248248248
20,19,0.2,0,0.8088088088088088
20,19,0.2,42,0.8023023023023023
20,19,0.2,99,0.8178178178178178
20,19,0.3,0,0.8034701368034701
20,19,0.3,42,0.7907907907907908
20,19,0.3,99,0.8054721388054722
20,19,0.4,0,0.7805305305305306
20,19,0.4,42,0.78003003003003
20,19,0.4,99,0.7852852852852853
20,20,0.1,0,0.8268268268268268
20,20,0.1,42,0.8068068068068068
20,20,0.1,99,0.8228228228228228
20,20,0.2,0,0.8058058058058059
20,20,0.2,42,0.8073073073073073
20,20,0.2,99,0.8143143143143143
20,20,0.3,0,0.7967967967967968
20,20,0.3,42,0.7921254587921255
20,20,0.3,99,0.7984651317984651
20,20,0.4,0,0.7745245245245245
20,20,0.4,42,0.7755255255255256
20,20,0.4,99,0.7817817817817818
20,21,0.1,0,0.8208208208208209
20,21,0.1,42,0.8088088088088088
20,21,0.1,99,0.8198198198198198
20,21,0.2,0,0.8023023023023023
20,21,0.2,42,0.8048048048048048
20,21,0.2,99,0.8093093093093093
20,21,0.3,0,0.7954621287954621
20,21,0.3,42,0.7844511177844511
20,21,0.3,99,0.7954621287954621
20,21,0.4,0,0.7747747747747747
20,21,0.4,42,0.7737737737737738
20,21,0.4,99,0.7785285285285285
20,22,0.1,0,0.8148148148148148
20,22,0.1,42,0.8138138138138138
20,22,0.1,99,0.8108108108108109
20,22,0.2,0,0.7977977977977978
20,22,0.2,42,0.8003003003003003
20,22,0.2,99,0.8038038038038038
20,22,0.3,0,0.7951284617951284
20,22,0.3,42,0.7834501167834501
20,22,0.3,99,0.7931264597931265
20,22,0.4,0,0.7722722722722722
20,22,0.4,42,0.771021021021021
20,22,0.4,99,0.7745245245245245
20,23,0.1,0,0.8138138138138138
20,23,0.1,42,0.8058058058058059
20,23,0.1,99,0.8068068068068068
20,23,0.2,0,0.7947947947947948
20,23,0.2,42,0.7922922922922923
20,23,0.2,99,0.7972972972972973
20,23,0.3,0,0.7927927927927928
20,23,0.3,42,0.7817817817817818
20,23,0.3,99,0.7911244577911245
20,23,0.4,0,0.769019019019019
20,23,0.4,42,0.7655155155155156
20,23,0.4,99,0.7712712712712713
20,24,0.1,0,0.8078078078078078
20,24,0.1,42,0.8028028028028028
20,24,0.1,99,0.8048048048048048
20,24,0.2,0,0.7912912912912913
20,24,0.2,42,0.7852852852852853
20,24,0.2,99,0.8008008008008008
20,24,0.3,0,0.7897897897897898
20,24,0.3,42,0.7771104437771105
20,24,0.3,99,0.7911244577911245
20,24,0.4,0,0.7657657657657657
20,24,0.4,42,0.7647647647647647
20,24,0.4,99,0.767017017017017
20,25,0.1,0,0.8048048048048048
20,25,0.1,42,0.7907907907907908
20,25,0.1,99,0.7987987987987988
20,25,0.2,0,0.7907907907907908
20,25,0.2,42,0.7842842842842843
20,25,0.2,99,0.7942942942942943
20,25,0.3,0,0.7867867867867868
20,25,0.3,42,0.7741074407741074
20,25,0.3,99,0.7884551217884551
20,25,0.4,0,0.7637637637637638
20,25,0.4,42,0.7647647647647647
20,25,0.4,99,0.7657657657657657
20,26,0.1,0,0.7967967967967968
20,26,0.1,42,0.7917917917917918
20,26,0.1,99,0.7967967967967968
20,26,0.2,0,0.7782782782782782
20,26,0.2,42,0.7782782782782782
20,26,0.2,99,0.7952952952952953
20,26,0.3,0,0.7844511177844511
20,26,0.3,42,0.7731064397731064
20,26,0.3,99,0.7824491157824491
20,26,0.4,0,0.7582582582582582
20,26,0.4,42,0.7605105105105106
20,26,0.4,99,0.7645145145145145
20,27,0.1,0,0.7947947947947948
20,27,0.1,42,0.7787787787787788
20,27,0.1,99,0.7987987987987988
20,27,0.2,0,0.7772772772772772
20,27,0.2,42,0.7712712712712713
20,27,0.2,99,0.7947947947947948
20,27,0.3,0,0.7844511177844511
20,27,0.3,42,0.7704371037704371
20,27,0.3,99,0.7804471137804471
20,27,0.4,0,0.7585085085085085
20,27,0.4,42,0.7575075075075075
20,27,0.4,99,0.76001001001001
20,28,0.1,0,0.7947947947947948
20,28,0.1,42,0.7767767767767768
20,28,0.1,99,0.7957957957957958
20,28,0.2,0,0.7742742742742743
20,28,0.2,42,0.7742742742742743
20,28,0.2,99,0.7907907907907908
20,28,0.3,0,0.7791124457791124
20,28,0.3,42,0.7691024357691024
20,28,0.3,99,0.7797797797797797
20,28,0.4,0,0.755005005005005
20,28,0.4,42,0.7547547547547547
20,28,0.4,99,0.7567567567567568
20,29,0.1,0,0.7877877877877878
20,29,0.1,42,0.7787787787787788
20,29,0.1,99,0.7947947947947948
20,29,0.2,0,0.7732732732732732
20,29,0.2,42,0.7747747747747747
20,29,0.2,99,0.7922922922922923
20,29,0.3,0,0.7784451117784451
20,29,0.3,42,0.7624290957624291
20,29,0.3,99,0.7801134467801134
20,29,0.4,0,0.754004004004004
20,29,0.4,42,0.7517517517517518
20,29,0.4,99,0.756006006006006
20,30,0.1,0,0.7857857857857858
20,30,0.1,42,0.7747747747747747
20,30,0.1,99,0.7887887887887888
20,30,0.2,0,0.7712712712712713
20,30,0.2,42,0.7712712712712713
20,30,0.2,99,0.7857857857857858
20,30,0.3,0,0.7757757757757757
20,30,0.3,42,0.7617617617617618
20,30,0.3,99,0.7767767767767768
20,30,0.4,0,0.752002002002002
20,30,0.4,42,0.7525025025025025
20,30,0.4,99,0.7547547547547547
