MFCC_N,K_N,TEST_SIZE,RANDOM_STATE,ACCURACY
1,1,0.1,0,0.56
1,1,0.1,42,0.6
1,1,0.1,99,0.54
1,1,0.2,0,0.57
1,1,0.2,42,0.585
1,1,0.2,99,0.595
1,1,0.3,0,0.5566666666666666
1,1,0.3,42,0.5733333333333334
1,1,0.3,99,0.5666666666666667
1,1,0.4,0,0.5625
1,1,0.4,42,0.57
1,1,0.4,99,0.5875
1,2,0.1,0,0.58
1,2,0.1,42,0.56
1,2,0.1,99,0.55
1,2,0.2,0,0.53
1,2,0.2,42,0.535
1,2,0.2,99,0.59
1,2,0.3,0,0.5633333333333334
1,2,0.3,42,0.52
1,2,0.3,99,0.5133333333333333
1,2,0.4,0,0.555
1,2,0.4,42,0.5175
1,2,0.4,99,0.53
1,3,0.1,0,0.6
1,3,0.1,42,0.59
1,3,0.1,99,0.55
1,3,0.2,0,0.565
1,3,0.2,42,0.59
1,3,0.2,99,0.59
1,3,0.3,0,0.5833333333333334
1,3,0.3,42,0.5666666666666667
1,3,0.3,99,0.5466666666666666
1,3,0.4,0,0.585
1,3,0.4,42,0.5625
1,3,0.4,99,0.5475
1,4,0.1,0,0.6
1,4,0.1,42,0.63
1,4,0.1,99,0.55
1,4,0.2,0,0.59
1,4,0.2,42,0.615
1,4,0.2,99,0.605
1,4,0.3,0,0.61
1,4,0.3,42,0.5766666666666667
1,4,0.3,99,0.56
1,4,0.4,0,0.62
1,4,0.4,42,0.585
1,4,0.4,99,0.5675
1,5,0.1,0,0.59
1,5,0.1,42,0.65
1,5,0.1,99,0.55
1,5,0.2,0,0.605
1,5,0.2,42,0.605
1,5,0.2,99,0.62
1,5,0.3,0,0.6333333333333333
1,5,0.3,42,0.5833333333333334
1,5,0.3,99,0.58
1,5,0.4,0,0.6275
1,5,0.4,42,0.5775
1,5,0.4,99,0.58
1,6,0.1,0,0.64
1,6,0.1,42,0.64
1,6,0.1,99,0.58
1,6,0.2,0,0.595
1,6,0.2,42,0.64
1,6,0.2,99,0.615
1,6,0.3,0,0.61
1,6,0.3,42,0.5966666666666667
1,6,0.3,99,0.5666666666666667
1,6,0.4,0,0.605
1,6,0.4,42,0.575
1,6,0.4,99,0.5925
1,7,0.1,0,0.63
1,7,0.1,42,0.63
1,7,0.1,99,0.57
1,7,0.2,0,0.63
1,7,0.2,42,0.645
1,7,0.2,99,0.605
1,7,0.3,0,0.62
1,7,0.3,42,0.5866666666666667
1,7,0.3,99,0.5733333333333334
1,7,0.4,0,0.6
1,7,0.4,42,0.575
1,7,0.4,99,0.5925
1,8,0.1,0,0.62
1,8,0.1,42,0.66
1,8,0.1,99,0.6
1,8,0.2,0,0.63
1,8,0.2,42,0.645
1,8,0.2,99,0.6
1,8,0.3,0,0.6133333333333333
1,8,0.3,42,0.58
1,8,0.3,99,0.5766666666666667
1,8,0.4,0,0.5925
1,8,0.4,42,0.585
1,8,0.4,99,0.59
1,9,0.1,0,0.59
1,9,0.1,42,0.64
1,9,0.1,99,0.59
1,9,0.2,0,0.605
1,9,0.2,42,0.635
1,9,0.2,99,0.605
1,9,0.3,0,0.6033333333333334
1,9,0.3,42,0.5966666666666667
1,9,0.3,99,0.5566666666666666
1,9,0.4,0,0.58
1,9,0.4,42,0.5875
1,9,0.4,99,0.5675
1,10,0.1,0,0.61
1,10,0.1,42,0.66
1,10,0.1,99,0.6
1,10,0.2,0,0.64
1,10,0.2,42,0.66
1,10,0.2,99,0.615
1,10,0.3,0,0.59
1,10,0.3,42,0.5933333333333334
1,10,0.3,99,0.5533333333333333
1,10,0.4,0,0.59
1,10,0.4,42,0.5775
1,10,0.4,99,0.585
1,11,0.1,0,0.64
1,11,0.1,42,0.65
1,11,0.1,99,0.58
1,11,0.2,0,0.62
1,11,0.2,42,0.62
1,11,0.2,99,0.605
1,11,0.3,0,0.59
1,11,0.3,42,0.6066666666666667
1,11,0.3,99,0.5466666666666666
1,11,0.4,0,0.58
1,11,0.4,42,0.5875
1,11,0.4,99,0.585
1,12,0.1,0,0.62
1,12,0.1,42,0.64
1,12,0.1,99,0.6
1,12,0.2,0,0.595
1,12,0.2,42,0.615
1,12,0.2,99,0.6
1,12,0.3,0,0.5933333333333334
1,12,0.3,42,0.5933333333333334
1,12,0.3,99,0.5433333333333333
1,12,0.4,0,0.5775
1,12,0.4,42,0.57
1,12,0.4,99,0.5625
1,13,0.1,0,0.61
1,13,0.1,42,0.61
1,13,0.1,99,0.59
1,13,0.2,0,0.59
1,13,0.2,42,0.605
1,13,0.2,99,0.565
1,13,0.3,0,0.58
1,13,0.3,42,0.5766666666666667
1,13,0.3,99,0.5433333333333333
1,13,0.4,0,0.5775
1,13,0.4,42,0.5725
1,13,0.4,99,0.565
1,14,0.1,0,0.62
1,14,0.1,42,0.62
1,14,0.1,99,0.56
1,14,0.2,0,0.58
1,14,0.2,42,0.615
1,14,0.2,99,0.56
1,14,0.3,0,0.5733333333333334
1,14,0.3,42,0.5833333333333334
1,14,0.3,99,0.55
1,14,0.4,0,0.565
1,14,0.4,42,0.57
1,14,0.4,99,0.56
1,15,0.1,0,0.61
1,15,0.1,42,0.61
1,15,0.1,99,0.58
1,15,0.2,0,0.59
1,15,0.2,42,0.585
1,15,0.2,99,0.575
1,15,0.3,0,0.57
1,15,0.3,42,0.5566666666666666
1,15,0.3,99,0.5466666666666666
1,15,0.4,0,0.5625
1,15,0.4,42,0.58
1,15,0.4,99,0.555
1,16,0.1,0,0.61
1,16,0.1,42,0.58
1,16,0.1,99,0.59
1,16,0.2,0,0.6
1,16,0.2,42,0.58
1,16,0.2,99,0.585
1,16,0.3,0,0.58
1,16,0.3,42,0.5566666666666666
1,16,0.3,99,0.53
1,16,0.4,0,0.5625
1,16,0.4,42,0.585
1,16,0.4,99,0.555
1,17,0.1,0,0.61
1,17,0.1,42,0.58
1,17,0.1,99,0.58
1,17,0.2,0,0.595
1,17,0.2,42,0.58
1,17,0.2,99,0.57
1,17,0.3,0,0.58
1,17,0.3,42,0.58
1,17,0.3,99,0.5333333333333333
1,17,0.4,0,0.57
1,17,0.4,42,0.5875
1,17,0.4,99,0.54
1,18,0.1,0,0.59
1,18,0.1,42,0.58
1,18,0.1,99,0.55
1,18,0.2,0,0.575
1,18,0.2,42,0.555
1,18,0.2,99,0.565
1,18,0.3,0,0.5766666666666667
1,18,0.3,42,0.57
1,18,0.3,99,0.53
1,18,0.4,0,0.5675
1,18,0.4,42,0.5825
1,18,0.4,99,0.5425
1,19,0.1,0,0.6
1,19,0.1,42,0.59
1,19,0.1,99,0.55
1,19,0.2,0,0.57
1,19,0.2,42,0.555
1,19,0.2,99,0.54
1,19,0.3,0,0.56
1,19,0.3,42,0.5966666666666667
1,19,0.3,99,0.5133333333333333
1,19,0.4,0,0.56
1,19,0.4,42,0.5675
1,19,0.4,99,0.525
1,20,0.1,0,0.59
1,20,0.1,42,0.59
1,20,0.1,99,0.55
1,20,0.2,0,0.575
1,20,0.2,42,0.565
1,20,0.2,99,0.54
1,20,0.3,0,0.5633333333333334
1,20,0.3,42,0.59
1,20,0.3,99,0.5166666666666667
1,20,0.4,0,0.56
1,20,0.4,42,0.575
1,20,0.4,99,0.5275
1,21,0.1,0,0.57
1,21,0.1,42,0.58
1,21,0.1,99,0.54
1,21,0.2,0,0.565
1,21,0.2,42,0.565
1,21,0.2,99,0.545
1,21,0.3,0,0.56
1,21,0.3,42,0.5833333333333334
1,21,0.3,99,0.5166666666666667
1,21,0.4,0,0.565
1,21,0.4,42,0.575
1,21,0.4,99,0.52
1,22,0.1,0,0.56
1,22,0.1,42,0.59
1,22,0.1,99,0.54
1,22,0.2,0,0.565
1,22,0.2,42,0.565
1,22,0.2,99,0.545
1,22,0.3,0,0.57
1,22,0.3,42,0.57
1,22,0.3,99,0.52
1,22,0.4,0,0.565
1,22,0.4,42,0.56
1,22,0.4,99,0.5225
1,23,0.1,0,0.54
1,23,0.1,42,0.59
1,23,0.1,99,0.54
1,23,0.2,0,0.56
1,23,0.2,42,0.575
1,23,0.2,99,0.55
1,23,0.3,0,0.56
1,23,0.3,42,0.5666666666666667
1,23,0.3,99,0.51
1,23,0.4,0,0.5575
1,23,0.4,42,0.5625
1,23,0.4,99,0.5325
1,24,0.1,0,0.54
1,24,0.1,42,0.59
1,24,0.1,99,0.52
1,24,0.2,0,0.56
1,24,0.2,42,0.575
1,24,0.2,99,0.545
1,24,0.3,0,0.5566666666666666
1,24,0.3,42,0.5666666666666667
1,24,0.3,99,0.51
1,24,0.4,0,0.5675
1,24,0.4,42,0.565
1,24,0.4,99,0.54
1,25,0.1,0,0.54
1,25,0.1,42,0.57
1,25,0.1,99,0.53
1,25,0.2,0,0.565
1,25,0.2,42,0.58
1,25,0.2,99,0.54
1,25,0.3,0,0.5533333333333333
1,25,0.3,42,0.56
1,25,0.3,99,0.5166666666666667
1,25,0.4,0,0.565
1,25,0.4,42,0.545
1,25,0.4,99,0.5325
1,26,0.1,0,0.56
1,26,0.1,42,0.59
1,26,0.1,99,0.52
1,26,0.2,0,0.56
1,26,0.2,42,0.585
1,26,0.2,99,0.535
1,26,0.3,0,0.5566666666666666
1,26,0.3,42,0.5633333333333334
1,26,0.3,99,0.5166666666666667
1,26,0.4,0,0.5625
1,26,0.4,42,0.55
1,26,0.4,99,0.5175
1,27,0.1,0,0.54
1,27,0.1,42,0.61
1,27,0.1,99,0.52
1,27,0.2,0,0.56
1,27,0.2,42,0.585
1,27,0.2,99,0.545
1,27,0.3,0,0.5533333333333333
1,27,0.3,42,0.56
1,27,0.3,99,0.5166666666666667
1,27,0.4,0,0.5575
1,27,0.4,42,0.5425
1,27,0.4,99,0.5175
1,28,0.1,0,0.53
1,28,0.1,42,0.61
1,28,0.1,99,0.52
1,28,0.2,0,0.56
1,28,0.2,42,0.585
1,28,0.2,99,0.54
1,28,0.3,0,0.5633333333333334
1,28,0.3,42,0.5633333333333334
1,28,0.3,99,0.5066666666666667
1,28,0.4,0,0.5525
1,28,0.4,42,0.5475
1,28,0.4,99,0.52
1,29,0.1,0,0.53
1,29,0.1,42,0.61
1,29,0.1,99,0.51
1,29,0.2,0,0.555
1,29,0.2,42,0.595
1,29,0.2,99,0.535
1,29,0.3,0,0.55
1,29,0.3,42,0.5633333333333334
1,29,0.3,99,0.5066666666666667
1,29,0.4,0,0.5475
1,29,0.4,42,0.55
1,29,0.4,99,0.5275
1,30,0.1,0,0.52
1,30,0.1,42,0.59
1,30,0.1,99,0.52
1,30,0.2,0,0.545
1,30,0.2,42,0.585
1,30,0.2,99,0.525
1,30,0.3,0,0.5466666666666666
1,30,0.3,42,0.5566666666666666
1,30,0.3,99,0.5033333333333333
1,30,0.4,0,0.55
1,30,0.4,42,0.5425
1,30,0.4,99,0.5275
2,1,0.1,0,0.57
2,1,0.1,42,0.57
2,1,0.1,99,0.56
2,1,0.2,0,0.56
2,1,0.2,42,0.585
2,1,0.2,99,0.59
2,1,0.3,0,0.5766666666666667
2,1,0.3,42,0.5566666666666666
2,1,0.3,99,0.58
2,1,0.4,0,0.575
2,1,0.4,42,0.56
2,1,0.4,99,0.5825
2,2,0.1,0,0.61
2,2,0.1,42,0.55
2,2,0.1,99,0.54
2,2,0.2,0,0.545
2,2,0.2,42,0.54
2,2,0.2,99,0.565
2,2,0.3,0,0.56
2,2,0.3,42,0.52
2,2,0.3,99,0.5333333333333333
2,2,0.4,0,0.5575
2,2,0.4,42,0.52
2,2,0.4,99,0.54
2,3,0.1,0,0.59
2,3,0.1,42,0.57
2,3,0.1,99,0.53
2,3,0.2,0,0.535
2,3,0.2,42,0.58
2,3,0.2,99,0.605
2,3,0.3,0,0.5633333333333334
2,3,0.3,42,0.5566666666666666
2,3,0.3,99,0.5733333333333334
2,3,0.4,0,0.5625
2,3,0.4,42,0.5575
2,3,0.4,99,0.55
2,4,0.1,0,0.62
2,4,0.1,42,0.62
2,4,0.1,99,0.55
2,4,0.2,0,0.6
2,4,0.2,42,0.605
2,4,0.2,99,0.6
2,4,0.3,0,0.6
2,4,0.3,42,0.5766666666666667
2,4,0.3,99,0.5533333333333333
2,4,0.4,0,0.5775
2,4,0.4,42,0.56
2,4,0.4,99,0.56
2,5,0.1,0,0.63
2,5,0.1,42,0.64
2,5,0.1,99,0.54
2,5,0.2,0,0.585
2,5,0.2,42,0.615
2,5,0.2,99,0.61
2,5,0.3,0,0.6
2,5,0.3,42,0.6033333333333334
2,5,0.3,99,0.5533333333333333
2,5,0.4,0,0.59
2,5,0.4,42,0.5825
2,5,0.4,99,0.5725
2,6,0.1,0,0.61
2,6,0.1,42,0.62
2,6,0.1,99,0.56
2,6,0.2,0,0.595
2,6,0.2,42,0.59
2,6,0.2,99,0.595
2,6,0.3,0,0.59
2,6,0.3,42,0.6033333333333334
2,6,0.3,99,0.5766666666666667
2,6,0.4,0,0.585
2,6,0.4,42,0.5725
2,6,0.4,99,0.5875
2,7,0.1,0,0.59
2,7,0.1,42,0.59
2,7,0.1,99,0.59
2,7,0.2,0,0.585
2,7,0.2,42,0.61
2,7,0.2,99,0.585
2,7,0.3,0,0.6033333333333334
2,7,0.3,42,0.5866666666666667
2,7,0.3,99,0.54
2,7,0.4,0,0.59
2,7,0.4,42,0.575
2,7,0.4,99,0.595
2,8,0.1,0,0.59
2,8,0.1,42,0.61
2,8,0.1,99,0.56
2,8,0.2,0,0.605
2,8,0.2,42,0.61
2,8,0.2,99,0.565
2,8,0.3,0,0.6033333333333334
2,8,0.3,42,0.5733333333333334
2,8,0.3,99,0.5366666666666666
2,8,0.4,0,0.59
2,8,0.4,42,0.5725
2,8,0.4,99,0.575
2,9,0.1,0,0.6
2,9,0.1,42,0.6
2,9,0.1,99,0.53
2,9,0.2,0,0.615
2,9,0.2,42,0.62
2,9,0.2,99,0.565
2,9,0.3,0,0.6
2,9,0.3,42,0.5833333333333334
2,9,0.3,99,0.5366666666666666
2,9,0.4,0,0.575
2,9,0.4,42,0.565
2,9,0.4,99,0.565
2,10,0.1,0,0.62
2,10,0.1,42,0.63
2,10,0.1,99,0.57
2,10,0.2,0,0.6
2,10,0.2,42,0.625
2,10,0.2,99,0.6
2,10,0.3,0,0.6066666666666667
2,10,0.3,42,0.5966666666666667
2,10,0.3,99,0.5366666666666666
2,10,0.4,0,0.585
2,10,0.4,42,0.57
2,10,0.4,99,0.58
2,11,0.1,0,0.62
2,11,0.1,42,0.62
2,11,0.1,99,0.58
2,11,0.2,0,0.59
2,11,0.2,42,0.61
2,11,0.2,99,0.575
2,11,0.3,0,0.59
2,11,0.3,42,0.6066666666666667
2,11,0.3,99,0.5166666666666667
2,11,0.4,0,0.5675
2,11,0.4,42,0.59
2,11,0.4,99,0.56
2,12,0.1,0,0.57
2,12,0.1,42,0.6
2,12,0.1,99,0.56
2,12,0.2,0,0.565
2,12,0.2,42,0.61
2,12,0.2,99,0.58
2,12,0.3,0,0.5833333333333334
2,12,0.3,42,0.6
2,12,0.3,99,0.5233333333333333
2,12,0.4,0,0.5625
2,12,0.4,42,0.5775
2,12,0.4,99,0.5625
2,13,0.1,0,0.59
2,13,0.1,42,0.63
2,13,0.1,99,0.55
2,13,0.2,0,0.55
2,13,0.2,42,0.615
2,13,0.2,99,0.55
2,13,0.3,0,0.57
2,13,0.3,42,0.5933333333333334
2,13,0.3,99,0.5233333333333333
2,13,0.4,0,0.5725
2,13,0.4,42,0.5825
2,13,0.4,99,0.56
2,14,0.1,0,0.6
2,14,0.1,42,0.63
2,14,0.1,99,0.53
2,14,0.2,0,0.57
2,14,0.2,42,0.61
2,14,0.2,99,0.58
2,14,0.3,0,0.5833333333333334
2,14,0.3,42,0.59
2,14,0.3,99,0.5333333333333333
2,14,0.4,0,0.565
2,14,0.4,42,0.57
2,14,0.4,99,0.5425
2,15,0.1,0,0.57
2,15,0.1,42,0.6
2,15,0.1,99,0.54
2,15,0.2,0,0.57
2,15,0.2,42,0.615
2,15,0.2,99,0.58
2,15,0.3,0,0.57
2,15,0.3,42,0.5933333333333334
2,15,0.3,99,0.5233333333333333
2,15,0.4,0,0.56
2,15,0.4,42,0.58
2,15,0.4,99,0.5425
2,16,0.1,0,0.62
2,16,0.1,42,0.59
2,16,0.1,99,0.56
2,16,0.2,0,0.565
2,16,0.2,42,0.61
2,16,0.2,99,0.55
2,16,0.3,0,0.5766666666666667
2,16,0.3,42,0.59
2,16,0.3,99,0.5266666666666666
2,16,0.4,0,0.5625
2,16,0.4,42,0.5925
2,16,0.4,99,0.545
2,17,0.1,0,0.61
2,17,0.1,42,0.62
2,17,0.1,99,0.55
2,17,0.2,0,0.57
2,17,0.2,42,0.615
2,17,0.2,99,0.555
2,17,0.3,0,0.57
2,17,0.3,42,0.6033333333333334
2,17,0.3,99,0.52
2,17,0.4,0,0.5725
2,17,0.4,42,0.595
2,17,0.4,99,0.5375
2,18,0.1,0,0.59
2,18,0.1,42,0.61
2,18,0.1,99,0.57
2,18,0.2,0,0.57
2,18,0.2,42,0.6
2,18,0.2,99,0.57
2,18,0.3,0,0.5666666666666667
2,18,0.3,42,0.6
2,18,0.3,99,0.53
2,18,0.4,0,0.57
2,18,0.4,42,0.5925
2,18,0.4,99,0.5325
2,19,0.1,0,0.58
2,19,0.1,42,0.61
2,19,0.1,99,0.56
2,19,0.2,0,0.565
2,19,0.2,42,0.605
2,19,0.2,99,0.555
2,19,0.3,0,0.5666666666666667
2,19,0.3,42,0.6
2,19,0.3,99,0.5166666666666667
2,19,0.4,0,0.5575
2,19,0.4,42,0.58
2,19,0.4,99,0.54
2,20,0.1,0,0.57
2,20,0.1,42,0.6
2,20,0.1,99,0.56
2,20,0.2,0,0.555
2,20,0.2,42,0.605
2,20,0.2,99,0.56
2,20,0.3,0,0.5533333333333333
2,20,0.3,42,0.6
2,20,0.3,99,0.53
2,20,0.4,0,0.565
2,20,0.4,42,0.58
2,20,0.4,99,0.545
2,21,0.1,0,0.58
2,21,0.1,42,0.6
2,21,0.1,99,0.54
2,21,0.2,0,0.56
2,21,0.2,42,0.615
2,21,0.2,99,0.54
2,21,0.3,0,0.54
2,21,0.3,42,0.5833333333333334
2,21,0.3,99,0.5166666666666667
2,21,0.4,0,0.5425
2,21,0.4,42,0.5775
2,21,0.4,99,0.545
2,22,0.1,0,0.55
2,22,0.1,42,0.59
2,22,0.1,99,0.54
2,22,0.2,0,0.555
2,22,0.2,42,0.62
2,22,0.2,99,0.555
2,22,0.3,0,0.5466666666666666
2,22,0.3,42,0.5933333333333334
2,22,0.3,99,0.5233333333333333
2,22,0.4,0,0.5575
2,22,0.4,42,0.5725
2,22,0.4,99,0.54
2,23,0.1,0,0.56
2,23,0.1,42,0.57
2,23,0.1,99,0.54
2,23,0.2,0,0.535
2,23,0.2,42,0.6
2,23,0.2,99,0.55
2,23,0.3,0,0.55
2,23,0.3,42,0.5866666666666667
2,23,0.3,99,0.53
2,23,0.4,0,0.5475
2,23,0.4,42,0.5725
2,23,0.4,99,0.545
2,24,0.1,0,0.54
2,24,0.1,42,0.57
2,24,0.1,99,0.52
2,24,0.2,0,0.525
2,24,0.2,42,0.59
2,24,0.2,99,0.545
2,24,0.3,0,0.5366666666666666
2,24,0.3,42,0.5733333333333334
2,24,0.3,99,0.53
2,24,0.4,0,0.55
2,24,0.4,42,0.58
2,24,0.4,99,0.5475
2,25,0.1,0,0.54
2,25,0.1,42,0.6
2,25,0.1,99,0.52
2,25,0.2,0,0.525
2,25,0.2,42,0.595
2,25,0.2,99,0.55
2,25,0.3,0,0.5266666666666666
2,25,0.3,42,0.5633333333333334
2,25,0.3,99,0.5166666666666667
2,25,0.4,0,0.545
2,25,0.4,42,0.575
2,25,0.4,99,0.54
2,26,0.1,0,0.53
2,26,0.1,42,0.57
2,26,0.1,99,0.53
2,26,0.2,0,0.525
2,26,0.2,42,0.585
2,26,0.2,99,0.54
2,26,0.3,0,0.5433333333333333
2,26,0.3,42,0.5666666666666667
2,26,0.3,99,0.51
2,26,0.4,0,0.55
2,26,0.4,42,0.5575
2,26,0.4,99,0.545
2,27,0.1,0,0.52
2,27,0.1,42,0.56
2,27,0.1,99,0.54
2,27,0.2,0,0.52
2,27,0.2,42,0.605
2,27,0.2,99,0.55
2,27,0.3,0,0.5533333333333333
2,27,0.3,42,0.58
2,27,0.3,99,0.5033333333333333
2,27,0.4,0,0.545
2,27,0.4,42,0.555
2,27,0.4,99,0.535
2,28,0.1,0,0.52
2,28,0.1,42,0.58
2,28,0.1,99,0.54
2,28,0.2,0,0.53
2,28,0.2,42,0.61
2,28,0.2,99,0.545
2,28,0.3,0,0.5466666666666666
2,28,0.3,42,0.5733333333333334
2,28,0.3,99,0.51
2,28,0.4,0,0.5425
2,28,0.4,42,0.555
2,28,0.4,99,0.53
2,29,0.1,0,0.53
2,29,0.1,42,0.58
2,29,0.1,99,0.53
2,29,0.2,0,0.53
2,29,0.2,42,0.61
2,29,0.2,99,0.53
2,29,0.3,0,0.5333333333333333
2,29,0.3,42,0.5733333333333334
2,29,0.3,99,0.5066666666666667
2,29,0.4,0,0.5375
2,29,0.4,42,0.5475
2,29,0.4,99,0.535
2,30,0.1,0,0.51
2,30,0.1,42,0.6
2,30,0.1,99,0.53
2,30,0.2,0,0.525
2,30,0.2,42,0.595
2,30,0.2,99,0.535
2,30,0.3,0,0.5333333333333333
2,30,0.3,42,0.5666666666666667
2,30,0.3,99,0.5033333333333333
2,30,0.4,0,0.5325
2,30,0.4,42,0.555
2,30,0.4,99,0.5225
3,1,0.1,0,0.57
3,1,0.1,42,0.64
3,1,0.1,99,0.56
3,1,0.2,0,0.585
3,1,0.2,42,0.635
3,1,0.2,99,0.6
3,1,0.3,0,0.5933333333333334
3,1,0.3,42,0.6
3,1,0.3,99,0.6
3,1,0.4,0,0.5825
3,1,0.4,42,0.585
3,1,0.4,99,0.5825
3,2,0.1,0,0.59
3,2,0.1,42,0.55
3,2,0.1,99,0.52
3,2,0.2,0,0.52
3,2,0.2,42,0.545
3,2,0.2,99,0.58
3,2,0.3,0,0.56
3,2,0.3,42,0.54
3,2,0.3,99,0.54
3,2,0.4,0,0.5525
3,2,0.4,42,0.545
3,2,0.4,99,0.515
3,3,0.1,0,0.6
3,3,0.1,42,0.61
3,3,0.1,99,0.51
3,3,0.2,0,0.555
3,3,0.2,42,0.59
3,3,0.2,99,0.6
3,3,0.3,0,0.5633333333333334
3,3,0.3,42,0.5633333333333334
3,3,0.3,99,0.5466666666666666
3,3,0.4,0,0.57
3,3,0.4,42,0.545
3,3,0.4,99,0.5275
3,4,0.1,0,0.59
3,4,0.1,42,0.62
3,4,0.1,99,0.55
3,4,0.2,0,0.54
3,4,0.2,42,0.625
3,4,0.2,99,0.6
3,4,0.3,0,0.58
3,4,0.3,42,0.5833333333333334
3,4,0.3,99,0.55
3,4,0.4,0,0.5925
3,4,0.4,42,0.5625
3,4,0.4,99,0.5525
3,5,0.1,0,0.62
3,5,0.1,42,0.63
3,5,0.1,99,0.57
3,5,0.2,0,0.565
3,5,0.2,42,0.63
3,5,0.2,99,0.575
3,5,0.3,0,0.6166666666666667
3,5,0.3,42,0.6
3,5,0.3,99,0.55
3,5,0.4,0,0.6325
3,5,0.4,42,0.5675
3,5,0.4,99,0.5725
3,6,0.1,0,0.66
3,6,0.1,42,0.62
3,6,0.1,99,0.56
3,6,0.2,0,0.575
3,6,0.2,42,0.625
3,6,0.2,99,0.59
3,6,0.3,0,0.61
3,6,0.3,42,0.6133333333333333
3,6,0.3,99,0.56
3,6,0.4,0,0.6125
3,6,0.4,42,0.58
3,6,0.4,99,0.5625
3,7,0.1,0,0.63
3,7,0.1,42,0.61
3,7,0.1,99,0.54
3,7,0.2,0,0.585
3,7,0.2,42,0.625
3,7,0.2,99,0.59
3,7,0.3,0,0.5866666666666667
3,7,0.3,42,0.5833333333333334
3,7,0.3,99,0.5533333333333333
3,7,0.4,0,0.6075
3,7,0.4,42,0.6
3,7,0.4,99,0.5725
3,8,0.1,0,0.62
3,8,0.1,42,0.6
3,8,0.1,99,0.52
3,8,0.2,0,0.59
3,8,0.2,42,0.615
3,8,0.2,99,0.575
3,8,0.3,0,0.5866666666666667
3,8,0.3,42,0.5933333333333334
3,8,0.3,99,0.5466666666666666
3,8,0.4,0,0.5925
3,8,0.4,42,0.585
3,8,0.4,99,0.5825
3,9,0.1,0,0.62
3,9,0.1,42,0.61
3,9,0.1,99,0.58
3,9,0.2,0,0.6
3,9,0.2,42,0.6
3,9,0.2,99,0.585
3,9,0.3,0,0.5933333333333334
3,9,0.3,42,0.58
3,9,0.3,99,0.5533333333333333
3,9,0.4,0,0.585
3,9,0.4,42,0.5875
3,9,0.4,99,0.58
3,10,0.1,0,0.62
3,10,0.1,42,0.61
3,10,0.1,99,0.57
3,10,0.2,0,0.59
3,10,0.2,42,0.62
3,10,0.2,99,0.595
3,10,0.3,0,0.59
3,10,0.3,42,0.6
3,10,0.3,99,0.5666666666666667
3,10,0.4,0,0.58
3,10,0.4,42,0.59
3,10,0.4,99,0.565
3,11,0.1,0,0.61
3,11,0.1,42,0.61
3,11,0.1,99,0.61
3,11,0.2,0,0.575
3,11,0.2,42,0.62
3,11,0.2,99,0.585
3,11,0.3,0,0.5766666666666667
3,11,0.3,42,0.6066666666666667
3,11,0.3,99,0.5633333333333334
3,11,0.4,0,0.58
3,11,0.4,42,0.5975
3,11,0.4,99,0.5825
3,12,0.1,0,0.59
3,12,0.1,42,0.59
3,12,0.1,99,0.58
3,12,0.2,0,0.58
3,12,0.2,42,0.615
3,12,0.2,99,0.585
3,12,0.3,0,0.5833333333333334
3,12,0.3,42,0.5966666666666667
3,12,0.3,99,0.5566666666666666
3,12,0.4,0,0.565
3,12,0.4,42,0.5925
3,12,0.4,99,0.5625
3,13,0.1,0,0.59
3,13,0.1,42,0.58
3,13,0.1,99,0.57
3,13,0.2,0,0.575
3,13,0.2,42,0.625
3,13,0.2,99,0.615
3,13,0.3,0,0.5733333333333334
3,13,0.3,42,0.5966666666666667
3,13,0.3,99,0.56
3,13,0.4,0,0.57
3,13,0.4,42,0.6025
3,13,0.4,99,0.5525
3,14,0.1,0,0.57
3,14,0.1,42,0.56
3,14,0.1,99,0.56
3,14,0.2,0,0.565
3,14,0.2,42,0.6
3,14,0.2,99,0.6
3,14,0.3,0,0.5433333333333333
3,14,0.3,42,0.6033333333333334
3,14,0.3,99,0.55
3,14,0.4,0,0.5675
3,14,0.4,42,0.58
3,14,0.4,99,0.5575
3,15,0.1,0,0.54
3,15,0.1,42,0.58
3,15,0.1,99,0.58
3,15,0.2,0,0.565
3,15,0.2,42,0.585
3,15,0.2,99,0.61
3,15,0.3,0,0.56
3,15,0.3,42,0.6
3,15,0.3,99,0.5333333333333333
3,15,0.4,0,0.5675
3,15,0.4,42,0.585
3,15,0.4,99,0.5725
3,16,0.1,0,0.54
3,16,0.1,42,0.61
3,16,0.1,99,0.56
3,16,0.2,0,0.575
3,16,0.2,42,0.61
3,16,0.2,99,0.59
3,16,0.3,0,0.5566666666666666
3,16,0.3,42,0.6066666666666667
3,16,0.3,99,0.5333333333333333
3,16,0.4,0,0.5625
3,16,0.4,42,0.565
3,16,0.4,99,0.5725
3,17,0.1,0,0.53
3,17,0.1,42,0.61
3,17,0.1,99,0.56
3,17,0.2,0,0.555
3,17,0.2,42,0.615
3,17,0.2,99,0.59
3,17,0.3,0,0.5566666666666666
3,17,0.3,42,0.5933333333333334
3,17,0.3,99,0.55
3,17,0.4,0,0.5675
3,17,0.4,42,0.5625
3,17,0.4,99,0.55
3,18,0.1,0,0.56
3,18,0.1,42,0.58
3,18,0.1,99,0.56
3,18,0.2,0,0.56
3,18,0.2,42,0.615
3,18,0.2,99,0.595
3,18,0.3,0,0.5533333333333333
3,18,0.3,42,0.5933333333333334
3,18,0.3,99,0.54
3,18,0.4,0,0.5775
3,18,0.4,42,0.575
3,18,0.4,99,0.5625
3,19,0.1,0,0.55
3,19,0.1,42,0.57
3,19,0.1,99,0.56
3,19,0.2,0,0.55
3,19,0.2,42,0.615
3,19,0.2,99,0.6
3,19,0.3,0,0.5466666666666666
3,19,0.3,42,0.6033333333333334
3,19,0.3,99,0.54
3,19,0.4,0,0.58
3,19,0.4,42,0.5675
3,19,0.4,99,0.545
3,20,0.1,0,0.54
3,20,0.1,42,0.56
3,20,0.1,99,0.54
3,20,0.2,0,0.54
3,20,0.2,42,0.605
3,20,0.2,99,0.61
3,20,0.3,0,0.55
3,20,0.3,42,0.6
3,20,0.3,99,0.5233333333333333
3,20,0.4,0,0.5825
3,20,0.4,42,0.56
3,20,0.4,99,0.545
3,21,0.1,0,0.56
3,21,0.1,42,0.57
3,21,0.1,99,0.57
3,21,0.2,0,0.55
3,21,0.2,42,0.615
3,21,0.2,99,0.59
3,21,0.3,0,0.5533333333333333
3,21,0.3,42,0.5933333333333334
3,21,0.3,99,0.53
3,21,0.4,0,0.5675
3,21,0.4,42,0.5525
3,21,0.4,99,0.535
3,22,0.1,0,0.55
3,22,0.1,42,0.57
3,22,0.1,99,0.55
3,22,0.2,0,0.55
3,22,0.2,42,0.6
3,22,0.2,99,0.57
3,22,0.3,0,0.5566666666666666
3,22,0.3,42,0.5866666666666667
3,22,0.3,99,0.5366666666666666
3,22,0.4,0,0.5675
3,22,0.4,42,0.5425
3,22,0.4,99,0.54
3,23,0.1,0,0.56
3,23,0.1,42,0.58
3,23,0.1,99,0.57
3,23,0.2,0,0.535
3,23,0.2,42,0.595
3,23,0.2,99,0.585
3,23,0.3,0,0.5533333333333333
3,23,0.3,42,0.5733333333333334
3,23,0.3,99,0.5366666666666666
3,23,0.4,0,0.5725
3,23,0.4,42,0.545
3,23,0.4,99,0.5525
3,24,0.1,0,0.56
3,24,0.1,42,0.59
3,24,0.1,99,0.56
3,24,0.2,0,0.525
3,24,0.2,42,0.6
3,24,0.2,99,0.58
3,24,0.3,0,0.5466666666666666
3,24,0.3,42,0.57
3,24,0.3,99,0.5233333333333333
3,24,0.4,0,0.57
3,24,0.4,42,0.53
3,24,0.4,99,0.545
3,25,0.1,0,0.55
3,25,0.1,42,0.58
3,25,0.1,99,0.53
3,25,0.2,0,0.54
3,25,0.2,42,0.595
3,25,0.2,99,0.575
3,25,0.3,0,0.5466666666666666
3,25,0.3,42,0.5666666666666667
3,25,0.3,99,0.5233333333333333
3,25,0.4,0,0.57
3,25,0.4,42,0.5325
3,25,0.4,99,0.545
3,26,0.1,0,0.54
3,26,0.1,42,0.58
3,26,0.1,99,0.51
3,26,0.2,0,0.54
3,26,0.2,42,0.58
3,26,0.2,99,0.58
3,26,0.3,0,0.5533333333333333
3,26,0.3,42,0.5533333333333333
3,26,0.3,99,0.5066666666666667
3,26,0.4,0,0.56
3,26,0.4,42,0.5275
3,26,0.4,99,0.5475
3,27,0.1,0,0.55
3,27,0.1,42,0.59
3,27,0.1,99,0.53
3,27,0.2,0,0.525
3,27,0.2,42,0.59
3,27,0.2,99,0.565
3,27,0.3,0,0.55
3,27,0.3,42,0.5433333333333333
3,27,0.3,99,0.5033333333333333
3,27,0.4,0,0.555
3,27,0.4,42,0.5475
3,27,0.4,99,0.545
3,28,0.1,0,0.53
3,28,0.1,42,0.59
3,28,0.1,99,0.52
3,28,0.2,0,0.53
3,28,0.2,42,0.585
3,28,0.2,99,0.555
3,28,0.3,0,0.5466666666666666
3,28,0.3,42,0.5433333333333333
3,28,0.3,99,0.51
3,28,0.4,0,0.5425
3,28,0.4,42,0.54
3,28,0.4,99,0.53
3,29,0.1,0,0.51
3,29,0.1,42,0.61
3,29,0.1,99,0.53
3,29,0.2,0,0.545
3,29,0.2,42,0.585
3,29,0.2,99,0.57
3,29,0.3,0,0.54
3,29,0.3,42,0.5566666666666666
3,29,0.3,99,0.5166666666666667
3,29,0.4,0,0.545
3,29,0.4,42,0.5425
3,29,0.4,99,0.5375
3,30,0.1,0,0.51
3,30,0.1,42,0.62
3,30,0.1,99,0.53
3,30,0.2,0,0.55
3,30,0.2,42,0.585
3,30,0.2,99,0.55
3,30,0.3,0,0.54
3,30,0.3,42,0.55
3,30,0.3,99,0.5133333333333333
3,30,0.4,0,0.5325
3,30,0.4,42,0.5475
3,30,0.4,99,0.53
4,1,0.1,0,0.59
4,1,0.1,42,0.63
4,1,0.1,99,0.62
4,1,0.2,0,0.605
4,1,0.2,42,0.66
4,1,0.2,99,0.65
4,1,0.3,0,0.6466666666666666
4,1,0.3,42,0.6166666666666667
4,1,0.3,99,0.62
4,1,0.4,0,0.6375
4,1,0.4,42,0.5975
4,1,0.4,99,0.605
4,2,0.1,0,0.57
4,2,0.1,42,0.64
4,2,0.1,99,0.55
4,2,0.2,0,0.57
4,2,0.2,42,0.605
4,2,0.2,99,0.59
4,2,0.3,0,0.59
4,2,0.3,42,0.58
4,2,0.3,99,0.56
4,2,0.4,0,0.585
4,2,0.4,42,0.5725
4,2,0.4,99,0.555
4,3,0.1,0,0.64
4,3,0.1,42,0.63
4,3,0.1,99,0.55
4,3,0.2,0,0.62
4,3,0.2,42,0.635
4,3,0.2,99,0.6
4,3,0.3,0,0.63
4,3,0.3,42,0.5933333333333334
4,3,0.3,99,0.5833333333333334
4,3,0.4,0,0.6375
4,3,0.4,42,0.585
4,3,0.4,99,0.57
4,4,0.1,0,0.65
4,4,0.1,42,0.68
4,4,0.1,99,0.59
4,4,0.2,0,0.635
4,4,0.2,42,0.66
4,4,0.2,99,0.62
4,4,0.3,0,0.6666666666666666
4,4,0.3,42,0.6366666666666667
4,4,0.3,99,0.59
4,4,0.4,0,0.65
4,4,0.4,42,0.615
4,4,0.4,99,0.5875
4,5,0.1,0,0.69
4,5,0.1,42,0.65
4,5,0.1,99,0.6
4,5,0.2,0,0.64
4,5,0.2,42,0.665
4,5,0.2,99,0.62
4,5,0.3,0,0.6633333333333333
4,5,0.3,42,0.6266666666666667
4,5,0.3,99,0.6066666666666667
4,5,0.4,0,0.6625
4,5,0.4,42,0.595
4,5,0.4,99,0.5975
4,6,0.1,0,0.7
4,6,0.1,42,0.6
4,6,0.1,99,0.59
4,6,0.2,0,0.655
4,6,0.2,42,0.63
4,6,0.2,99,0.615
4,6,0.3,0,0.6566666666666666
4,6,0.3,42,0.6266666666666667
4,6,0.3,99,0.5966666666666667
4,6,0.4,0,0.645
4,6,0.4,42,0.6075
4,6,0.4,99,0.6075
4,7,0.1,0,0.66
4,7,0.1,42,0.62
4,7,0.1,99,0.56
4,7,0.2,0,0.645
4,7,0.2,42,0.64
4,7,0.2,99,0.62
4,7,0.3,0,0.6366666666666667
4,7,0.3,42,0.61
4,7,0.3,99,0.5833333333333334
4,7,0.4,0,0.63
4,7,0.4,42,0.6125
4,7,0.4,99,0.615
4,8,0.1,0,0.68
4,8,0.1,42,0.63
4,8,0.1,99,0.58
4,8,0.2,0,0.645
4,8,0.2,42,0.645
4,8,0.2,99,0.62
4,8,0.3,0,0.65
4,8,0.3,42,0.62
4,8,0.3,99,0.6
4,8,0.4,0,0.6325
4,8,0.4,42,0.6275
4,8,0.4,99,0.6275
4,9,0.1,0,0.63
4,9,0.1,42,0.6
4,9,0.1,99,0.58
4,9,0.2,0,0.63
4,9,0.2,42,0.65
4,9,0.2,99,0.625
4,9,0.3,0,0.6166666666666667
4,9,0.3,42,0.6333333333333333
4,9,0.3,99,0.5933333333333334
4,9,0.4,0,0.62
4,9,0.4,42,0.62
4,9,0.4,99,0.5975
4,10,0.1,0,0.65
4,10,0.1,42,0.62
4,10,0.1,99,0.62
4,10,0.2,0,0.645
4,10,0.2,42,0.65
4,10,0.2,99,0.63
4,10,0.3,0,0.6333333333333333
4,10,0.3,42,0.6433333333333333
4,10,0.3,99,0.59
4,10,0.4,0,0.6275
4,10,0.4,42,0.615
4,10,0.4,99,0.61
4,11,0.1,0,0.63
4,11,0.1,42,0.64
4,11,0.1,99,0.6
4,11,0.2,0,0.63
4,11,0.2,42,0.645
4,11,0.2,99,0.635
4,11,0.3,0,0.6066666666666667
4,11,0.3,42,0.63
4,11,0.3,99,0.5866666666666667
4,11,0.4,0,0.61
4,11,0.4,42,0.6175
4,11,0.4,99,0.595
4,12,0.1,0,0.66
4,12,0.1,42,0.63
4,12,0.1,99,0.59
4,12,0.2,0,0.63
4,12,0.2,42,0.635
4,12,0.2,99,0.635
4,12,0.3,0,0.6066666666666667
4,12,0.3,42,0.6366666666666667
4,12,0.3,99,0.5866666666666667
4,12,0.4,0,0.6
4,12,0.4,42,0.615
4,12,0.4,99,0.5875
4,13,0.1,0,0.62
4,13,0.1,42,0.62
4,13,0.1,99,0.6
4,13,0.2,0,0.61
4,13,0.2,42,0.64
4,13,0.2,99,0.64
4,13,0.3,0,0.5966666666666667
4,13,0.3,42,0.62
4,13,0.3,99,0.5733333333333334
4,13,0.4,0,0.6075
4,13,0.4,42,0.62
4,13,0.4,99,0.58
4,14,0.1,0,0.61
4,14,0.1,42,0.61
4,14,0.1,99,0.6
4,14,0.2,0,0.6
4,14,0.2,42,0.63
4,14,0.2,99,0.64
4,14,0.3,0,0.5833333333333334
4,14,0.3,42,0.6166666666666667
4,14,0.3,99,0.59
4,14,0.4,0,0.605
4,14,0.4,42,0.6175
4,14,0.4,99,0.585
4,15,0.1,0,0.61
4,15,0.1,42,0.61
4,15,0.1,99,0.59
4,15,0.2,0,0.615
4,15,0.2,42,0.645
4,15,0.2,99,0.64
4,15,0.3,0,0.5833333333333334
4,15,0.3,42,0.6033333333333334
4,15,0.3,99,0.59
4,15,0.4,0,0.6075
4,15,0.4,42,0.6175
4,15,0.4,99,0.5875
4,16,0.1,0,0.6
4,16,0.1,42,0.63
4,16,0.1,99,0.59
4,16,0.2,0,0.585
4,16,0.2,42,0.65
4,16,0.2,99,0.635
4,16,0.3,0,0.5866666666666667
4,16,0.3,42,0.6033333333333334
4,16,0.3,99,0.58
4,16,0.4,0,0.6075
4,16,0.4,42,0.6125
4,16,0.4,99,0.5925
4,17,0.1,0,0.61
4,17,0.1,42,0.63
4,17,0.1,99,0.58
4,17,0.2,0,0.595
4,17,0.2,42,0.655
4,17,0.2,99,0.61
4,17,0.3,0,0.5933333333333334
4,17,0.3,42,0.6266666666666667
4,17,0.3,99,0.5733333333333334
4,17,0.4,0,0.61
4,17,0.4,42,0.5975
4,17,0.4,99,0.59
4,18,0.1,0,0.57
4,18,0.1,42,0.62
4,18,0.1,99,0.57
4,18,0.2,0,0.595
4,18,0.2,42,0.65
4,18,0.2,99,0.63
4,18,0.3,0,0.59
4,18,0.3,42,0.6133333333333333
4,18,0.3,99,0.5866666666666667
4,18,0.4,0,0.62
4,18,0.4,42,0.595
4,18,0.4,99,0.58
4,19,0.1,0,0.54
4,19,0.1,42,0.6
4,19,0.1,99,0.57
4,19,0.2,0,0.575
4,19,0.2,42,0.64
4,19,0.2,99,0.61
4,19,0.3,0,0.5866666666666667
4,19,0.3,42,0.6266666666666667
4,19,0.3,99,0.5733333333333334
4,19,0.4,0,0.62
4,19,0.4,42,0.5875
4,19,0.4,99,0.575
4,20,0.1,0,0.55
4,20,0.1,42,0.6
4,20,0.1,99,0.57
4,20,0.2,0,0.59
4,20,0.2,42,0.615
4,20,0.2,99,0.595
4,20,0.3,0,0.5866666666666667
4,20,0.3,42,0.62
4,20,0.3,99,0.5633333333333334
4,20,0.4,0,0.615
4,20,0.4,42,0.585
4,20,0.4,99,0.595
4,21,0.1,0,0.56
4,21,0.1,42,0.61
4,21,0.1,99,0.57
4,21,0.2,0,0.58
4,21,0.2,42,0.635
4,21,0.2,99,0.595
4,21,0.3,0,0.59
4,21,0.3,42,0.6033333333333334
4,21,0.3,99,0.56
4,21,0.4,0,0.605
4,21,0.4,42,0.5875
4,21,0.4,99,0.59
4,22,0.1,0,0.55
4,22,0.1,42,0.61
4,22,0.1,99,0.55
4,22,0.2,0,0.6
4,22,0.2,42,0.645
4,22,0.2,99,0.61
4,22,0.3,0,0.5966666666666667
4,22,0.3,42,0.6033333333333334
4,22,0.3,99,0.5633333333333334
4,22,0.4,0,0.605
4,22,0.4,42,0.5825
4,22,0.4,99,0.58
4,23,0.1,0,0.56
4,23,0.1,42,0.62
4,23,0.1,99,0.55
4,23,0.2,0,0.6
4,23,0.2,42,0.645
4,23,0.2,99,0.605
4,23,0.3,0,0.5866666666666667
4,23,0.3,42,0.6
4,23,0.3,99,0.5633333333333334
4,23,0.4,0,0.5875
4,23,0.4,42,0.57
4,23,0.4,99,0.5775
4,24,0.1,0,0.57
4,24,0.1,42,0.61
4,24,0.1,99,0.56
4,24,0.2,0,0.595
4,24,0.2,42,0.635
4,24,0.2,99,0.59
4,24,0.3,0,0.59
4,24,0.3,42,0.5933333333333334
4,24,0.3,99,0.56
4,24,0.4,0,0.59
4,24,0.4,42,0.5475
4,24,0.4,99,0.585
4,25,0.1,0,0.57
4,25,0.1,42,0.63
4,25,0.1,99,0.56
4,25,0.2,0,0.605
4,25,0.2,42,0.63
4,25,0.2,99,0.6
4,25,0.3,0,0.5866666666666667
4,25,0.3,42,0.5866666666666667
4,25,0.3,99,0.5633333333333334
4,25,0.4,0,0.5925
4,25,0.4,42,0.56
4,25,0.4,99,0.5675
4,26,0.1,0,0.57
4,26,0.1,42,0.62
4,26,0.1,99,0.54
4,26,0.2,0,0.615
4,26,0.2,42,0.63
4,26,0.2,99,0.6
4,26,0.3,0,0.5833333333333334
4,26,0.3,42,0.5833333333333334
4,26,0.3,99,0.56
4,26,0.4,0,0.595
4,26,0.4,42,0.5575
4,26,0.4,99,0.565
4,27,0.1,0,0.57
4,27,0.1,42,0.62
4,27,0.1,99,0.54
4,27,0.2,0,0.61
4,27,0.2,42,0.63
4,27,0.2,99,0.61
4,27,0.3,0,0.5766666666666667
4,27,0.3,42,0.5766666666666667
4,27,0.3,99,0.55
4,27,0.4,0,0.59
4,27,0.4,42,0.5625
4,27,0.4,99,0.565
4,28,0.1,0,0.59
4,28,0.1,42,0.63
4,28,0.1,99,0.55
4,28,0.2,0,0.59
4,28,0.2,42,0.62
4,28,0.2,99,0.605
4,28,0.3,0,0.5633333333333334
4,28,0.3,42,0.58
4,28,0.3,99,0.5466666666666666
4,28,0.4,0,0.58
4,28,0.4,42,0.565
4,28,0.4,99,0.57
4,29,0.1,0,0.6
4,29,0.1,42,0.63
4,29,0.1,99,0.54
4,29,0.2,0,0.6
4,29,0.2,42,0.635
4,29,0.2,99,0.61
4,29,0.3,0,0.5633333333333334
4,29,0.3,42,0.6
4,29,0.3,99,0.5466666666666666
4,29,0.4,0,0.575
4,29,0.4,42,0.5725
4,29,0.4,99,0.57
4,30,0.1,0,0.59
4,30,0.1,42,0.63
4,30,0.1,99,0.54
4,30,0.2,0,0.595
4,30,0.2,42,0.625
4,30,0.2,99,0.59
4,30,0.3,0,0.5666666666666667
4,30,0.3,42,0.59
4,30,0.3,99,0.5533333333333333
4,30,0.4,0,0.575
4,30,0.4,42,0.58
4,30,0.4,99,0.5675
5,1,0.1,0,0.59
5,1,0.1,42,0.67
5,1,0.1,99,0.59
5,1,0.2,0,0.63
5,1,0.2,42,0.695
5,1,0.2,99,0.625
5,1,0.3,0,0.6333333333333333
5,1,0.3,42,0.6466666666666666
5,1,0.3,99,0.6166666666666667
5,1,0.4,0,0.625
5,1,0.4,42,0.6175
5,1,0.4,99,0.61
5,2,0.1,0,0.57
5,2,0.1,42,0.66
5,2,0.1,99,0.6
5,2,0.2,0,0.585
5,2,0.2,42,0.64
5,2,0.2,99,0.625
5,2,0.3,0,0.59
5,2,0.3,42,0.6066666666666667
5,2,0.3,99,0.6
5,2,0.4,0,0.5875
5,2,0.4,42,0.595
5,2,0.4,99,0.5825
5,3,0.1,0,0.65
5,3,0.1,42,0.65
5,3,0.1,99,0.6
5,3,0.2,0,0.645
5,3,0.2,42,0.67
5,3,0.2,99,0.625
5,3,0.3,0,0.66
5,3,0.3,42,0.6333333333333333
5,3,0.3,99,0.5933333333333334
5,3,0.4,0,0.64
5,3,0.4,42,0.635
5,3,0.4,99,0.5875
5,4,0.1,0,0.65
5,4,0.1,42,0.7
5,4,0.1,99,0.64
5,4,0.2,0,0.685
5,4,0.2,42,0.675
5,4,0.2,99,0.665
5,4,0.3,0,0.6833333333333333
5,4,0.3,42,0.6466666666666666
5,4,0.3,99,0.6066666666666667
5,4,0.4,0,0.6475
5,4,0.4,42,0.65
5,4,0.4,99,0.6075
5,5,0.1,0,0.67
5,5,0.1,42,0.68
5,5,0.1,99,0.58
5,5,0.2,0,0.7
5,5,0.2,42,0.675
5,5,0.2,99,0.625
5,5,0.3,0,0.6833333333333333
5,5,0.3,42,0.6366666666666667
5,5,0.3,99,0.61
5,5,0.4,0,0.6525
5,5,0.4,42,0.6225
5,5,0.4,99,0.62
5,6,0.1,0,0.69
5,6,0.1,42,0.69
5,6,0.1,99,0.58
5,6,0.2,0,0.695
5,6,0.2,42,0.665
5,6,0.2,99,0.615
5,6,0.3,0,0.6833333333333333
5,6,0.3,42,0.6366666666666667
5,6,0.3,99,0.6266666666666667
5,6,0.4,0,0.645
5,6,0.4,42,0.64
5,6,0.4,99,0.625
5,7,0.1,0,0.68
5,7,0.1,42,0.69
5,7,0.1,99,0.58
5,7,0.2,0,0.67
5,7,0.2,42,0.675
5,7,0.2,99,0.635
5,7,0.3,0,0.6733333333333333
5,7,0.3,42,0.6633333333333333
5,7,0.3,99,0.6333333333333333
5,7,0.4,0,0.645
5,7,0.4,42,0.6425
5,7,0.4,99,0.6425
5,8,0.1,0,0.66
5,8,0.1,42,0.68
5,8,0.1,99,0.57
5,8,0.2,0,0.655
5,8,0.2,42,0.685
5,8,0.2,99,0.635
5,8,0.3,0,0.6766666666666666
5,8,0.3,42,0.6533333333333333
5,8,0.3,99,0.6366666666666667
5,8,0.4,0,0.63
5,8,0.4,42,0.6375
5,8,0.4,99,0.645
5,9,0.1,0,0.65
5,9,0.1,42,0.69
5,9,0.1,99,0.6
5,9,0.2,0,0.67
5,9,0.2,42,0.685
5,9,0.2,99,0.65
5,9,0.3,0,0.6533333333333333
5,9,0.3,42,0.66
5,9,0.3,99,0.6266666666666667
5,9,0.4,0,0.635
5,9,0.4,42,0.6225
5,9,0.4,99,0.6175
5,10,0.1,0,0.72
5,10,0.1,42,0.68
5,10,0.1,99,0.63
5,10,0.2,0,0.675
5,10,0.2,42,0.67
5,10,0.2,99,0.65
5,10,0.3,0,0.65
5,10,0.3,42,0.6566666666666666
5,10,0.3,99,0.6133333333333333
5,10,0.4,0,0.6275
5,10,0.4,42,0.6325
5,10,0.4,99,0.6175
5,11,0.1,0,0.67
5,11,0.1,42,0.65
5,11,0.1,99,0.64
5,11,0.2,0,0.65
5,11,0.2,42,0.67
5,11,0.2,99,0.66
5,11,0.3,0,0.6266666666666667
5,11,0.3,42,0.66
5,11,0.3,99,0.61
5,11,0.4,0,0.615
5,11,0.4,42,0.6325
5,11,0.4,99,0.625
5,12,0.1,0,0.69
5,12,0.1,42,0.65
5,12,0.1,99,0.62
5,12,0.2,0,0.64
5,12,0.2,42,0.655
5,12,0.2,99,0.67
5,12,0.3,0,0.6366666666666667
5,12,0.3,42,0.66
5,12,0.3,99,0.6266666666666667
5,12,0.4,0,0.6175
5,12,0.4,42,0.63
5,12,0.4,99,0.6325
5,13,0.1,0,0.67
5,13,0.1,42,0.65
5,13,0.1,99,0.63
5,13,0.2,0,0.66
5,13,0.2,42,0.655
5,13,0.2,99,0.655
5,13,0.3,0,0.62
5,13,0.3,42,0.6533333333333333
5,13,0.3,99,0.6166666666666667
5,13,0.4,0,0.6175
5,13,0.4,42,0.6175
5,13,0.4,99,0.61
5,14,0.1,0,0.64
5,14,0.1,42,0.66
5,14,0.1,99,0.64
5,14,0.2,0,0.64
5,14,0.2,42,0.67
5,14,0.2,99,0.675
5,14,0.3,0,0.6033333333333334
5,14,0.3,42,0.66
5,14,0.3,99,0.6133333333333333
5,14,0.4,0,0.615
5,14,0.4,42,0.62
5,14,0.4,99,0.605
5,15,0.1,0,0.62
5,15,0.1,42,0.68
5,15,0.1,99,0.62
5,15,0.2,0,0.64
5,15,0.2,42,0.68
5,15,0.2,99,0.67
5,15,0.3,0,0.6133333333333333
5,15,0.3,42,0.65
5,15,0.3,99,0.6
5,15,0.4,0,0.6325
5,15,0.4,42,0.61
5,15,0.4,99,0.6175
5,16,0.1,0,0.62
5,16,0.1,42,0.68
5,16,0.1,99,0.62
5,16,0.2,0,0.635
5,16,0.2,42,0.675
5,16,0.2,99,0.655
5,16,0.3,0,0.6
5,16,0.3,42,0.63
5,16,0.3,99,0.61
5,16,0.4,0,0.6175
5,16,0.4,42,0.605
5,16,0.4,99,0.6225
5,17,0.1,0,0.63
5,17,0.1,42,0.66
5,17,0.1,99,0.63
5,17,0.2,0,0.655
5,17,0.2,42,0.66
5,17,0.2,99,0.65
5,17,0.3,0,0.6133333333333333
5,17,0.3,42,0.6233333333333333
5,17,0.3,99,0.6033333333333334
5,17,0.4,0,0.625
5,17,0.4,42,0.6025
5,17,0.4,99,0.6175
5,18,0.1,0,0.61
5,18,0.1,42,0.66
5,18,0.1,99,0.6
5,18,0.2,0,0.63
5,18,0.2,42,0.65
5,18,0.2,99,0.645
5,18,0.3,0,0.6166666666666667
5,18,0.3,42,0.6066666666666667
5,18,0.3,99,0.6033333333333334
5,18,0.4,0,0.6175
5,18,0.4,42,0.595
5,18,0.4,99,0.6075
5,19,0.1,0,0.58
5,19,0.1,42,0.66
5,19,0.1,99,0.61
5,19,0.2,0,0.62
5,19,0.2,42,0.675
5,19,0.2,99,0.655
5,19,0.3,0,0.6033333333333334
5,19,0.3,42,0.6266666666666667
5,19,0.3,99,0.61
5,19,0.4,0,0.6225
5,19,0.4,42,0.5875
5,19,0.4,99,0.6025
5,20,0.1,0,0.58
5,20,0.1,42,0.68
5,20,0.1,99,0.6
5,20,0.2,0,0.625
5,20,0.2,42,0.65
5,20,0.2,99,0.65
5,20,0.3,0,0.6066666666666667
5,20,0.3,42,0.6266666666666667
5,20,0.3,99,0.6
5,20,0.4,0,0.615
5,20,0.4,42,0.5875
5,20,0.4,99,0.6
5,21,0.1,0,0.58
5,21,0.1,42,0.68
5,21,0.1,99,0.62
5,21,0.2,0,0.625
5,21,0.2,42,0.655
5,21,0.2,99,0.64
5,21,0.3,0,0.62
5,21,0.3,42,0.62
5,21,0.3,99,0.5966666666666667
5,21,0.4,0,0.6175
5,21,0.4,42,0.575
5,21,0.4,99,0.6025
5,22,0.1,0,0.59
5,22,0.1,42,0.68
5,22,0.1,99,0.61
5,22,0.2,0,0.63
5,22,0.2,42,0.655
5,22,0.2,99,0.64
5,22,0.3,0,0.62
5,22,0.3,42,0.6266666666666667
5,22,0.3,99,0.5866666666666667
5,22,0.4,0,0.6175
5,22,0.4,42,0.5825
5,22,0.4,99,0.5925
5,23,0.1,0,0.59
5,23,0.1,42,0.64
5,23,0.1,99,0.61
5,23,0.2,0,0.605
5,23,0.2,42,0.67
5,23,0.2,99,0.635
5,23,0.3,0,0.6233333333333333
5,23,0.3,42,0.6133333333333333
5,23,0.3,99,0.59
5,23,0.4,0,0.615
5,23,0.4,42,0.5825
5,23,0.4,99,0.595
5,24,0.1,0,0.58
5,24,0.1,42,0.66
5,24,0.1,99,0.6
5,24,0.2,0,0.62
5,24,0.2,42,0.665
5,24,0.2,99,0.635
5,24,0.3,0,0.62
5,24,0.3,42,0.6166666666666667
5,24,0.3,99,0.5833333333333334
5,24,0.4,0,0.62
5,24,0.4,42,0.57
5,24,0.4,99,0.5925
5,25,0.1,0,0.61
5,25,0.1,42,0.64
5,25,0.1,99,0.59
5,25,0.2,0,0.63
5,25,0.2,42,0.645
5,25,0.2,99,0.63
5,25,0.3,0,0.6166666666666667
5,25,0.3,42,0.6133333333333333
5,25,0.3,99,0.5866666666666667
5,25,0.4,0,0.6075
5,25,0.4,42,0.575
5,25,0.4,99,0.595
5,26,0.1,0,0.6
5,26,0.1,42,0.64
5,26,0.1,99,0.59
5,26,0.2,0,0.63
5,26,0.2,42,0.655
5,26,0.2,99,0.635
5,26,0.3,0,0.6033333333333334
5,26,0.3,42,0.6066666666666667
5,26,0.3,99,0.5866666666666667
5,26,0.4,0,0.605
5,26,0.4,42,0.5825
5,26,0.4,99,0.59
5,27,0.1,0,0.62
5,27,0.1,42,0.63
5,27,0.1,99,0.58
5,27,0.2,0,0.615
5,27,0.2,42,0.63
5,27,0.2,99,0.645
5,27,0.3,0,0.59
5,27,0.3,42,0.5966666666666667
5,27,0.3,99,0.5733333333333334
5,27,0.4,0,0.595
5,27,0.4,42,0.585
5,27,0.4,99,0.575
5,28,0.1,0,0.61
5,28,0.1,42,0.62
5,28,0.1,99,0.56
5,28,0.2,0,0.63
5,28,0.2,42,0.635
5,28,0.2,99,0.635
5,28,0.3,0,0.59
5,28,0.3,42,0.6033333333333334
5,28,0.3,99,0.5633333333333334
5,28,0.4,0,0.5825
5,28,0.4,42,0.57
5,28,0.4,99,0.5825
5,29,0.1,0,0.58
5,29,0.1,42,0.63
5,29,0.1,99,0.58
5,29,0.2,0,0.625
5,29,0.2,42,0.63
5,29,0.2,99,0.63
5,29,0.3,0,0.5866666666666667
5,29,0.3,42,0.5966666666666667
5,29,0.3,99,0.56
5,29,0.4,0,0.585
5,29,0.4,42,0.5825
5,29,0.4,99,0.5725
5,30,0.1,0,0.6
5,30,0.1,42,0.62
5,30,0.1,99,0.58
5,30,0.2,0,0.6
5,30,0.2,42,0.625
5,30,0.2,99,0.62
5,30,0.3,0,0.5833333333333334
5,30,0.3,42,0.5933333333333334
5,30,0.3,99,0.55
5,30,0.4,0,0.5825
5,30,0.4,42,0.5825
5,30,0.4,99,0.5775
6,1,0.1,0,0.62
6,1,0.1,42,0.68
6,1,0.1,99,0.6
6,1,0.2,0,0.64
6,1,0.2,42,0.695
6,1,0.2,99,0.65
6,1,0.3,0,0.66
6,1,0.3,42,0.68
6,1,0.3,99,0.6466666666666666
6,1,0.4,0,0.645
6,1,0.4,42,0.655
6,1,0.4,99,0.615
6,2,0.1,0,0.57
6,2,0.1,42,0.69
6,2,0.1,99,0.61
6,2,0.2,0,0.59
6,2,0.2,42,0.665
6,2,0.2,99,0.66
6,2,0.3,0,0.6133333333333333
6,2,0.3,42,0.6433333333333333
6,2,0.3,99,0.63
6,2,0.4,0,0.6075
6,2,0.4,42,0.635
6,2,0.4,99,0.6125
6,3,0.1,0,0.66
6,3,0.1,42,0.65
6,3,0.1,99,0.63
6,3,0.2,0,0.655
6,3,0.2,42,0.67
6,3,0.2,99,0.67
6,3,0.3,0,0.6533333333333333
6,3,0.3,42,0.64
6,3,0.3,99,0.64
6,3,0.4,0,0.63
6,3,0.4,42,0.625
6,3,0.4,99,0.635
6,4,0.1,0,0.73
6,4,0.1,42,0.66
6,4,0.1,99,0.64
6,4,0.2,0,0.71
6,4,0.2,42,0.67
6,4,0.2,99,0.665
6,4,0.3,0,0.69
6,4,0.3,42,0.6633333333333333
6,4,0.3,99,0.6333333333333333
6,4,0.4,0,0.6575
6,4,0.4,42,0.635
6,4,0.4,99,0.6325
6,5,0.1,0,0.72
6,5,0.1,42,0.66
6,5,0.1,99,0.63
6,5,0.2,0,0.725
6,5,0.2,42,0.68
6,5,0.2,99,0.655
6,5,0.3,0,0.6966666666666667
6,5,0.3,42,0.6666666666666666
6,5,0.3,99,0.6466666666666666
6,5,0.4,0,0.665
6,5,0.4,42,0.6475
6,5,0.4,99,0.6375
6,6,0.1,0,0.72
6,6,0.1,42,0.67
6,6,0.1,99,0.65
6,6,0.2,0,0.7
6,6,0.2,42,0.685
6,6,0.2,99,0.705
6,6,0.3,0,0.6966666666666667
6,6,0.3,42,0.66
6,6,0.3,99,0.6433333333333333
6,6,0.4,0,0.665
6,6,0.4,42,0.65
6,6,0.4,99,0.6175
6,7,0.1,0,0.71
6,7,0.1,42,0.71
6,7,0.1,99,0.63
6,7,0.2,0,0.705
6,7,0.2,42,0.69
6,7,0.2,99,0.67
6,7,0.3,0,0.6933333333333334
6,7,0.3,42,0.6533333333333333
6,7,0.3,99,0.6433333333333333
6,7,0.4,0,0.6725
6,7,0.4,42,0.645
6,7,0.4,99,0.6425
6,8,0.1,0,0.73
6,8,0.1,42,0.67
6,8,0.1,99,0.62
6,8,0.2,0,0.685
6,8,0.2,42,0.675
6,8,0.2,99,0.655
6,8,0.3,0,0.69
6,8,0.3,42,0.65
6,8,0.3,99,0.64
6,8,0.4,0,0.6575
6,8,0.4,42,0.6275
6,8,0.4,99,0.64
6,9,0.1,0,0.67
6,9,0.1,42,0.66
6,9,0.1,99,0.61
6,9,0.2,0,0.685
6,9,0.2,42,0.675
6,9,0.2,99,0.64
6,9,0.3,0,0.6666666666666666
6,9,0.3,42,0.6633333333333333
6,9,0.3,99,0.6333333333333333
6,9,0.4,0,0.6375
6,9,0.4,42,0.6475
6,9,0.4,99,0.63
6,10,0.1,0,0.67
6,10,0.1,42,0.65
6,10,0.1,99,0.63
6,10,0.2,0,0.675
6,10,0.2,42,0.67
6,10,0.2,99,0.67
6,10,0.3,0,0.6633333333333333
6,10,0.3,42,0.66
6,10,0.3,99,0.6433333333333333
6,10,0.4,0,0.655
6,10,0.4,42,0.65
6,10,0.4,99,0.645
6,11,0.1,0,0.66
6,11,0.1,42,0.65
6,11,0.1,99,0.63
6,11,0.2,0,0.665
6,11,0.2,42,0.68
6,11,0.2,99,0.66
6,11,0.3,0,0.66
6,11,0.3,42,0.6666666666666666
6,11,0.3,99,0.6333333333333333
6,11,0.4,0,0.6525
6,11,0.4,42,0.655
6,11,0.4,99,0.64
6,12,0.1,0,0.68
6,12,0.1,42,0.66
6,12,0.1,99,0.62
6,12,0.2,0,0.655
6,12,0.2,42,0.695
6,12,0.2,99,0.67
6,12,0.3,0,0.6433333333333333
6,12,0.3,42,0.6666666666666666
6,12,0.3,99,0.61
6,12,0.4,0,0.6425
6,12,0.4,42,0.6325
6,12,0.4,99,0.645
6,13,0.1,0,0.63
6,13,0.1,42,0.69
6,13,0.1,99,0.66
6,13,0.2,0,0.675
6,13,0.2,42,0.68
6,13,0.2,99,0.675
6,13,0.3,0,0.6433333333333333
6,13,0.3,42,0.6766666666666666
6,13,0.3,99,0.6233333333333333
6,13,0.4,0,0.6275
6,13,0.4,42,0.63
6,13,0.4,99,0.6325
6,14,0.1,0,0.67
6,14,0.1,42,0.7
6,14,0.1,99,0.65
6,14,0.2,0,0.68
6,14,0.2,42,0.67
6,14,0.2,99,0.705
6,14,0.3,0,0.6366666666666667
6,14,0.3,42,0.6633333333333333
6,14,0.3,99,0.6266666666666667
6,14,0.4,0,0.635
6,14,0.4,42,0.6125
6,14,0.4,99,0.62
6,15,0.1,0,0.68
6,15,0.1,42,0.67
6,15,0.1,99,0.63
6,15,0.2,0,0.66
6,15,0.2,42,0.68
6,15,0.2,99,0.69
6,15,0.3,0,0.63
6,15,0.3,42,0.6666666666666666
6,15,0.3,99,0.63
6,15,0.4,0,0.6375
6,15,0.4,42,0.62
6,15,0.4,99,0.6275
6,16,0.1,0,0.64
6,16,0.1,42,0.66
6,16,0.1,99,0.65
6,16,0.2,0,0.66
6,16,0.2,42,0.69
6,16,0.2,99,0.695
6,16,0.3,0,0.6266666666666667
6,16,0.3,42,0.6766666666666666
6,16,0.3,99,0.6233333333333333
6,16,0.4,0,0.6375
6,16,0.4,42,0.6225
6,16,0.4,99,0.6225
6,17,0.1,0,0.66
6,17,0.1,42,0.69
6,17,0.1,99,0.66
6,17,0.2,0,0.665
6,17,0.2,42,0.665
6,17,0.2,99,0.68
6,17,0.3,0,0.6233333333333333
6,17,0.3,42,0.65
6,17,0.3,99,0.6166666666666667
6,17,0.4,0,0.6375
6,17,0.4,42,0.6125
6,17,0.4,99,0.615
6,18,0.1,0,0.66
6,18,0.1,42,0.67
6,18,0.1,99,0.63
6,18,0.2,0,0.645
6,18,0.2,42,0.665
6,18,0.2,99,0.69
6,18,0.3,0,0.62
6,18,0.3,42,0.64
6,18,0.3,99,0.6266666666666667
6,18,0.4,0,0.6325
6,18,0.4,42,0.6075
6,18,0.4,99,0.6175
6,19,0.1,0,0.61
6,19,0.1,42,0.64
6,19,0.1,99,0.63
6,19,0.2,0,0.65
6,19,0.2,42,0.665
6,19,0.2,99,0.695
6,19,0.3,0,0.6233333333333333
6,19,0.3,42,0.64
6,19,0.3,99,0.63
6,19,0.4,0,0.635
6,19,0.4,42,0.6125
6,19,0.4,99,0.6125
6,20,0.1,0,0.58
6,20,0.1,42,0.64
6,20,0.1,99,0.64
6,20,0.2,0,0.65
6,20,0.2,42,0.655
6,20,0.2,99,0.675
6,20,0.3,0,0.63
6,20,0.3,42,0.6433333333333333
6,20,0.3,99,0.61
6,20,0.4,0,0.6275
6,20,0.4,42,0.605
6,20,0.4,99,0.6
6,21,0.1,0,0.63
6,21,0.1,42,0.65
6,21,0.1,99,0.65
6,21,0.2,0,0.655
6,21,0.2,42,0.66
6,21,0.2,99,0.66
6,21,0.3,0,0.6233333333333333
6,21,0.3,42,0.6233333333333333
6,21,0.3,99,0.6
6,21,0.4,0,0.6275
6,21,0.4,42,0.5975
6,21,0.4,99,0.5875
6,22,0.1,0,0.64
6,22,0.1,42,0.68
6,22,0.1,99,0.62
6,22,0.2,0,0.645
6,22,0.2,42,0.66
6,22,0.2,99,0.68
6,22,0.3,0,0.6066666666666667
6,22,0.3,42,0.6233333333333333
6,22,0.3,99,0.5966666666666667
6,22,0.4,0,0.64
6,22,0.4,42,0.6
6,22,0.4,99,0.5875
6,23,0.1,0,0.65
6,23,0.1,42,0.67
6,23,0.1,99,0.63
6,23,0.2,0,0.65
6,23,0.2,42,0.655
6,23,0.2,99,0.65
6,23,0.3,0,0.6033333333333334
6,23,0.3,42,0.6166666666666667
6,23,0.3,99,0.6033333333333334
6,23,0.4,0,0.635
6,23,0.4,42,0.6
6,23,0.4,99,0.5875
6,24,0.1,0,0.64
6,24,0.1,42,0.67
6,24,0.1,99,0.62
6,24,0.2,0,0.64
6,24,0.2,42,0.64
6,24,0.2,99,0.655
6,24,0.3,0,0.61
6,24,0.3,42,0.6166666666666667
6,24,0.3,99,0.59
6,24,0.4,0,0.6375
6,24,0.4,42,0.605
6,24,0.4,99,0.5825
6,25,0.1,0,0.62
6,25,0.1,42,0.64
6,25,0.1,99,0.63
6,25,0.2,0,0.625
6,25,0.2,42,0.65
6,25,0.2,99,0.65
6,25,0.3,0,0.6166666666666667
6,25,0.3,42,0.6166666666666667
6,25,0.3,99,0.58
6,25,0.4,0,0.64
6,25,0.4,42,0.6
6,25,0.4,99,0.585
6,26,0.1,0,0.61
6,26,0.1,42,0.65
6,26,0.1,99,0.62
6,26,0.2,0,0.635
6,26,0.2,42,0.645
6,26,0.2,99,0.645
6,26,0.3,0,0.6133333333333333
6,26,0.3,42,0.6133333333333333
6,26,0.3,99,0.57
6,26,0.4,0,0.615
6,26,0.4,42,0.605
6,26,0.4,99,0.585
6,27,0.1,0,0.61
6,27,0.1,42,0.66
6,27,0.1,99,0.61
6,27,0.2,0,0.61
6,27,0.2,42,0.645
6,27,0.2,99,0.645
6,27,0.3,0,0.61
6,27,0.3,42,0.6066666666666667
6,27,0.3,99,0.57
6,27,0.4,0,0.6
6,27,0.4,42,0.595
6,27,0.4,99,0.5725
6,28,0.1,0,0.61
6,28,0.1,42,0.65
6,28,0.1,99,0.6
6,28,0.2,0,0.62
6,28,0.2,42,0.635
6,28,0.2,99,0.635
6,28,0.3,0,0.6066666666666667
6,28,0.3,42,0.59
6,28,0.3,99,0.5666666666666667
6,28,0.4,0,0.5975
6,28,0.4,42,0.5975
6,28,0.4,99,0.57
6,29,0.1,0,0.64
6,29,0.1,42,0.68
6,29,0.1,99,0.61
6,29,0.2,0,0.64
6,29,0.2,42,0.65
6,29,0.2,99,0.615
6,29,0.3,0,0.61
6,29,0.3,42,0.6066666666666667
6,29,0.3,99,0.5533333333333333
6,29,0.4,0,0.5825
6,29,0.4,42,0.5925
6,29,0.4,99,0.58
6,30,0.1,0,0.61
6,30,0.1,42,0.64
6,30,0.1,99,0.61
6,30,0.2,0,0.65
6,30,0.2,42,0.63
6,30,0.2,99,0.615
6,30,0.3,0,0.6033333333333334
6,30,0.3,42,0.5966666666666667
6,30,0.3,99,0.55
6,30,0.4,0,0.58
6,30,0.4,42,0.5775
6,30,0.4,99,0.5925
7,1,0.1,0,0.65
7,1,0.1,42,0.67
7,1,0.1,99,0.58
7,1,0.2,0,0.67
7,1,0.2,42,0.685
7,1,0.2,99,0.645
7,1,0.3,0,0.6833333333333333
7,1,0.3,42,0.6733333333333333
7,1,0.3,99,0.65
7,1,0.4,0,0.6575
7,1,0.4,42,0.6325
7,1,0.4,99,0.65
7,2,0.1,0,0.58
7,2,0.1,42,0.67
7,2,0.1,99,0.61
7,2,0.2,0,0.595
7,2,0.2,42,0.635
7,2,0.2,99,0.66
7,2,0.3,0,0.6233333333333333
7,2,0.3,42,0.6266666666666667
7,2,0.3,99,0.63
7,2,0.4,0,0.625
7,2,0.4,42,0.6275
7,2,0.4,99,0.6275
7,3,0.1,0,0.64
7,3,0.1,42,0.68
7,3,0.1,99,0.64
7,3,0.2,0,0.675
7,3,0.2,42,0.67
7,3,0.2,99,0.685
7,3,0.3,0,0.66
7,3,0.3,42,0.6466666666666666
7,3,0.3,99,0.6433333333333333
7,3,0.4,0,0.655
7,3,0.4,42,0.6425
7,3,0.4,99,0.645
7,4,0.1,0,0.71
7,4,0.1,42,0.68
7,4,0.1,99,0.68
7,4,0.2,0,0.72
7,4,0.2,42,0.69
7,4,0.2,99,0.655
7,4,0.3,0,0.6766666666666666
7,4,0.3,42,0.67
7,4,0.3,99,0.6333333333333333
7,4,0.4,0,0.67
7,4,0.4,42,0.6675
7,4,0.4,99,0.6625
7,5,0.1,0,0.72
7,5,0.1,42,0.68
7,5,0.1,99,0.63
7,5,0.2,0,0.715
7,5,0.2,42,0.69
7,5,0.2,99,0.66
7,5,0.3,0,0.7
7,5,0.3,42,0.69
7,5,0.3,99,0.6633333333333333
7,5,0.4,0,0.6725
7,5,0.4,42,0.6625
7,5,0.4,99,0.6725
7,6,0.1,0,0.68
7,6,0.1,42,0.66
7,6,0.1,99,0.67
7,6,0.2,0,0.685
7,6,0.2,42,0.69
7,6,0.2,99,0.72
7,6,0.3,0,0.6933333333333334
7,6,0.3,42,0.67
7,6,0.3,99,0.6633333333333333
7,6,0.4,0,0.675
7,6,0.4,42,0.64
7,6,0.4,99,0.645
7,7,0.1,0,0.69
7,7,0.1,42,0.7
7,7,0.1,99,0.68
7,7,0.2,0,0.695
7,7,0.2,42,0.7
7,7,0.2,99,0.715
7,7,0.3,0,0.6866666666666666
7,7,0.3,42,0.67
7,7,0.3,99,0.66
7,7,0.4,0,0.67
7,7,0.4,42,0.625
7,7,0.4,99,0.655
7,8,0.1,0,0.7
7,8,0.1,42,0.67
7,8,0.1,99,0.66
7,8,0.2,0,0.7
7,8,0.2,42,0.695
7,8,0.2,99,0.695
7,8,0.3,0,0.6933333333333334
7,8,0.3,42,0.6666666666666666
7,8,0.3,99,0.66
7,8,0.4,0,0.6775
7,8,0.4,42,0.6375
7,8,0.4,99,0.66
7,9,0.1,0,0.7
7,9,0.1,42,0.67
7,9,0.1,99,0.67
7,9,0.2,0,0.69
7,9,0.2,42,0.7
7,9,0.2,99,0.685
7,9,0.3,0,0.6733333333333333
7,9,0.3,42,0.6933333333333334
7,9,0.3,99,0.6466666666666666
7,9,0.4,0,0.66
7,9,0.4,42,0.6575
7,9,0.4,99,0.66
7,10,0.1,0,0.72
7,10,0.1,42,0.66
7,10,0.1,99,0.66
7,10,0.2,0,0.695
7,10,0.2,42,0.705
7,10,0.2,99,0.7
7,10,0.3,0,0.67
7,10,0.3,42,0.7033333333333334
7,10,0.3,99,0.66
7,10,0.4,0,0.65
7,10,0.4,42,0.655
7,10,0.4,99,0.65
7,11,0.1,0,0.7
7,11,0.1,42,0.67
7,11,0.1,99,0.68
7,11,0.2,0,0.7
7,11,0.2,42,0.71
7,11,0.2,99,0.695
7,11,0.3,0,0.6666666666666666
7,11,0.3,42,0.6933333333333334
7,11,0.3,99,0.6366666666666667
7,11,0.4,0,0.64
7,11,0.4,42,0.665
7,11,0.4,99,0.65
7,12,0.1,0,0.67
7,12,0.1,42,0.68
7,12,0.1,99,0.67
7,12,0.2,0,0.695
7,12,0.2,42,0.725
7,12,0.2,99,0.7
7,12,0.3,0,0.65
7,12,0.3,42,0.68
7,12,0.3,99,0.63
7,12,0.4,0,0.6325
7,12,0.4,42,0.665
7,12,0.4,99,0.655
7,13,0.1,0,0.68
7,13,0.1,42,0.71
7,13,0.1,99,0.67
7,13,0.2,0,0.68
7,13,0.2,42,0.72
7,13,0.2,99,0.69
7,13,0.3,0,0.64
7,13,0.3,42,0.6833333333333333
7,13,0.3,99,0.6266666666666667
7,13,0.4,0,0.6325
7,13,0.4,42,0.655
7,13,0.4,99,0.6425
7,14,0.1,0,0.64
7,14,0.1,42,0.71
7,14,0.1,99,0.65
7,14,0.2,0,0.71
7,14,0.2,42,0.705
7,14,0.2,99,0.685
7,14,0.3,0,0.63
7,14,0.3,42,0.6766666666666666
7,14,0.3,99,0.64
7,14,0.4,0,0.6275
7,14,0.4,42,0.6325
7,14,0.4,99,0.6375
7,15,0.1,0,0.67
7,15,0.1,42,0.71
7,15,0.1,99,0.65
7,15,0.2,0,0.685
7,15,0.2,42,0.71
7,15,0.2,99,0.69
7,15,0.3,0,0.6233333333333333
7,15,0.3,42,0.6666666666666666
7,15,0.3,99,0.6233333333333333
7,15,0.4,0,0.625
7,15,0.4,42,0.625
7,15,0.4,99,0.645
7,16,0.1,0,0.64
7,16,0.1,42,0.71
7,16,0.1,99,0.66
7,16,0.2,0,0.675
7,16,0.2,42,0.7
7,16,0.2,99,0.685
7,16,0.3,0,0.6133333333333333
7,16,0.3,42,0.66
7,16,0.3,99,0.63
7,16,0.4,0,0.6325
7,16,0.4,42,0.6275
7,16,0.4,99,0.635
7,17,0.1,0,0.66
7,17,0.1,42,0.71
7,17,0.1,99,0.65
7,17,0.2,0,0.66
7,17,0.2,42,0.695
7,17,0.2,99,0.685
7,17,0.3,0,0.62
7,17,0.3,42,0.6533333333333333
7,17,0.3,99,0.6333333333333333
7,17,0.4,0,0.625
7,17,0.4,42,0.6175
7,17,0.4,99,0.6225
7,18,0.1,0,0.68
7,18,0.1,42,0.71
7,18,0.1,99,0.64
7,18,0.2,0,0.67
7,18,0.2,42,0.685
7,18,0.2,99,0.66
7,18,0.3,0,0.6333333333333333
7,18,0.3,42,0.6333333333333333
7,18,0.3,99,0.6233333333333333
7,18,0.4,0,0.6325
7,18,0.4,42,0.615
7,18,0.4,99,0.6075
7,19,0.1,0,0.66
7,19,0.1,42,0.71
7,19,0.1,99,0.61
7,19,0.2,0,0.645
7,19,0.2,42,0.67
7,19,0.2,99,0.665
7,19,0.3,0,0.6266666666666667
7,19,0.3,42,0.6266666666666667
7,19,0.3,99,0.6166666666666667
7,19,0.4,0,0.62
7,19,0.4,42,0.6075
7,19,0.4,99,0.6075
7,20,0.1,0,0.68
7,20,0.1,42,0.7
7,20,0.1,99,0.62
7,20,0.2,0,0.655
7,20,0.2,42,0.67
7,20,0.2,99,0.66
7,20,0.3,0,0.6266666666666667
7,20,0.3,42,0.6166666666666667
7,20,0.3,99,0.6066666666666667
7,20,0.4,0,0.6275
7,20,0.4,42,0.6075
7,20,0.4,99,0.6025
7,21,0.1,0,0.67
7,21,0.1,42,0.67
7,21,0.1,99,0.61
7,21,0.2,0,0.655
7,21,0.2,42,0.665
7,21,0.2,99,0.645
7,21,0.3,0,0.63
7,21,0.3,42,0.62
7,21,0.3,99,0.6033333333333334
7,21,0.4,0,0.63
7,21,0.4,42,0.6225
7,21,0.4,99,0.5925
7,22,0.1,0,0.66
7,22,0.1,42,0.69
7,22,0.1,99,0.62
7,22,0.2,0,0.66
7,22,0.2,42,0.67
7,22,0.2,99,0.64
7,22,0.3,0,0.6266666666666667
7,22,0.3,42,0.62
7,22,0.3,99,0.59
7,22,0.4,0,0.62
7,22,0.4,42,0.61
7,22,0.4,99,0.595
7,23,0.1,0,0.64
7,23,0.1,42,0.69
7,23,0.1,99,0.64
7,23,0.2,0,0.66
7,23,0.2,42,0.66
7,23,0.2,99,0.645
7,23,0.3,0,0.6266666666666667
7,23,0.3,42,0.6233333333333333
7,23,0.3,99,0.5633333333333334
7,23,0.4,0,0.6325
7,23,0.4,42,0.5975
7,23,0.4,99,0.59
7,24,0.1,0,0.66
7,24,0.1,42,0.69
7,24,0.1,99,0.63
7,24,0.2,0,0.65
7,24,0.2,42,0.665
7,24,0.2,99,0.64
7,24,0.3,0,0.6233333333333333
7,24,0.3,42,0.6166666666666667
7,24,0.3,99,0.57
7,24,0.4,0,0.62
7,24,0.4,42,0.6025
7,24,0.4,99,0.5825
7,25,0.1,0,0.65
7,25,0.1,42,0.7
7,25,0.1,99,0.61
7,25,0.2,0,0.67
7,25,0.2,42,0.655
7,25,0.2,99,0.66
7,25,0.3,0,0.62
7,25,0.3,42,0.6
7,25,0.3,99,0.5633333333333334
7,25,0.4,0,0.6175
7,25,0.4,42,0.6025
7,25,0.4,99,0.5875
7,26,0.1,0,0.65
7,26,0.1,42,0.71
7,26,0.1,99,0.61
7,26,0.2,0,0.66
7,26,0.2,42,0.645
7,26,0.2,99,0.65
7,26,0.3,0,0.6233333333333333
7,26,0.3,42,0.6033333333333334
7,26,0.3,99,0.5866666666666667
7,26,0.4,0,0.6125
7,26,0.4,42,0.6025
7,26,0.4,99,0.5875
7,27,0.1,0,0.65
7,27,0.1,42,0.67
7,27,0.1,99,0.6
7,27,0.2,0,0.66
7,27,0.2,42,0.615
7,27,0.2,99,0.635
7,27,0.3,0,0.63
7,27,0.3,42,0.6066666666666667
7,27,0.3,99,0.5533333333333333
7,27,0.4,0,0.6125
7,27,0.4,42,0.5825
7,27,0.4,99,0.59
7,28,0.1,0,0.64
7,28,0.1,42,0.65
7,28,0.1,99,0.61
7,28,0.2,0,0.675
7,28,0.2,42,0.615
7,28,0.2,99,0.63
7,28,0.3,0,0.6133333333333333
7,28,0.3,42,0.5966666666666667
7,28,0.3,99,0.5566666666666666
7,28,0.4,0,0.6025
7,28,0.4,42,0.585
7,28,0.4,99,0.5975
7,29,0.1,0,0.65
7,29,0.1,42,0.63
7,29,0.1,99,0.6
7,29,0.2,0,0.665
7,29,0.2,42,0.645
7,29,0.2,99,0.62
7,29,0.3,0,0.6133333333333333
7,29,0.3,42,0.5833333333333334
7,29,0.3,99,0.56
7,29,0.4,0,0.5925
7,29,0.4,42,0.5875
7,29,0.4,99,0.5925
7,30,0.1,0,0.66
7,30,0.1,42,0.64
7,30,0.1,99,0.61
7,30,0.2,0,0.64
7,30,0.2,42,0.645
7,30,0.2,99,0.61
7,30,0.3,0,0.6066666666666667
7,30,0.3,42,0.5933333333333334
7,30,0.3,99,0.5566666666666666
7,30,0.4,0,0.5875
7,30,0.4,42,0.585
7,30,0.4,99,0.5875
8,1,0.1,0,0.64
8,1,0.1,42,0.68
8,1,0.1,99,0.61
8,1,0.2,0,0.685
8,1,0.2,42,0.69
8,1,0.2,99,0.655
8,1,0.3,0,0.69
8,1,0.3,42,0.66
8,1,0.3,99,0.66
8,1,0.4,0,0.6675
8,1,0.4,42,0.6275
8,1,0.4,99,0.6475
8,2,0.1,0,0.61
8,2,0.1,42,0.67
8,2,0.1,99,0.61
8,2,0.2,0,0.625
8,2,0.2,42,0.64
8,2,0.2,99,0.65
8,2,0.3,0,0.6466666666666666
8,2,0.3,42,0.6433333333333333
8,2,0.3,99,0.6066666666666667
8,2,0.4,0,0.63
8,2,0.4,42,0.65
8,2,0.4,99,0.615
8,3,0.1,0,0.67
8,3,0.1,42,0.69
8,3,0.1,99,0.7
8,3,0.2,0,0.675
8,3,0.2,42,0.68
8,3,0.2,99,0.68
8,3,0.3,0,0.66
8,3,0.3,42,0.6566666666666666
8,3,0.3,99,0.65
8,3,0.4,0,0.6425
8,3,0.4,42,0.6375
8,3,0.4,99,0.655
8,4,0.1,0,0.71
8,4,0.1,42,0.7
8,4,0.1,99,0.7
8,4,0.2,0,0.71
8,4,0.2,42,0.7
8,4,0.2,99,0.67
8,4,0.3,0,0.6766666666666666
8,4,0.3,42,0.6833333333333333
8,4,0.3,99,0.65
8,4,0.4,0,0.645
8,4,0.4,42,0.65
8,4,0.4,99,0.635
8,5,0.1,0,0.69
8,5,0.1,42,0.68
8,5,0.1,99,0.67
8,5,0.2,0,0.69
8,5,0.2,42,0.7
8,5,0.2,99,0.685
8,5,0.3,0,0.6666666666666666
8,5,0.3,42,0.6833333333333333
8,5,0.3,99,0.6533333333333333
8,5,0.4,0,0.6525
8,5,0.4,42,0.6425
8,5,0.4,99,0.665
8,6,0.1,0,0.66
8,6,0.1,42,0.69
8,6,0.1,99,0.69
8,6,0.2,0,0.685
8,6,0.2,42,0.7
8,6,0.2,99,0.68
8,6,0.3,0,0.67
8,6,0.3,42,0.68
8,6,0.3,99,0.6433333333333333
8,6,0.4,0,0.65
8,6,0.4,42,0.6375
8,6,0.4,99,0.6525
8,7,0.1,0,0.69
8,7,0.1,42,0.7
8,7,0.1,99,0.65
8,7,0.2,0,0.695
8,7,0.2,42,0.69
8,7,0.2,99,0.695
8,7,0.3,0,0.6533333333333333
8,7,0.3,42,0.6633333333333333
8,7,0.3,99,0.6433333333333333
8,7,0.4,0,0.64
8,7,0.4,42,0.625
8,7,0.4,99,0.6475
8,8,0.1,0,0.69
8,8,0.1,42,0.67
8,8,0.1,99,0.64
8,8,0.2,0,0.675
8,8,0.2,42,0.705
8,8,0.2,99,0.685
8,8,0.3,0,0.6633333333333333
8,8,0.3,42,0.6666666666666666
8,8,0.3,99,0.6366666666666667
8,8,0.4,0,0.655
8,8,0.4,42,0.6325
8,8,0.4,99,0.65
8,9,0.1,0,0.67
8,9,0.1,42,0.68
8,9,0.1,99,0.66
8,9,0.2,0,0.665
8,9,0.2,42,0.685
8,9,0.2,99,0.695
8,9,0.3,0,0.6533333333333333
8,9,0.3,42,0.6733333333333333
8,9,0.3,99,0.63
8,9,0.4,0,0.655
8,9,0.4,42,0.6225
8,9,0.4,99,0.645
8,10,0.1,0,0.69
8,10,0.1,42,0.69
8,10,0.1,99,0.64
8,10,0.2,0,0.685
8,10,0.2,42,0.7
8,10,0.2,99,0.675
8,10,0.3,0,0.66
8,10,0.3,42,0.6766666666666666
8,10,0.3,99,0.61
8,10,0.4,0,0.665
8,10,0.4,42,0.64
8,10,0.4,99,0.63
8,11,0.1,0,0.67
8,11,0.1,42,0.7
8,11,0.1,99,0.68
8,11,0.2,0,0.685
8,11,0.2,42,0.7
8,11,0.2,99,0.68
8,11,0.3,0,0.66
8,11,0.3,42,0.6633333333333333
8,11,0.3,99,0.6133333333333333
8,11,0.4,0,0.6475
8,11,0.4,42,0.645
8,11,0.4,99,0.6425
8,12,0.1,0,0.66
8,12,0.1,42,0.69
8,12,0.1,99,0.64
8,12,0.2,0,0.68
8,12,0.2,42,0.705
8,12,0.2,99,0.695
8,12,0.3,0,0.66
8,12,0.3,42,0.6666666666666666
8,12,0.3,99,0.6166666666666667
8,12,0.4,0,0.6425
8,12,0.4,42,0.64
8,12,0.4,99,0.6475
8,13,0.1,0,0.65
8,13,0.1,42,0.7
8,13,0.1,99,0.64
8,13,0.2,0,0.68
8,13,0.2,42,0.695
8,13,0.2,99,0.68
8,13,0.3,0,0.6533333333333333
8,13,0.3,42,0.65
8,13,0.3,99,0.62
8,13,0.4,0,0.63
8,13,0.4,42,0.6325
8,13,0.4,99,0.6425
8,14,0.1,0,0.66
8,14,0.1,42,0.69
8,14,0.1,99,0.65
8,14,0.2,0,0.675
8,14,0.2,42,0.7
8,14,0.2,99,0.7
8,14,0.3,0,0.6266666666666667
8,14,0.3,42,0.6466666666666666
8,14,0.3,99,0.6266666666666667
8,14,0.4,0,0.635
8,14,0.4,42,0.625
8,14,0.4,99,0.6225
8,15,0.1,0,0.67
8,15,0.1,42,0.69
8,15,0.1,99,0.63
8,15,0.2,0,0.685
8,15,0.2,42,0.675
8,15,0.2,99,0.68
8,15,0.3,0,0.6366666666666667
8,15,0.3,42,0.6466666666666666
8,15,0.3,99,0.6266666666666667
8,15,0.4,0,0.64
8,15,0.4,42,0.62
8,15,0.4,99,0.615
8,16,0.1,0,0.63
8,16,0.1,42,0.69
8,16,0.1,99,0.65
8,16,0.2,0,0.675
8,16,0.2,42,0.695
8,16,0.2,99,0.68
8,16,0.3,0,0.64
8,16,0.3,42,0.6433333333333333
8,16,0.3,99,0.6166666666666667
8,16,0.4,0,0.6575
8,16,0.4,42,0.6275
8,16,0.4,99,0.6225
8,17,0.1,0,0.65
8,17,0.1,42,0.71
8,17,0.1,99,0.64
8,17,0.2,0,0.675
8,17,0.2,42,0.67
8,17,0.2,99,0.665
8,17,0.3,0,0.6366666666666667
8,17,0.3,42,0.6366666666666667
8,17,0.3,99,0.61
8,17,0.4,0,0.63
8,17,0.4,42,0.615
8,17,0.4,99,0.61
8,18,0.1,0,0.64
8,18,0.1,42,0.7
8,18,0.1,99,0.64
8,18,0.2,0,0.69
8,18,0.2,42,0.66
8,18,0.2,99,0.67
8,18,0.3,0,0.6333333333333333
8,18,0.3,42,0.6233333333333333
8,18,0.3,99,0.6133333333333333
8,18,0.4,0,0.615
8,18,0.4,42,0.6225
8,18,0.4,99,0.6
8,19,0.1,0,0.63
8,19,0.1,42,0.69
8,19,0.1,99,0.63
8,19,0.2,0,0.69
8,19,0.2,42,0.665
8,19,0.2,99,0.65
8,19,0.3,0,0.6233333333333333
8,19,0.3,42,0.63
8,19,0.3,99,0.61
8,19,0.4,0,0.625
8,19,0.4,42,0.62
8,19,0.4,99,0.5925
8,20,0.1,0,0.65
8,20,0.1,42,0.64
8,20,0.1,99,0.64
8,20,0.2,0,0.67
8,20,0.2,42,0.645
8,20,0.2,99,0.65
8,20,0.3,0,0.6233333333333333
8,20,0.3,42,0.63
8,20,0.3,99,0.5933333333333334
8,20,0.4,0,0.6175
8,20,0.4,42,0.6225
8,20,0.4,99,0.5875
8,21,0.1,0,0.66
8,21,0.1,42,0.64
8,21,0.1,99,0.65
8,21,0.2,0,0.66
8,21,0.2,42,0.655
8,21,0.2,99,0.65
8,21,0.3,0,0.6266666666666667
8,21,0.3,42,0.6433333333333333
8,21,0.3,99,0.5766666666666667
8,21,0.4,0,0.615
8,21,0.4,42,0.63
8,21,0.4,99,0.5975
8,22,0.1,0,0.66
8,22,0.1,42,0.63
8,22,0.1,99,0.65
8,22,0.2,0,0.665
8,22,0.2,42,0.66
8,22,0.2,99,0.655
8,22,0.3,0,0.6166666666666667
8,22,0.3,42,0.64
8,22,0.3,99,0.5766666666666667
8,22,0.4,0,0.6275
8,22,0.4,42,0.615
8,22,0.4,99,0.605
8,23,0.1,0,0.67
8,23,0.1,42,0.67
8,23,0.1,99,0.66
8,23,0.2,0,0.65
8,23,0.2,42,0.66
8,23,0.2,99,0.65
8,23,0.3,0,0.6133333333333333
8,23,0.3,42,0.61
8,23,0.3,99,0.57
8,23,0.4,0,0.6125
8,23,0.4,42,0.6025
8,23,0.4,99,0.6025
8,24,0.1,0,0.69
8,24,0.1,42,0.67
8,24,0.1,99,0.65
8,24,0.2,0,0.65
8,24,0.2,42,0.65
8,24,0.2,99,0.65
8,24,0.3,0,0.6166666666666667
8,24,0.3,42,0.6233333333333333
8,24,0.3,99,0.5666666666666667
8,24,0.4,0,0.605
8,24,0.4,42,0.61
8,24,0.4,99,0.605
8,25,0.1,0,0.69
8,25,0.1,42,0.66
8,25,0.1,99,0.64
8,25,0.2,0,0.635
8,25,0.2,42,0.63
8,25,0.2,99,0.635
8,25,0.3,0,0.6133333333333333
8,25,0.3,42,0.62
8,25,0.3,99,0.5633333333333334
8,25,0.4,0,0.605
8,25,0.4,42,0.6075
8,25,0.4,99,0.6
8,26,0.1,0,0.67
8,26,0.1,42,0.65
8,26,0.1,99,0.64
8,26,0.2,0,0.625
8,26,0.2,42,0.64
8,26,0.2,99,0.64
8,26,0.3,0,0.6066666666666667
8,26,0.3,42,0.6033333333333334
8,26,0.3,99,0.5766666666666667
8,26,0.4,0,0.61
8,26,0.4,42,0.5975
8,26,0.4,99,0.6
8,27,0.1,0,0.69
8,27,0.1,42,0.64
8,27,0.1,99,0.62
8,27,0.2,0,0.63
8,27,0.2,42,0.655
8,27,0.2,99,0.625
8,27,0.3,0,0.6166666666666667
8,27,0.3,42,0.5933333333333334
8,27,0.3,99,0.5733333333333334
8,27,0.4,0,0.59
8,27,0.4,42,0.595
8,27,0.4,99,0.6
8,28,0.1,0,0.66
8,28,0.1,42,0.64
8,28,0.1,99,0.61
8,28,0.2,0,0.645
8,28,0.2,42,0.615
8,28,0.2,99,0.63
8,28,0.3,0,0.61
8,28,0.3,42,0.5766666666666667
8,28,0.3,99,0.5766666666666667
8,28,0.4,0,0.59
8,28,0.4,42,0.6
8,28,0.4,99,0.5975
8,29,0.1,0,0.66
8,29,0.1,42,0.63
8,29,0.1,99,0.58
8,29,0.2,0,0.64
8,29,0.2,42,0.625
8,29,0.2,99,0.625
8,29,0.3,0,0.61
8,29,0.3,42,0.58
8,29,0.3,99,0.5766666666666667
8,29,0.4,0,0.59
8,29,0.4,42,0.5975
8,29,0.4,99,0.6
8,30,0.1,0,0.65
8,30,0.1,42,0.62
8,30,0.1,99,0.6
8,30,0.2,0,0.64
8,30,0.2,42,0.635
8,30,0.2,99,0.62
8,30,0.3,0,0.6033333333333334
8,30,0.3,42,0.58
8,30,0.3,99,0.5666666666666667
8,30,0.4,0,0.5825
8,30,0.4,42,0.59
8,30,0.4,99,0.595
9,1,0.1,0,0.64
9,1,0.1,42,0.7
9,1,0.1,99,0.65
9,1,0.2,0,0.67
9,1,0.2,42,0.69
9,1,0.2,99,0.67
9,1,0.3,0,0.6766666666666666
9,1,0.3,42,0.6766666666666666
9,1,0.3,99,0.6566666666666666
9,1,0.4,0,0.66
9,1,0.4,42,0.6575
9,1,0.4,99,0.635
9,2,0.1,0,0.61
9,2,0.1,42,0.72
9,2,0.1,99,0.64
9,2,0.2,0,0.64
9,2,0.2,42,0.69
9,2,0.2,99,0.66
9,2,0.3,0,0.6466666666666666
9,2,0.3,42,0.6633333333333333
9,2,0.3,99,0.6333333333333333
9,2,0.4,0,0.64
9,2,0.4,42,0.655
9,2,0.4,99,0.6375
9,3,0.1,0,0.66
9,3,0.1,42,0.68
9,3,0.1,99,0.71
9,3,0.2,0,0.67
9,3,0.2,42,0.715
9,3,0.2,99,0.69
9,3,0.3,0,0.6766666666666666
9,3,0.3,42,0.68
9,3,0.3,99,0.6533333333333333
9,3,0.4,0,0.6575
9,3,0.4,42,0.6725
9,3,0.4,99,0.67
9,4,0.1,0,0.68
9,4,0.1,42,0.71
9,4,0.1,99,0.68
9,4,0.2,0,0.69
9,4,0.2,42,0.71
9,4,0.2,99,0.67
9,4,0.3,0,0.6633333333333333
9,4,0.3,42,0.6833333333333333
9,4,0.3,99,0.6533333333333333
9,4,0.4,0,0.6475
9,4,0.4,42,0.6625
9,4,0.4,99,0.6675
9,5,0.1,0,0.7
9,5,0.1,42,0.7
9,5,0.1,99,0.68
9,5,0.2,0,0.69
9,5,0.2,42,0.715
9,5,0.2,99,0.7
9,5,0.3,0,0.6833333333333333
9,5,0.3,42,0.6866666666666666
9,5,0.3,99,0.6766666666666666
9,5,0.4,0,0.67
9,5,0.4,42,0.6575
9,5,0.4,99,0.67
9,6,0.1,0,0.68
9,6,0.1,42,0.7
9,6,0.1,99,0.67
9,6,0.2,0,0.695
9,6,0.2,42,0.71
9,6,0.2,99,0.69
9,6,0.3,0,0.6766666666666666
9,6,0.3,42,0.6833333333333333
9,6,0.3,99,0.6666666666666666
9,6,0.4,0,0.6625
9,6,0.4,42,0.6525
9,6,0.4,99,0.645
9,7,0.1,0,0.68
9,7,0.1,42,0.7
9,7,0.1,99,0.68
9,7,0.2,0,0.685
9,7,0.2,42,0.685
9,7,0.2,99,0.695
9,7,0.3,0,0.6633333333333333
9,7,0.3,42,0.68
9,7,0.3,99,0.64
9,7,0.4,0,0.655
9,7,0.4,42,0.6425
9,7,0.4,99,0.635
9,8,0.1,0,0.68
9,8,0.1,42,0.68
9,8,0.1,99,0.65
9,8,0.2,0,0.675
9,8,0.2,42,0.69
9,8,0.2,99,0.7
9,8,0.3,0,0.65
9,8,0.3,42,0.67
9,8,0.3,99,0.6366666666666667
9,8,0.4,0,0.655
9,8,0.4,42,0.655
9,8,0.4,99,0.65
9,9,0.1,0,0.68
9,9,0.1,42,0.66
9,9,0.1,99,0.7
9,9,0.2,0,0.675
9,9,0.2,42,0.7
9,9,0.2,99,0.695
9,9,0.3,0,0.6666666666666666
9,9,0.3,42,0.6733333333333333
9,9,0.3,99,0.63
9,9,0.4,0,0.66
9,9,0.4,42,0.6475
9,9,0.4,99,0.6475
9,10,0.1,0,0.71
9,10,0.1,42,0.67
9,10,0.1,99,0.66
9,10,0.2,0,0.695
9,10,0.2,42,0.7
9,10,0.2,99,0.675
9,10,0.3,0,0.6566666666666666
9,10,0.3,42,0.6833333333333333
9,10,0.3,99,0.6266666666666667
9,10,0.4,0,0.6525
9,10,0.4,42,0.6575
9,10,0.4,99,0.6475
9,11,0.1,0,0.68
9,11,0.1,42,0.68
9,11,0.1,99,0.69
9,11,0.2,0,0.675
9,11,0.2,42,0.69
9,11,0.2,99,0.69
9,11,0.3,0,0.64
9,11,0.3,42,0.6733333333333333
9,11,0.3,99,0.63
9,11,0.4,0,0.63
9,11,0.4,42,0.6625
9,11,0.4,99,0.64
9,12,0.1,0,0.65
9,12,0.1,42,0.67
9,12,0.1,99,0.65
9,12,0.2,0,0.66
9,12,0.2,42,0.685
9,12,0.2,99,0.67
9,12,0.3,0,0.6366666666666667
9,12,0.3,42,0.6733333333333333
9,12,0.3,99,0.6233333333333333
9,12,0.4,0,0.645
9,12,0.4,42,0.665
9,12,0.4,99,0.6625
9,13,0.1,0,0.64
9,13,0.1,42,0.7
9,13,0.1,99,0.66
9,13,0.2,0,0.665
9,13,0.2,42,0.69
9,13,0.2,99,0.665
9,13,0.3,0,0.65
9,13,0.3,42,0.6633333333333333
9,13,0.3,99,0.61
9,13,0.4,0,0.6325
9,13,0.4,42,0.6475
9,13,0.4,99,0.64
9,14,0.1,0,0.64
9,14,0.1,42,0.74
9,14,0.1,99,0.66
9,14,0.2,0,0.665
9,14,0.2,42,0.7
9,14,0.2,99,0.685
9,14,0.3,0,0.6533333333333333
9,14,0.3,42,0.6466666666666666
9,14,0.3,99,0.63
9,14,0.4,0,0.635
9,14,0.4,42,0.6375
9,14,0.4,99,0.6325
9,15,0.1,0,0.64
9,15,0.1,42,0.74
9,15,0.1,99,0.64
9,15,0.2,0,0.67
9,15,0.2,42,0.705
9,15,0.2,99,0.7
9,15,0.3,0,0.6566666666666666
9,15,0.3,42,0.64
9,15,0.3,99,0.6266666666666667
9,15,0.4,0,0.65
9,15,0.4,42,0.6325
9,15,0.4,99,0.62
9,16,0.1,0,0.63
9,16,0.1,42,0.73
9,16,0.1,99,0.66
9,16,0.2,0,0.665
9,16,0.2,42,0.715
9,16,0.2,99,0.695
9,16,0.3,0,0.6466666666666666
9,16,0.3,42,0.65
9,16,0.3,99,0.61
9,16,0.4,0,0.635
9,16,0.4,42,0.6375
9,16,0.4,99,0.605
9,17,0.1,0,0.63
9,17,0.1,42,0.71
9,17,0.1,99,0.68
9,17,0.2,0,0.67
9,17,0.2,42,0.69
9,17,0.2,99,0.685
9,17,0.3,0,0.6333333333333333
9,17,0.3,42,0.6433333333333333
9,17,0.3,99,0.62
9,17,0.4,0,0.6375
9,17,0.4,42,0.6125
9,17,0.4,99,0.62
9,18,0.1,0,0.64
9,18,0.1,42,0.7
9,18,0.1,99,0.66
9,18,0.2,0,0.68
9,18,0.2,42,0.685
9,18,0.2,99,0.68
9,18,0.3,0,0.6366666666666667
9,18,0.3,42,0.65
9,18,0.3,99,0.62
9,18,0.4,0,0.6275
9,18,0.4,42,0.6125
9,18,0.4,99,0.605
9,19,0.1,0,0.65
9,19,0.1,42,0.69
9,19,0.1,99,0.68
9,19,0.2,0,0.67
9,19,0.2,42,0.69
9,19,0.2,99,0.66
9,19,0.3,0,0.6366666666666667
9,19,0.3,42,0.6466666666666666
9,19,0.3,99,0.6066666666666667
9,19,0.4,0,0.6175
9,19,0.4,42,0.6025
9,19,0.4,99,0.6025
9,20,0.1,0,0.68
9,20,0.1,42,0.68
9,20,0.1,99,0.66
9,20,0.2,0,0.685
9,20,0.2,42,0.685
9,20,0.2,99,0.67
9,20,0.3,0,0.6366666666666667
9,20,0.3,42,0.6166666666666667
9,20,0.3,99,0.6
9,20,0.4,0,0.6325
9,20,0.4,42,0.6125
9,20,0.4,99,0.61
9,21,0.1,0,0.69
9,21,0.1,42,0.68
9,21,0.1,99,0.66
9,21,0.2,0,0.66
9,21,0.2,42,0.68
9,21,0.2,99,0.67
9,21,0.3,0,0.63
9,21,0.3,42,0.6166666666666667
9,21,0.3,99,0.5933333333333334
9,21,0.4,0,0.6325
9,21,0.4,42,0.605
9,21,0.4,99,0.61
9,22,0.1,0,0.66
9,22,0.1,42,0.65
9,22,0.1,99,0.67
9,22,0.2,0,0.665
9,22,0.2,42,0.67
9,22,0.2,99,0.66
9,22,0.3,0,0.6266666666666667
9,22,0.3,42,0.6166666666666667
9,22,0.3,99,0.6
9,22,0.4,0,0.625
9,22,0.4,42,0.61
9,22,0.4,99,0.615
9,23,0.1,0,0.66
9,23,0.1,42,0.67
9,23,0.1,99,0.68
9,23,0.2,0,0.66
9,23,0.2,42,0.665
9,23,0.2,99,0.645
9,23,0.3,0,0.6
9,23,0.3,42,0.6033333333333334
9,23,0.3,99,0.58
9,23,0.4,0,0.6125
9,23,0.4,42,0.6075
9,23,0.4,99,0.605
9,24,0.1,0,0.67
9,24,0.1,42,0.66
9,24,0.1,99,0.68
9,24,0.2,0,0.645
9,24,0.2,42,0.66
9,24,0.2,99,0.635
9,24,0.3,0,0.6133333333333333
9,24,0.3,42,0.61
9,24,0.3,99,0.5766666666666667
9,24,0.4,0,0.605
9,24,0.4,42,0.6025
9,24,0.4,99,0.605
9,25,0.1,0,0.69
9,25,0.1,42,0.67
9,25,0.1,99,0.66
9,25,0.2,0,0.65
9,25,0.2,42,0.655
9,25,0.2,99,0.62
9,25,0.3,0,0.6133333333333333
9,25,0.3,42,0.5966666666666667
9,25,0.3,99,0.5633333333333334
9,25,0.4,0,0.5975
9,25,0.4,42,0.5975
9,25,0.4,99,0.6025
9,26,0.1,0,0.69
9,26,0.1,42,0.66
9,26,0.1,99,0.65
9,26,0.2,0,0.645
9,26,0.2,42,0.655
9,26,0.2,99,0.62
9,26,0.3,0,0.6233333333333333
9,26,0.3,42,0.5933333333333334
9,26,0.3,99,0.5733333333333334
9,26,0.4,0,0.6
9,26,0.4,42,0.585
9,26,0.4,99,0.61
9,27,0.1,0,0.67
9,27,0.1,42,0.67
9,27,0.1,99,0.64
9,27,0.2,0,0.64
9,27,0.2,42,0.655
9,27,0.2,99,0.625
9,27,0.3,0,0.6233333333333333
9,27,0.3,42,0.5966666666666667
9,27,0.3,99,0.5633333333333334
9,27,0.4,0,0.5975
9,27,0.4,42,0.585
9,27,0.4,99,0.6025
9,28,0.1,0,0.65
9,28,0.1,42,0.65
9,28,0.1,99,0.62
9,28,0.2,0,0.63
9,28,0.2,42,0.64
9,28,0.2,99,0.64
9,28,0.3,0,0.62
9,28,0.3,42,0.5833333333333334
9,28,0.3,99,0.5733333333333334
9,28,0.4,0,0.58
9,28,0.4,42,0.5875
9,28,0.4,99,0.595
9,29,0.1,0,0.64
9,29,0.1,42,0.66
9,29,0.1,99,0.63
9,29,0.2,0,0.635
9,29,0.2,42,0.625
9,29,0.2,99,0.625
9,29,0.3,0,0.6166666666666667
9,29,0.3,42,0.59
9,29,0.3,99,0.5666666666666667
9,29,0.4,0,0.5925
9,29,0.4,42,0.585
9,29,0.4,99,0.6
9,30,0.1,0,0.66
9,30,0.1,42,0.66
9,30,0.1,99,0.62
9,30,0.2,0,0.635
9,30,0.2,42,0.62
9,30,0.2,99,0.635
9,30,0.3,0,0.61
9,30,0.3,42,0.58
9,30,0.3,99,0.58
9,30,0.4,0,0.6
9,30,0.4,42,0.5825
9,30,0.4,99,0.5875
10,1,0.1,0,0.65
10,1,0.1,42,0.72
10,1,0.1,99,0.63
10,1,0.2,0,0.68
10,1,0.2,42,0.73
10,1,0.2,99,0.69
10,1,0.3,0,0.6933333333333334
10,1,0.3,42,0.6833333333333333
10,1,0.3,99,0.68
10,1,0.4,0,0.68
10,1,0.4,42,0.6675
10,1,0.4,99,0.6625
10,2,0.1,0,0.61
10,2,0.1,42,0.7
10,2,0.1,99,0.66
10,2,0.2,0,0.65
10,2,0.2,42,0.69
10,2,0.2,99,0.66
10,2,0.3,0,0.6533333333333333
10,2,0.3,42,0.6666666666666666
10,2,0.3,99,0.6466666666666666
10,2,0.4,0,0.6425
10,2,0.4,42,0.655
10,2,0.4,99,0.64
10,3,0.1,0,0.67
10,3,0.1,42,0.67
10,3,0.1,99,0.74
10,3,0.2,0,0.67
10,3,0.2,42,0.715
10,3,0.2,99,0.705
10,3,0.3,0,0.6866666666666666
10,3,0.3,42,0.6933333333333334
10,3,0.3,99,0.66
10,3,0.4,0,0.6575
10,3,0.4,42,0.6675
10,3,0.4,99,0.6525
10,4,0.1,0,0.7
10,4,0.1,42,0.7
10,4,0.1,99,0.71
10,4,0.2,0,0.695
10,4,0.2,42,0.72
10,4,0.2,99,0.665
10,4,0.3,0,0.6866666666666666
10,4,0.3,42,0.69
10,4,0.3,99,0.6166666666666667
10,4,0.4,0,0.655
10,4,0.4,42,0.6625
10,4,0.4,99,0.6475
10,5,0.1,0,0.67
10,5,0.1,42,0.7
10,5,0.1,99,0.67
10,5,0.2,0,0.69
10,5,0.2,42,0.705
10,5,0.2,99,0.69
10,5,0.3,0,0.6766666666666666
10,5,0.3,42,0.6833333333333333
10,5,0.3,99,0.6566666666666666
10,5,0.4,0,0.655
10,5,0.4,42,0.665
10,5,0.4,99,0.6575
10,6,0.1,0,0.68
10,6,0.1,42,0.72
10,6,0.1,99,0.69
10,6,0.2,0,0.69
10,6,0.2,42,0.71
10,6,0.2,99,0.705
10,6,0.3,0,0.68
10,6,0.3,42,0.6833333333333333
10,6,0.3,99,0.65
10,6,0.4,0,0.655
10,6,0.4,42,0.67
10,6,0.4,99,0.65
10,7,0.1,0,0.69
10,7,0.1,42,0.71
10,7,0.1,99,0.64
10,7,0.2,0,0.685
10,7,0.2,42,0.69
10,7,0.2,99,0.7
10,7,0.3,0,0.67
10,7,0.3,42,0.68
10,7,0.3,99,0.6433333333333333
10,7,0.4,0,0.66
10,7,0.4,42,0.6475
10,7,0.4,99,0.6275
10,8,0.1,0,0.71
10,8,0.1,42,0.7
10,8,0.1,99,0.66
10,8,0.2,0,0.675
10,8,0.2,42,0.695
10,8,0.2,99,0.7
10,8,0.3,0,0.6733333333333333
10,8,0.3,42,0.6833333333333333
10,8,0.3,99,0.6433333333333333
10,8,0.4,0,0.6525
10,8,0.4,42,0.66
10,8,0.4,99,0.6575
10,9,0.1,0,0.68
10,9,0.1,42,0.68
10,9,0.1,99,0.66
10,9,0.2,0,0.69
10,9,0.2,42,0.695
10,9,0.2,99,0.69
10,9,0.3,0,0.6766666666666666
10,9,0.3,42,0.6733333333333333
10,9,0.3,99,0.6566666666666666
10,9,0.4,0,0.665
10,9,0.4,42,0.64
10,9,0.4,99,0.68
10,10,0.1,0,0.68
10,10,0.1,42,0.69
10,10,0.1,99,0.66
10,10,0.2,0,0.69
10,10,0.2,42,0.695
10,10,0.2,99,0.695
10,10,0.3,0,0.6733333333333333
10,10,0.3,42,0.6866666666666666
10,10,0.3,99,0.6466666666666666
10,10,0.4,0,0.655
10,10,0.4,42,0.66
10,10,0.4,99,0.6625
10,11,0.1,0,0.64
10,11,0.1,42,0.71
10,11,0.1,99,0.64
10,11,0.2,0,0.675
10,11,0.2,42,0.705
10,11,0.2,99,0.7
10,11,0.3,0,0.66
10,11,0.3,42,0.6666666666666666
10,11,0.3,99,0.64
10,11,0.4,0,0.655
10,11,0.4,42,0.6475
10,11,0.4,99,0.6525
10,12,0.1,0,0.66
10,12,0.1,42,0.7
10,12,0.1,99,0.65
10,12,0.2,0,0.675
10,12,0.2,42,0.685
10,12,0.2,99,0.7
10,12,0.3,0,0.66
10,12,0.3,42,0.66
10,12,0.3,99,0.63
10,12,0.4,0,0.64
10,12,0.4,42,0.66
10,12,0.4,99,0.6525
10,13,0.1,0,0.66
10,13,0.1,42,0.71
10,13,0.1,99,0.67
10,13,0.2,0,0.67
10,13,0.2,42,0.7
10,13,0.2,99,0.695
10,13,0.3,0,0.66
10,13,0.3,42,0.6666666666666666
10,13,0.3,99,0.6233333333333333
10,13,0.4,0,0.635
10,13,0.4,42,0.6375
10,13,0.4,99,0.63
10,14,0.1,0,0.64
10,14,0.1,42,0.68
10,14,0.1,99,0.67
10,14,0.2,0,0.67
10,14,0.2,42,0.7
10,14,0.2,99,0.675
10,14,0.3,0,0.6666666666666666
10,14,0.3,42,0.6633333333333333
10,14,0.3,99,0.63
10,14,0.4,0,0.64
10,14,0.4,42,0.6475
10,14,0.4,99,0.625
10,15,0.1,0,0.63
10,15,0.1,42,0.7
10,15,0.1,99,0.67
10,15,0.2,0,0.69
10,15,0.2,42,0.705
10,15,0.2,99,0.71
10,15,0.3,0,0.67
10,15,0.3,42,0.66
10,15,0.3,99,0.63
10,15,0.4,0,0.6375
10,15,0.4,42,0.63
10,15,0.4,99,0.6225
10,16,0.1,0,0.64
10,16,0.1,42,0.67
10,16,0.1,99,0.67
10,16,0.2,0,0.695
10,16,0.2,42,0.69
10,16,0.2,99,0.71
10,16,0.3,0,0.6666666666666666
10,16,0.3,42,0.64
10,16,0.3,99,0.61
10,16,0.4,0,0.6325
10,16,0.4,42,0.625
10,16,0.4,99,0.5975
10,17,0.1,0,0.69
10,17,0.1,42,0.71
10,17,0.1,99,0.67
10,17,0.2,0,0.695
10,17,0.2,42,0.7
10,17,0.2,99,0.68
10,17,0.3,0,0.6433333333333333
10,17,0.3,42,0.65
10,17,0.3,99,0.6
10,17,0.4,0,0.6175
10,17,0.4,42,0.6175
10,17,0.4,99,0.595
10,18,0.1,0,0.67
10,18,0.1,42,0.7
10,18,0.1,99,0.66
10,18,0.2,0,0.675
10,18,0.2,42,0.695
10,18,0.2,99,0.68
10,18,0.3,0,0.6233333333333333
10,18,0.3,42,0.63
10,18,0.3,99,0.6
10,18,0.4,0,0.61
10,18,0.4,42,0.6125
10,18,0.4,99,0.6025
10,19,0.1,0,0.66
10,19,0.1,42,0.69
10,19,0.1,99,0.68
10,19,0.2,0,0.675
10,19,0.2,42,0.705
10,19,0.2,99,0.675
10,19,0.3,0,0.6233333333333333
10,19,0.3,42,0.6266666666666667
10,19,0.3,99,0.5933333333333334
10,19,0.4,0,0.6275
10,19,0.4,42,0.6125
10,19,0.4,99,0.61
10,20,0.1,0,0.69
10,20,0.1,42,0.69
10,20,0.1,99,0.69
10,20,0.2,0,0.67
10,20,0.2,42,0.675
10,20,0.2,99,0.645
10,20,0.3,0,0.62
10,20,0.3,42,0.6366666666666667
10,20,0.3,99,0.5966666666666667
10,20,0.4,0,0.6325
10,20,0.4,42,0.62
10,20,0.4,99,0.6
10,21,0.1,0,0.67
10,21,0.1,42,0.68
10,21,0.1,99,0.65
10,21,0.2,0,0.665
10,21,0.2,42,0.68
10,21,0.2,99,0.65
10,21,0.3,0,0.62
10,21,0.3,42,0.6333333333333333
10,21,0.3,99,0.5833333333333334
10,21,0.4,0,0.625
10,21,0.4,42,0.63
10,21,0.4,99,0.605
10,22,0.1,0,0.67
10,22,0.1,42,0.69
10,22,0.1,99,0.64
10,22,0.2,0,0.66
10,22,0.2,42,0.67
10,22,0.2,99,0.655
10,22,0.3,0,0.63
10,22,0.3,42,0.6266666666666667
10,22,0.3,99,0.5833333333333334
10,22,0.4,0,0.62
10,22,0.4,42,0.6125
10,22,0.4,99,0.6025
10,23,0.1,0,0.65
10,23,0.1,42,0.67
10,23,0.1,99,0.65
10,23,0.2,0,0.665
10,23,0.2,42,0.65
10,23,0.2,99,0.66
10,23,0.3,0,0.6066666666666667
10,23,0.3,42,0.6133333333333333
10,23,0.3,99,0.5766666666666667
10,23,0.4,0,0.61
10,23,0.4,42,0.61
10,23,0.4,99,0.5925
10,24,0.1,0,0.68
10,24,0.1,42,0.68
10,24,0.1,99,0.66
10,24,0.2,0,0.66
10,24,0.2,42,0.67
10,24,0.2,99,0.64
10,24,0.3,0,0.6066666666666667
10,24,0.3,42,0.6233333333333333
10,24,0.3,99,0.5633333333333334
10,24,0.4,0,0.615
10,24,0.4,42,0.605
10,24,0.4,99,0.59
10,25,0.1,0,0.67
10,25,0.1,42,0.68
10,25,0.1,99,0.62
10,25,0.2,0,0.66
10,25,0.2,42,0.65
10,25,0.2,99,0.645
10,25,0.3,0,0.61
10,25,0.3,42,0.61
10,25,0.3,99,0.5566666666666666
10,25,0.4,0,0.5975
10,25,0.4,42,0.605
10,25,0.4,99,0.595
10,26,0.1,0,0.66
10,26,0.1,42,0.68
10,26,0.1,99,0.6
10,26,0.2,0,0.655
10,26,0.2,42,0.66
10,26,0.2,99,0.625
10,26,0.3,0,0.6233333333333333
10,26,0.3,42,0.6033333333333334
10,26,0.3,99,0.5566666666666666
10,26,0.4,0,0.585
10,26,0.4,42,0.5925
10,26,0.4,99,0.595
10,27,0.1,0,0.65
10,27,0.1,42,0.66
10,27,0.1,99,0.61
10,27,0.2,0,0.655
10,27,0.2,42,0.65
10,27,0.2,99,0.64
10,27,0.3,0,0.61
10,27,0.3,42,0.6066666666666667
10,27,0.3,99,0.5466666666666666
10,27,0.4,0,0.5725
10,27,0.4,42,0.5925
10,27,0.4,99,0.59
10,28,0.1,0,0.65
10,28,0.1,42,0.65
10,28,0.1,99,0.64
10,28,0.2,0,0.63
10,28,0.2,42,0.655
10,28,0.2,99,0.635
10,28,0.3,0,0.6066666666666667
10,28,0.3,42,0.5933333333333334
10,28,0.3,99,0.5366666666666666
10,28,0.4,0,0.5975
10,28,0.4,42,0.5975
10,28,0.4,99,0.59
10,29,0.1,0,0.64
10,29,0.1,42,0.64
10,29,0.1,99,0.64
10,29,0.2,0,0.645
10,29,0.2,42,0.635
10,29,0.2,99,0.635
10,29,0.3,0,0.6066666666666667
10,29,0.3,42,0.5866666666666667
10,29,0.3,99,0.55
10,29,0.4,0,0.5875
10,29,0.4,42,0.585
10,29,0.4,99,0.585
10,30,0.1,0,0.65
10,30,0.1,42,0.65
10,30,0.1,99,0.63
10,30,0.2,0,0.615
10,30,0.2,42,0.645
10,30,0.2,99,0.63
10,30,0.3,0,0.5933333333333334
10,30,0.3,42,0.5966666666666667
10,30,0.3,99,0.5533333333333333
10,30,0.4,0,0.585
10,30,0.4,42,0.585
10,30,0.4,99,0.5875
11,1,0.1,0,0.67
11,1,0.1,42,0.71
11,1,0.1,99,0.62
11,1,0.2,0,0.7
11,1,0.2,42,0.725
11,1,0.2,99,0.685
11,1,0.3,0,0.7066666666666667
11,1,0.3,42,0.6866666666666666
11,1,0.3,99,0.6733333333333333
11,1,0.4,0,0.69
11,1,0.4,42,0.6625
11,1,0.4,99,0.66
11,2,0.1,0,0.64
11,2,0.1,42,0.74
11,2,0.1,99,0.63
11,2,0.2,0,0.67
11,2,0.2,42,0.69
11,2,0.2,99,0.655
11,2,0.3,0,0.6666666666666666
11,2,0.3,42,0.66
11,2,0.3,99,0.6433333333333333
11,2,0.4,0,0.665
11,2,0.4,42,0.64
11,2,0.4,99,0.6475
11,3,0.1,0,0.71
11,3,0.1,42,0.68
11,3,0.1,99,0.74
11,3,0.2,0,0.695
11,3,0.2,42,0.7
11,3,0.2,99,0.72
11,3,0.3,0,0.7
11,3,0.3,42,0.6766666666666666
11,3,0.3,99,0.68
11,3,0.4,0,0.67
11,3,0.4,42,0.6675
11,3,0.4,99,0.67
11,4,0.1,0,0.7
11,4,0.1,42,0.73
11,4,0.1,99,0.71
11,4,0.2,0,0.7
11,4,0.2,42,0.735
11,4,0.2,99,0.675
11,4,0.3,0,0.71
11,4,0.3,42,0.6766666666666666
11,4,0.3,99,0.63
11,4,0.4,0,0.6725
11,4,0.4,42,0.665
11,4,0.4,99,0.655
11,5,0.1,0,0.71
11,5,0.1,42,0.69
11,5,0.1,99,0.71
11,5,0.2,0,0.685
11,5,0.2,42,0.71
11,5,0.2,99,0.67
11,5,0.3,0,0.6966666666666667
11,5,0.3,42,0.6733333333333333
11,5,0.3,99,0.6766666666666666
11,5,0.4,0,0.67
11,5,0.4,42,0.66
11,5,0.4,99,0.665
11,6,0.1,0,0.69
11,6,0.1,42,0.72
11,6,0.1,99,0.69
11,6,0.2,0,0.69
11,6,0.2,42,0.715
11,6,0.2,99,0.73
11,6,0.3,0,0.69
11,6,0.3,42,0.6666666666666666
11,6,0.3,99,0.6566666666666666
11,6,0.4,0,0.6675
11,6,0.4,42,0.655
11,6,0.4,99,0.6575
11,7,0.1,0,0.68
11,7,0.1,42,0.67
11,7,0.1,99,0.71
11,7,0.2,0,0.68
11,7,0.2,42,0.705
11,7,0.2,99,0.71
11,7,0.3,0,0.6766666666666666
11,7,0.3,42,0.66
11,7,0.3,99,0.65
11,7,0.4,0,0.665
11,7,0.4,42,0.65
11,7,0.4,99,0.655
11,8,0.1,0,0.7
11,8,0.1,42,0.65
11,8,0.1,99,0.68
11,8,0.2,0,0.68
11,8,0.2,42,0.71
11,8,0.2,99,0.695
11,8,0.3,0,0.68
11,8,0.3,42,0.6633333333333333
11,8,0.3,99,0.6366666666666667
11,8,0.4,0,0.635
11,8,0.4,42,0.64
11,8,0.4,99,0.675
11,9,0.1,0,0.69
11,9,0.1,42,0.67
11,9,0.1,99,0.66
11,9,0.2,0,0.685
11,9,0.2,42,0.69
11,9,0.2,99,0.71
11,9,0.3,0,0.6633333333333333
11,9,0.3,42,0.67
11,9,0.3,99,0.65
11,9,0.4,0,0.6425
11,9,0.4,42,0.6425
11,9,0.4,99,0.675
11,10,0.1,0,0.66
11,10,0.1,42,0.69
11,10,0.1,99,0.66
11,10,0.2,0,0.685
11,10,0.2,42,0.685
11,10,0.2,99,0.7
11,10,0.3,0,0.6466666666666666
11,10,0.3,42,0.66
11,10,0.3,99,0.63
11,10,0.4,0,0.645
11,10,0.4,42,0.66
11,10,0.4,99,0.65
11,11,0.1,0,0.64
11,11,0.1,42,0.69
11,11,0.1,99,0.68
11,11,0.2,0,0.68
11,11,0.2,42,0.685
11,11,0.2,99,0.705
11,11,0.3,0,0.6566666666666666
11,11,0.3,42,0.6533333333333333
11,11,0.3,99,0.6266666666666667
11,11,0.4,0,0.655
11,11,0.4,42,0.6525
11,11,0.4,99,0.665
11,12,0.1,0,0.66
11,12,0.1,42,0.68
11,12,0.1,99,0.68
11,12,0.2,0,0.675
11,12,0.2,42,0.7
11,12,0.2,99,0.735
11,12,0.3,0,0.65
11,12,0.3,42,0.6633333333333333
11,12,0.3,99,0.6466666666666666
11,12,0.4,0,0.64
11,12,0.4,42,0.6725
11,12,0.4,99,0.645
11,13,0.1,0,0.65
11,13,0.1,42,0.69
11,13,0.1,99,0.68
11,13,0.2,0,0.685
11,13,0.2,42,0.7
11,13,0.2,99,0.71
11,13,0.3,0,0.66
11,13,0.3,42,0.65
11,13,0.3,99,0.6333333333333333
11,13,0.4,0,0.62
11,13,0.4,42,0.6475
11,13,0.4,99,0.645
11,14,0.1,0,0.66
11,14,0.1,42,0.68
11,14,0.1,99,0.68
11,14,0.2,0,0.68
11,14,0.2,42,0.68
11,14,0.2,99,0.695
11,14,0.3,0,0.6466666666666666
11,14,0.3,42,0.6533333333333333
11,14,0.3,99,0.6166666666666667
11,14,0.4,0,0.6225
11,14,0.4,42,0.6475
11,14,0.4,99,0.6325
11,15,0.1,0,0.65
11,15,0.1,42,0.68
11,15,0.1,99,0.71
11,15,0.2,0,0.66
11,15,0.2,42,0.695
11,15,0.2,99,0.705
11,15,0.3,0,0.65
11,15,0.3,42,0.6466666666666666
11,15,0.3,99,0.6033333333333334
11,15,0.4,0,0.6275
11,15,0.4,42,0.65
11,15,0.4,99,0.625
11,16,0.1,0,0.65
11,16,0.1,42,0.67
11,16,0.1,99,0.7
11,16,0.2,0,0.655
11,16,0.2,42,0.7
11,16,0.2,99,0.705
11,16,0.3,0,0.65
11,16,0.3,42,0.64
11,16,0.3,99,0.6066666666666667
11,16,0.4,0,0.6275
11,16,0.4,42,0.63
11,16,0.4,99,0.61
11,17,0.1,0,0.65
11,17,0.1,42,0.7
11,17,0.1,99,0.73
11,17,0.2,0,0.655
11,17,0.2,42,0.69
11,17,0.2,99,0.685
11,17,0.3,0,0.6533333333333333
11,17,0.3,42,0.6333333333333333
11,17,0.3,99,0.5933333333333334
11,17,0.4,0,0.62
11,17,0.4,42,0.6275
11,17,0.4,99,0.6075
11,18,0.1,0,0.66
11,18,0.1,42,0.69
11,18,0.1,99,0.7
11,18,0.2,0,0.685
11,18,0.2,42,0.68
11,18,0.2,99,0.66
11,18,0.3,0,0.6433333333333333
11,18,0.3,42,0.65
11,18,0.3,99,0.5933333333333334
11,18,0.4,0,0.6225
11,18,0.4,42,0.625
11,18,0.4,99,0.61
11,19,0.1,0,0.67
11,19,0.1,42,0.68
11,19,0.1,99,0.68
11,19,0.2,0,0.67
11,19,0.2,42,0.675
11,19,0.2,99,0.65
11,19,0.3,0,0.63
11,19,0.3,42,0.6433333333333333
11,19,0.3,99,0.58
11,19,0.4,0,0.6225
11,19,0.4,42,0.6275
11,19,0.4,99,0.615
11,20,0.1,0,0.67
11,20,0.1,42,0.66
11,20,0.1,99,0.64
11,20,0.2,0,0.685
11,20,0.2,42,0.685
11,20,0.2,99,0.65
11,20,0.3,0,0.6233333333333333
11,20,0.3,42,0.6366666666666667
11,20,0.3,99,0.5866666666666667
11,20,0.4,0,0.61
11,20,0.4,42,0.63
11,20,0.4,99,0.6075
11,21,0.1,0,0.66
11,21,0.1,42,0.65
11,21,0.1,99,0.63
11,21,0.2,0,0.65
11,21,0.2,42,0.67
11,21,0.2,99,0.64
11,21,0.3,0,0.6233333333333333
11,21,0.3,42,0.6366666666666667
11,21,0.3,99,0.5733333333333334
11,21,0.4,0,0.6175
11,21,0.4,42,0.615
11,21,0.4,99,0.6025
11,22,0.1,0,0.64
11,22,0.1,42,0.67
11,22,0.1,99,0.64
11,22,0.2,0,0.645
11,22,0.2,42,0.67
11,22,0.2,99,0.64
11,22,0.3,0,0.6133333333333333
11,22,0.3,42,0.6366666666666667
11,22,0.3,99,0.57
11,22,0.4,0,0.6125
11,22,0.4,42,0.6175
11,22,0.4,99,0.6025
11,23,0.1,0,0.64
11,23,0.1,42,0.68
11,23,0.1,99,0.63
11,23,0.2,0,0.64
11,23,0.2,42,0.66
11,23,0.2,99,0.64
11,23,0.3,0,0.61
11,23,0.3,42,0.6233333333333333
11,23,0.3,99,0.5766666666666667
11,23,0.4,0,0.6125
11,23,0.4,42,0.6175
11,23,0.4,99,0.585
11,24,0.1,0,0.67
11,24,0.1,42,0.69
11,24,0.1,99,0.62
11,24,0.2,0,0.65
11,24,0.2,42,0.655
11,24,0.2,99,0.63
11,24,0.3,0,0.6
11,24,0.3,42,0.64
11,24,0.3,99,0.57
11,24,0.4,0,0.605
11,24,0.4,42,0.6125
11,24,0.4,99,0.5925
11,25,0.1,0,0.65
11,25,0.1,42,0.68
11,25,0.1,99,0.59
11,25,0.2,0,0.655
11,25,0.2,42,0.65
11,25,0.2,99,0.625
11,25,0.3,0,0.6066666666666667
11,25,0.3,42,0.6333333333333333
11,25,0.3,99,0.5566666666666666
11,25,0.4,0,0.605
11,25,0.4,42,0.6075
11,25,0.4,99,0.595
11,26,0.1,0,0.66
11,26,0.1,42,0.67
11,26,0.1,99,0.63
11,26,0.2,0,0.665
11,26,0.2,42,0.665
11,26,0.2,99,0.64
11,26,0.3,0,0.6133333333333333
11,26,0.3,42,0.6333333333333333
11,26,0.3,99,0.5633333333333334
11,26,0.4,0,0.605
11,26,0.4,42,0.5925
11,26,0.4,99,0.6025
11,27,0.1,0,0.67
11,27,0.1,42,0.66
11,27,0.1,99,0.66
11,27,0.2,0,0.625
11,27,0.2,42,0.64
11,27,0.2,99,0.65
11,27,0.3,0,0.62
11,27,0.3,42,0.62
11,27,0.3,99,0.57
11,27,0.4,0,0.61
11,27,0.4,42,0.59
11,27,0.4,99,0.59
11,28,0.1,0,0.65
11,28,0.1,42,0.65
11,28,0.1,99,0.61
11,28,0.2,0,0.64
11,28,0.2,42,0.635
11,28,0.2,99,0.645
11,28,0.3,0,0.63
11,28,0.3,42,0.61
11,28,0.3,99,0.57
11,28,0.4,0,0.6125
11,28,0.4,42,0.5875
11,28,0.4,99,0.6025
11,29,0.1,0,0.64
11,29,0.1,42,0.65
11,29,0.1,99,0.62
11,29,0.2,0,0.65
11,29,0.2,42,0.625
11,29,0.2,99,0.63
11,29,0.3,0,0.6133333333333333
11,29,0.3,42,0.6066666666666667
11,29,0.3,99,0.5633333333333334
11,29,0.4,0,0.6
11,29,0.4,42,0.5875
11,29,0.4,99,0.5825
11,30,0.1,0,0.67
11,30,0.1,42,0.65
11,30,0.1,99,0.62
11,30,0.2,0,0.645
11,30,0.2,42,0.645
11,30,0.2,99,0.63
11,30,0.3,0,0.6166666666666667
11,30,0.3,42,0.59
11,30,0.3,99,0.57
11,30,0.4,0,0.5925
11,30,0.4,42,0.585
11,30,0.4,99,0.5975
12,1,0.1,0,0.7
12,1,0.1,42,0.7
12,1,0.1,99,0.67
12,1,0.2,0,0.7
12,1,0.2,42,0.71
12,1,0.2,99,0.69
12,1,0.3,0,0.72
12,1,0.3,42,0.7
12,1,0.3,99,0.67
12,1,0.4,0,0.7025
12,1,0.4,42,0.675
12,1,0.4,99,0.675
12,2,0.1,0,0.7
12,2,0.1,42,0.75
12,2,0.1,99,0.64
12,2,0.2,0,0.7
12,2,0.2,42,0.71
12,2,0.2,99,0.665
12,2,0.3,0,0.6866666666666666
12,2,0.3,42,0.6633333333333333
12,2,0.3,99,0.6466666666666666
12,2,0.4,0,0.6575
12,2,0.4,42,0.66
12,2,0.4,99,0.6425
12,3,0.1,0,0.71
12,3,0.1,42,0.72
12,3,0.1,99,0.73
12,3,0.2,0,0.71
12,3,0.2,42,0.72
12,3,0.2,99,0.69
12,3,0.3,0,0.7033333333333334
12,3,0.3,42,0.6966666666666667
12,3,0.3,99,0.6666666666666666
12,3,0.4,0,0.66
12,3,0.4,42,0.675
12,3,0.4,99,0.6825
12,4,0.1,0,0.69
12,4,0.1,42,0.74
12,4,0.1,99,0.7
12,4,0.2,0,0.695
12,4,0.2,42,0.73
12,4,0.2,99,0.69
12,4,0.3,0,0.7166666666666667
12,4,0.3,42,0.6633333333333333
12,4,0.3,99,0.66
12,4,0.4,0,0.6725
12,4,0.4,42,0.66
12,4,0.4,99,0.6675
12,5,0.1,0,0.72
12,5,0.1,42,0.73
12,5,0.1,99,0.71
12,5,0.2,0,0.685
12,5,0.2,42,0.735
12,5,0.2,99,0.705
12,5,0.3,0,0.6766666666666666
12,5,0.3,42,0.68
12,5,0.3,99,0.6733333333333333
12,5,0.4,0,0.6725
12,5,0.4,42,0.6675
12,5,0.4,99,0.655
12,6,0.1,0,0.68
12,6,0.1,42,0.72
12,6,0.1,99,0.69
12,6,0.2,0,0.685
12,6,0.2,42,0.705
12,6,0.2,99,0.73
12,6,0.3,0,0.6733333333333333
12,6,0.3,42,0.6766666666666666
12,6,0.3,99,0.6633333333333333
12,6,0.4,0,0.6675
12,6,0.4,42,0.655
12,6,0.4,99,0.6675
12,7,0.1,0,0.69
12,7,0.1,42,0.68
12,7,0.1,99,0.71
12,7,0.2,0,0.68
12,7,0.2,42,0.7
12,7,0.2,99,0.715
12,7,0.3,0,0.6766666666666666
12,7,0.3,42,0.6766666666666666
12,7,0.3,99,0.6633333333333333
12,7,0.4,0,0.67
12,7,0.4,42,0.665
12,7,0.4,99,0.66
12,8,0.1,0,0.7
12,8,0.1,42,0.67
12,8,0.1,99,0.7
12,8,0.2,0,0.695
12,8,0.2,42,0.7
12,8,0.2,99,0.7
12,8,0.3,0,0.69
12,8,0.3,42,0.67
12,8,0.3,99,0.6633333333333333
12,8,0.4,0,0.6575
12,8,0.4,42,0.6525
12,8,0.4,99,0.675
12,9,0.1,0,0.68
12,9,0.1,42,0.68
12,9,0.1,99,0.68
12,9,0.2,0,0.68
12,9,0.2,42,0.68
12,9,0.2,99,0.695
12,9,0.3,0,0.6766666666666666
12,9,0.3,42,0.66
12,9,0.3,99,0.6433333333333333
12,9,0.4,0,0.6475
12,9,0.4,42,0.6525
12,9,0.4,99,0.65
12,10,0.1,0,0.64
12,10,0.1,42,0.68
12,10,0.1,99,0.69
12,10,0.2,0,0.68
12,10,0.2,42,0.7
12,10,0.2,99,0.68
12,10,0.3,0,0.6666666666666666
12,10,0.3,42,0.68
12,10,0.3,99,0.63
12,10,0.4,0,0.655
12,10,0.4,42,0.66
12,10,0.4,99,0.6575
12,11,0.1,0,0.65
12,11,0.1,42,0.66
12,11,0.1,99,0.63
12,11,0.2,0,0.685
12,11,0.2,42,0.69
12,11,0.2,99,0.695
12,11,0.3,0,0.6633333333333333
12,11,0.3,42,0.66
12,11,0.3,99,0.62
12,11,0.4,0,0.6525
12,11,0.4,42,0.67
12,11,0.4,99,0.65
12,12,0.1,0,0.67
12,12,0.1,42,0.66
12,12,0.1,99,0.66
12,12,0.2,0,0.675
12,12,0.2,42,0.69
12,12,0.2,99,0.715
12,12,0.3,0,0.65
12,12,0.3,42,0.6566666666666666
12,12,0.3,99,0.6566666666666666
12,12,0.4,0,0.6375
12,12,0.4,42,0.66
12,12,0.4,99,0.6525
12,13,0.1,0,0.68
12,13,0.1,42,0.68
12,13,0.1,99,0.67
12,13,0.2,0,0.645
12,13,0.2,42,0.71
12,13,0.2,99,0.7
12,13,0.3,0,0.6566666666666666
12,13,0.3,42,0.67
12,13,0.3,99,0.6066666666666667
12,13,0.4,0,0.63
12,13,0.4,42,0.6475
12,13,0.4,99,0.635
12,14,0.1,0,0.69
12,14,0.1,42,0.69
12,14,0.1,99,0.7
12,14,0.2,0,0.66
12,14,0.2,42,0.695
12,14,0.2,99,0.7
12,14,0.3,0,0.64
12,14,0.3,42,0.6566666666666666
12,14,0.3,99,0.6133333333333333
12,14,0.4,0,0.635
12,14,0.4,42,0.65
12,14,0.4,99,0.635
12,15,0.1,0,0.66
12,15,0.1,42,0.69
12,15,0.1,99,0.71
12,15,0.2,0,0.66
12,15,0.2,42,0.71
12,15,0.2,99,0.69
12,15,0.3,0,0.6766666666666666
12,15,0.3,42,0.65
12,15,0.3,99,0.61
12,15,0.4,0,0.6375
12,15,0.4,42,0.6425
12,15,0.4,99,0.625
12,16,0.1,0,0.65
12,16,0.1,42,0.67
12,16,0.1,99,0.7
12,16,0.2,0,0.655
12,16,0.2,42,0.695
12,16,0.2,99,0.69
12,16,0.3,0,0.6733333333333333
12,16,0.3,42,0.6533333333333333
12,16,0.3,99,0.61
12,16,0.4,0,0.6225
12,16,0.4,42,0.64
12,16,0.4,99,0.6175
12,17,0.1,0,0.65
12,17,0.1,42,0.68
12,17,0.1,99,0.7
12,17,0.2,0,0.65
12,17,0.2,42,0.695
12,17,0.2,99,0.705
12,17,0.3,0,0.6433333333333333
12,17,0.3,42,0.64
12,17,0.3,99,0.6133333333333333
12,17,0.4,0,0.6125
12,17,0.4,42,0.64
12,17,0.4,99,0.6075
12,18,0.1,0,0.64
12,18,0.1,42,0.7
12,18,0.1,99,0.68
12,18,0.2,0,0.665
12,18,0.2,42,0.695
12,18,0.2,99,0.685
12,18,0.3,0,0.6366666666666667
12,18,0.3,42,0.6433333333333333
12,18,0.3,99,0.6166666666666667
12,18,0.4,0,0.6175
12,18,0.4,42,0.6275
12,18,0.4,99,0.6125
12,19,0.1,0,0.62
12,19,0.1,42,0.67
12,19,0.1,99,0.66
12,19,0.2,0,0.675
12,19,0.2,42,0.685
12,19,0.2,99,0.685
12,19,0.3,0,0.6366666666666667
12,19,0.3,42,0.6366666666666667
12,19,0.3,99,0.6066666666666667
12,19,0.4,0,0.615
12,19,0.4,42,0.625
12,19,0.4,99,0.6025
12,20,0.1,0,0.66
12,20,0.1,42,0.67
12,20,0.1,99,0.67
12,20,0.2,0,0.665
12,20,0.2,42,0.68
12,20,0.2,99,0.67
12,20,0.3,0,0.6333333333333333
12,20,0.3,42,0.6266666666666667
12,20,0.3,99,0.6
12,20,0.4,0,0.6175
12,20,0.4,42,0.6225
12,20,0.4,99,0.59
12,21,0.1,0,0.64
12,21,0.1,42,0.66
12,21,0.1,99,0.66
12,21,0.2,0,0.66
12,21,0.2,42,0.68
12,21,0.2,99,0.665
12,21,0.3,0,0.6266666666666667
12,21,0.3,42,0.64
12,21,0.3,99,0.5833333333333334
12,21,0.4,0,0.62
12,21,0.4,42,0.6175
12,21,0.4,99,0.5975
12,22,0.1,0,0.65
12,22,0.1,42,0.66
12,22,0.1,99,0.66
12,22,0.2,0,0.66
12,22,0.2,42,0.66
12,22,0.2,99,0.655
12,22,0.3,0,0.6233333333333333
12,22,0.3,42,0.6366666666666667
12,22,0.3,99,0.58
12,22,0.4,0,0.6175
12,22,0.4,42,0.6225
12,22,0.4,99,0.595
12,23,0.1,0,0.64
12,23,0.1,42,0.67
12,23,0.1,99,0.66
12,23,0.2,0,0.655
12,23,0.2,42,0.655
12,23,0.2,99,0.64
12,23,0.3,0,0.6133333333333333
12,23,0.3,42,0.6233333333333333
12,23,0.3,99,0.5933333333333334
12,23,0.4,0,0.6225
12,23,0.4,42,0.6125
12,23,0.4,99,0.595
12,24,0.1,0,0.63
12,24,0.1,42,0.66
12,24,0.1,99,0.62
12,24,0.2,0,0.655
12,24,0.2,42,0.655
12,24,0.2,99,0.635
12,24,0.3,0,0.6166666666666667
12,24,0.3,42,0.6233333333333333
12,24,0.3,99,0.58
12,24,0.4,0,0.62
12,24,0.4,42,0.6025
12,24,0.4,99,0.605
12,25,0.1,0,0.66
12,25,0.1,42,0.65
12,25,0.1,99,0.62
12,25,0.2,0,0.65
12,25,0.2,42,0.655
12,25,0.2,99,0.635
12,25,0.3,0,0.6333333333333333
12,25,0.3,42,0.6266666666666667
12,25,0.3,99,0.5633333333333334
12,25,0.4,0,0.61
12,25,0.4,42,0.595
12,25,0.4,99,0.59
12,26,0.1,0,0.66
12,26,0.1,42,0.65
12,26,0.1,99,0.6
12,26,0.2,0,0.65
12,26,0.2,42,0.645
12,26,0.2,99,0.645
12,26,0.3,0,0.63
12,26,0.3,42,0.6166666666666667
12,26,0.3,99,0.5666666666666667
12,26,0.4,0,0.6125
12,26,0.4,42,0.5975
12,26,0.4,99,0.59
12,27,0.1,0,0.66
12,27,0.1,42,0.65
12,27,0.1,99,0.62
12,27,0.2,0,0.645
12,27,0.2,42,0.63
12,27,0.2,99,0.65
12,27,0.3,0,0.63
12,27,0.3,42,0.6133333333333333
12,27,0.3,99,0.56
12,27,0.4,0,0.615
12,27,0.4,42,0.6
12,27,0.4,99,0.5925
12,28,0.1,0,0.65
12,28,0.1,42,0.65
12,28,0.1,99,0.61
12,28,0.2,0,0.645
12,28,0.2,42,0.625
12,28,0.2,99,0.635
12,28,0.3,0,0.6333333333333333
12,28,0.3,42,0.6166666666666667
12,28,0.3,99,0.5533333333333333
12,28,0.4,0,0.61
12,28,0.4,42,0.5975
12,28,0.4,99,0.595
12,29,0.1,0,0.63
12,29,0.1,42,0.62
12,29,0.1,99,0.61
12,29,0.2,0,0.645
12,29,0.2,42,0.635
12,29,0.2,99,0.64
12,29,0.3,0,0.6266666666666667
12,29,0.3,42,0.6266666666666667
12,29,0.3,99,0.5466666666666666
12,29,0.4,0,0.5975
12,29,0.4,42,0.595
12,29,0.4,99,0.5825
12,30,0.1,0,0.64
12,30,0.1,42,0.64
12,30,0.1,99,0.6
12,30,0.2,0,0.64
12,30,0.2,42,0.65
12,30,0.2,99,0.615
12,30,0.3,0,0.62
12,30,0.3,42,0.6166666666666667
12,30,0.3,99,0.56
12,30,0.4,0,0.5925
12,30,0.4,42,0.59
12,30,0.4,99,0.5925
13,1,0.1,0,0.74
13,1,0.1,42,0.68
13,1,0.1,99,0.69
13,1,0.2,0,0.73
13,1,0.2,42,0.73
13,1,0.2,99,0.705
13,1,0.3,0,0.7333333333333333
13,1,0.3,42,0.71
13,1,0.3,99,0.68
13,1,0.4,0,0.7075
13,1,0.4,42,0.6775
13,1,0.4,99,0.68
13,2,0.1,0,0.68
13,2,0.1,42,0.74
13,2,0.1,99,0.66
13,2,0.2,0,0.67
13,2,0.2,42,0.715
13,2,0.2,99,0.675
13,2,0.3,0,0.6666666666666666
13,2,0.3,42,0.68
13,2,0.3,99,0.65
13,2,0.4,0,0.64
13,2,0.4,42,0.6675
13,2,0.4,99,0.6475
13,3,0.1,0,0.7
13,3,0.1,42,0.71
13,3,0.1,99,0.72
13,3,0.2,0,0.71
13,3,0.2,42,0.72
13,3,0.2,99,0.68
13,3,0.3,0,0.6933333333333334
13,3,0.3,42,0.6933333333333334
13,3,0.3,99,0.66
13,3,0.4,0,0.655
13,3,0.4,42,0.6675
13,3,0.4,99,0.685
13,4,0.1,0,0.72
13,4,0.1,42,0.75
13,4,0.1,99,0.72
13,4,0.2,0,0.695
13,4,0.2,42,0.74
13,4,0.2,99,0.7
13,4,0.3,0,0.71
13,4,0.3,42,0.6933333333333334
13,4,0.3,99,0.6633333333333333
13,4,0.4,0,0.67
13,4,0.4,42,0.6825
13,4,0.4,99,0.69
13,5,0.1,0,0.7
13,5,0.1,42,0.74
13,5,0.1,99,0.71
13,5,0.2,0,0.695
13,5,0.2,42,0.73
13,5,0.2,99,0.69
13,5,0.3,0,0.67
13,5,0.3,42,0.6833333333333333
13,5,0.3,99,0.6733333333333333
13,5,0.4,0,0.6625
13,5,0.4,42,0.67
13,5,0.4,99,0.6625
13,6,0.1,0,0.69
13,6,0.1,42,0.75
13,6,0.1,99,0.7
13,6,0.2,0,0.705
13,6,0.2,42,0.72
13,6,0.2,99,0.71
13,6,0.3,0,0.7
13,6,0.3,42,0.6866666666666666
13,6,0.3,99,0.6633333333333333
13,6,0.4,0,0.6775
13,6,0.4,42,0.6675
13,6,0.4,99,0.675
13,7,0.1,0,0.69
13,7,0.1,42,0.71
13,7,0.1,99,0.7
13,7,0.2,0,0.685
13,7,0.2,42,0.72
13,7,0.2,99,0.71
13,7,0.3,0,0.68
13,7,0.3,42,0.6766666666666666
13,7,0.3,99,0.6666666666666666
13,7,0.4,0,0.665
13,7,0.4,42,0.66
13,7,0.4,99,0.6625
13,8,0.1,0,0.67
13,8,0.1,42,0.69
13,8,0.1,99,0.71
13,8,0.2,0,0.685
13,8,0.2,42,0.71
13,8,0.2,99,0.715
13,8,0.3,0,0.6766666666666666
13,8,0.3,42,0.6733333333333333
13,8,0.3,99,0.66
13,8,0.4,0,0.6525
13,8,0.4,42,0.64
13,8,0.4,99,0.6775
13,9,0.1,0,0.69
13,9,0.1,42,0.7
13,9,0.1,99,0.7
13,9,0.2,0,0.66
13,9,0.2,42,0.715
13,9,0.2,99,0.715
13,9,0.3,0,0.67
13,9,0.3,42,0.69
13,9,0.3,99,0.64
13,9,0.4,0,0.6525
13,9,0.4,42,0.6625
13,9,0.4,99,0.665
13,10,0.1,0,0.65
13,10,0.1,42,0.66
13,10,0.1,99,0.69
13,10,0.2,0,0.665
13,10,0.2,42,0.705
13,10,0.2,99,0.7
13,10,0.3,0,0.6466666666666666
13,10,0.3,42,0.7133333333333334
13,10,0.3,99,0.6533333333333333
13,10,0.4,0,0.66
13,10,0.4,42,0.655
13,10,0.4,99,0.675
13,11,0.1,0,0.66
13,11,0.1,42,0.66
13,11,0.1,99,0.69
13,11,0.2,0,0.68
13,11,0.2,42,0.705
13,11,0.2,99,0.69
13,11,0.3,0,0.6566666666666666
13,11,0.3,42,0.6866666666666666
13,11,0.3,99,0.6266666666666667
13,11,0.4,0,0.65
13,11,0.4,42,0.66
13,11,0.4,99,0.6525
13,12,0.1,0,0.66
13,12,0.1,42,0.67
13,12,0.1,99,0.69
13,12,0.2,0,0.685
13,12,0.2,42,0.68
13,12,0.2,99,0.7
13,12,0.3,0,0.6633333333333333
13,12,0.3,42,0.6766666666666666
13,12,0.3,99,0.63
13,12,0.4,0,0.645
13,12,0.4,42,0.66
13,12,0.4,99,0.6525
13,13,0.1,0,0.67
13,13,0.1,42,0.66
13,13,0.1,99,0.69
13,13,0.2,0,0.68
13,13,0.2,42,0.7
13,13,0.2,99,0.695
13,13,0.3,0,0.6533333333333333
13,13,0.3,42,0.67
13,13,0.3,99,0.6366666666666667
13,13,0.4,0,0.6175
13,13,0.4,42,0.63
13,13,0.4,99,0.635
13,14,0.1,0,0.69
13,14,0.1,42,0.68
13,14,0.1,99,0.7
13,14,0.2,0,0.66
13,14,0.2,42,0.695
13,14,0.2,99,0.69
13,14,0.3,0,0.65
13,14,0.3,42,0.6633333333333333
13,14,0.3,99,0.63
13,14,0.4,0,0.6275
13,14,0.4,42,0.63
13,14,0.4,99,0.645
13,15,0.1,0,0.68
13,15,0.1,42,0.66
13,15,0.1,99,0.73
13,15,0.2,0,0.655
13,15,0.2,42,0.685
13,15,0.2,99,0.665
13,15,0.3,0,0.6533333333333333
13,15,0.3,42,0.6533333333333333
13,15,0.3,99,0.62
13,15,0.4,0,0.635
13,15,0.4,42,0.62
13,15,0.4,99,0.6175
13,16,0.1,0,0.65
13,16,0.1,42,0.64
13,16,0.1,99,0.69
13,16,0.2,0,0.67
13,16,0.2,42,0.695
13,16,0.2,99,0.7
13,16,0.3,0,0.6466666666666666
13,16,0.3,42,0.6466666666666666
13,16,0.3,99,0.6266666666666667
13,16,0.4,0,0.615
13,16,0.4,42,0.6275
13,16,0.4,99,0.6275
13,17,0.1,0,0.67
13,17,0.1,42,0.68
13,17,0.1,99,0.71
13,17,0.2,0,0.66
13,17,0.2,42,0.68
13,17,0.2,99,0.705
13,17,0.3,0,0.65
13,17,0.3,42,0.6433333333333333
13,17,0.3,99,0.62
13,17,0.4,0,0.605
13,17,0.4,42,0.6225
13,17,0.4,99,0.62
13,18,0.1,0,0.68
13,18,0.1,42,0.68
13,18,0.1,99,0.71
13,18,0.2,0,0.67
13,18,0.2,42,0.67
13,18,0.2,99,0.69
13,18,0.3,0,0.64
13,18,0.3,42,0.6366666666666667
13,18,0.3,99,0.6233333333333333
13,18,0.4,0,0.61
13,18,0.4,42,0.6325
13,18,0.4,99,0.615
13,19,0.1,0,0.67
13,19,0.1,42,0.67
13,19,0.1,99,0.69
13,19,0.2,0,0.66
13,19,0.2,42,0.675
13,19,0.2,99,0.675
13,19,0.3,0,0.6233333333333333
13,19,0.3,42,0.63
13,19,0.3,99,0.5933333333333334
13,19,0.4,0,0.615
13,19,0.4,42,0.6125
13,19,0.4,99,0.605
13,20,0.1,0,0.66
13,20,0.1,42,0.66
13,20,0.1,99,0.65
13,20,0.2,0,0.645
13,20,0.2,42,0.665
13,20,0.2,99,0.65
13,20,0.3,0,0.6333333333333333
13,20,0.3,42,0.6266666666666667
13,20,0.3,99,0.6
13,20,0.4,0,0.61
13,20,0.4,42,0.6075
13,20,0.4,99,0.5925
13,21,0.1,0,0.68
13,21,0.1,42,0.66
13,21,0.1,99,0.65
13,21,0.2,0,0.64
13,21,0.2,42,0.645
13,21,0.2,99,0.65
13,21,0.3,0,0.6166666666666667
13,21,0.3,42,0.62
13,21,0.3,99,0.6166666666666667
13,21,0.4,0,0.615
13,21,0.4,42,0.61
13,21,0.4,99,0.59
13,22,0.1,0,0.68
13,22,0.1,42,0.65
13,22,0.1,99,0.64
13,22,0.2,0,0.635
13,22,0.2,42,0.64
13,22,0.2,99,0.65
13,22,0.3,0,0.63
13,22,0.3,42,0.6366666666666667
13,22,0.3,99,0.5866666666666667
13,22,0.4,0,0.6225
13,22,0.4,42,0.5925
13,22,0.4,99,0.5875
13,23,0.1,0,0.67
13,23,0.1,42,0.64
13,23,0.1,99,0.64
13,23,0.2,0,0.645
13,23,0.2,42,0.64
13,23,0.2,99,0.635
13,23,0.3,0,0.6333333333333333
13,23,0.3,42,0.63
13,23,0.3,99,0.5766666666666667
13,23,0.4,0,0.6175
13,23,0.4,42,0.585
13,23,0.4,99,0.6
13,24,0.1,0,0.63
13,24,0.1,42,0.64
13,24,0.1,99,0.6
13,24,0.2,0,0.65
13,24,0.2,42,0.635
13,24,0.2,99,0.635
13,24,0.3,0,0.6066666666666667
13,24,0.3,42,0.63
13,24,0.3,99,0.5733333333333334
13,24,0.4,0,0.61
13,24,0.4,42,0.5825
13,24,0.4,99,0.6
13,25,0.1,0,0.64
13,25,0.1,42,0.67
13,25,0.1,99,0.59
13,25,0.2,0,0.635
13,25,0.2,42,0.635
13,25,0.2,99,0.625
13,25,0.3,0,0.6133333333333333
13,25,0.3,42,0.6333333333333333
13,25,0.3,99,0.5733333333333334
13,25,0.4,0,0.6125
13,25,0.4,42,0.5775
13,25,0.4,99,0.5975
13,26,0.1,0,0.63
13,26,0.1,42,0.63
13,26,0.1,99,0.59
13,26,0.2,0,0.645
13,26,0.2,42,0.63
13,26,0.2,99,0.615
13,26,0.3,0,0.62
13,26,0.3,42,0.6166666666666667
13,26,0.3,99,0.56
13,26,0.4,0,0.62
13,26,0.4,42,0.5825
13,26,0.4,99,0.59
13,27,0.1,0,0.64
13,27,0.1,42,0.63
13,27,0.1,99,0.59
13,27,0.2,0,0.63
13,27,0.2,42,0.63
13,27,0.2,99,0.625
13,27,0.3,0,0.6266666666666667
13,27,0.3,42,0.62
13,27,0.3,99,0.5533333333333333
13,27,0.4,0,0.5975
13,27,0.4,42,0.5925
13,27,0.4,99,0.5925
13,28,0.1,0,0.66
13,28,0.1,42,0.65
13,28,0.1,99,0.58
13,28,0.2,0,0.635
13,28,0.2,42,0.64
13,28,0.2,99,0.625
13,28,0.3,0,0.63
13,28,0.3,42,0.6066666666666667
13,28,0.3,99,0.5566666666666666
13,28,0.4,0,0.585
13,28,0.4,42,0.5925
13,28,0.4,99,0.5975
13,29,0.1,0,0.65
13,29,0.1,42,0.63
13,29,0.1,99,0.57
13,29,0.2,0,0.64
13,29,0.2,42,0.63
13,29,0.2,99,0.63
13,29,0.3,0,0.6166666666666667
13,29,0.3,42,0.5966666666666667
13,29,0.3,99,0.5633333333333334
13,29,0.4,0,0.585
13,29,0.4,42,0.59
13,29,0.4,99,0.58
13,30,0.1,0,0.64
13,30,0.1,42,0.63
13,30,0.1,99,0.57
13,30,0.2,0,0.635
13,30,0.2,42,0.64
13,30,0.2,99,0.635
13,30,0.3,0,0.61
13,30,0.3,42,0.5866666666666667
13,30,0.3,99,0.5666666666666667
13,30,0.4,0,0.585
13,30,0.4,42,0.58
13,30,0.4,99,0.5925
14,1,0.1,0,0.71
14,1,0.1,42,0.67
14,1,0.1,99,0.67
14,1,0.2,0,0.73
14,1,0.2,42,0.71
14,1,0.2,99,0.685
14,1,0.3,0,0.7166666666666667
14,1,0.3,42,0.69
14,1,0.3,99,0.6733333333333333
14,1,0.4,0,0.7025
14,1,0.4,42,0.6525
14,1,0.4,99,0.6875
14,2,0.1,0,0.71
14,2,0.1,42,0.72
14,2,0.1,99,0.67
14,2,0.2,0,0.68
14,2,0.2,42,0.705
14,2,0.2,99,0.675
14,2,0.3,0,0.6766666666666666
14,2,0.3,42,0.68
14,2,0.3,99,0.6533333333333333
14,2,0.4,0,0.655
14,2,0.4,42,0.66
14,2,0.4,99,0.6625
14,3,0.1,0,0.72
14,3,0.1,42,0.68
14,3,0.1,99,0.71
14,3,0.2,0,0.715
14,3,0.2,42,0.71
14,3,0.2,99,0.675
14,3,0.3,0,0.7166666666666667
14,3,0.3,42,0.67
14,3,0.3,99,0.6733333333333333
14,3,0.4,0,0.6625
14,3,0.4,42,0.65
14,3,0.4,99,0.7025
14,4,0.1,0,0.72
14,4,0.1,42,0.77
14,4,0.1,99,0.7
14,4,0.2,0,0.71
14,4,0.2,42,0.735
14,4,0.2,99,0.7
14,4,0.3,0,0.7133333333333334
14,4,0.3,42,0.7033333333333334
14,4,0.3,99,0.6933333333333334
14,4,0.4,0,0.6625
14,4,0.4,42,0.68
14,4,0.4,99,0.6925
14,5,0.1,0,0.73
14,5,0.1,42,0.76
14,5,0.1,99,0.72
14,5,0.2,0,0.71
14,5,0.2,42,0.745
14,5,0.2,99,0.705
14,5,0.3,0,0.69
14,5,0.3,42,0.6966666666666667
14,5,0.3,99,0.6933333333333334
14,5,0.4,0,0.655
14,5,0.4,42,0.6775
14,5,0.4,99,0.66
14,6,0.1,0,0.7
14,6,0.1,42,0.75
14,6,0.1,99,0.73
14,6,0.2,0,0.72
14,6,0.2,42,0.74
14,6,0.2,99,0.71
14,6,0.3,0,0.6933333333333334
14,6,0.3,42,0.7
14,6,0.3,99,0.67
14,6,0.4,0,0.6525
14,6,0.4,42,0.6825
14,6,0.4,99,0.6775
14,7,0.1,0,0.69
14,7,0.1,42,0.71
14,7,0.1,99,0.71
14,7,0.2,0,0.7
14,7,0.2,42,0.715
14,7,0.2,99,0.71
14,7,0.3,0,0.6833333333333333
14,7,0.3,42,0.6666666666666666
14,7,0.3,99,0.66
14,7,0.4,0,0.6525
14,7,0.4,42,0.67
14,7,0.4,99,0.675
14,8,0.1,0,0.72
14,8,0.1,42,0.69
14,8,0.1,99,0.71
14,8,0.2,0,0.69
14,8,0.2,42,0.695
14,8,0.2,99,0.72
14,8,0.3,0,0.6766666666666666
14,8,0.3,42,0.6666666666666666
14,8,0.3,99,0.6633333333333333
14,8,0.4,0,0.66
14,8,0.4,42,0.645
14,8,0.4,99,0.6925
14,9,0.1,0,0.72
14,9,0.1,42,0.7
14,9,0.1,99,0.71
14,9,0.2,0,0.665
14,9,0.2,42,0.695
14,9,0.2,99,0.715
14,9,0.3,0,0.6633333333333333
14,9,0.3,42,0.69
14,9,0.3,99,0.6633333333333333
14,9,0.4,0,0.65
14,9,0.4,42,0.6425
14,9,0.4,99,0.6825
14,10,0.1,0,0.67
14,10,0.1,42,0.69
14,10,0.1,99,0.69
14,10,0.2,0,0.655
14,10,0.2,42,0.695
14,10,0.2,99,0.73
14,10,0.3,0,0.6433333333333333
14,10,0.3,42,0.68
14,10,0.3,99,0.67
14,10,0.4,0,0.63
14,10,0.4,42,0.635
14,10,0.4,99,0.6675
14,11,0.1,0,0.7
14,11,0.1,42,0.65
14,11,0.1,99,0.69
14,11,0.2,0,0.655
14,11,0.2,42,0.7
14,11,0.2,99,0.705
14,11,0.3,0,0.66
14,11,0.3,42,0.6866666666666666
14,11,0.3,99,0.6533333333333333
14,11,0.4,0,0.63
14,11,0.4,42,0.6475
14,11,0.4,99,0.6525
14,12,0.1,0,0.69
14,12,0.1,42,0.68
14,12,0.1,99,0.69
14,12,0.2,0,0.655
14,12,0.2,42,0.705
14,12,0.2,99,0.705
14,12,0.3,0,0.6533333333333333
14,12,0.3,42,0.6766666666666666
14,12,0.3,99,0.6333333333333333
14,12,0.4,0,0.6075
14,12,0.4,42,0.645
14,12,0.4,99,0.6475
14,13,0.1,0,0.65
14,13,0.1,42,0.68
14,13,0.1,99,0.67
14,13,0.2,0,0.63
14,13,0.2,42,0.715
14,13,0.2,99,0.705
14,13,0.3,0,0.6266666666666667
14,13,0.3,42,0.6766666666666666
14,13,0.3,99,0.6333333333333333
14,13,0.4,0,0.6225
14,13,0.4,42,0.635
14,13,0.4,99,0.6475
14,14,0.1,0,0.66
14,14,0.1,42,0.67
14,14,0.1,99,0.68
14,14,0.2,0,0.63
14,14,0.2,42,0.695
14,14,0.2,99,0.69
14,14,0.3,0,0.65
14,14,0.3,42,0.67
14,14,0.3,99,0.6266666666666667
14,14,0.4,0,0.6325
14,14,0.4,42,0.6325
14,14,0.4,99,0.6425
14,15,0.1,0,0.65
14,15,0.1,42,0.71
14,15,0.1,99,0.71
14,15,0.2,0,0.625
14,15,0.2,42,0.71
14,15,0.2,99,0.665
14,15,0.3,0,0.65
14,15,0.3,42,0.65
14,15,0.3,99,0.6233333333333333
14,15,0.4,0,0.6175
14,15,0.4,42,0.6275
14,15,0.4,99,0.6275
14,16,0.1,0,0.63
14,16,0.1,42,0.68
14,16,0.1,99,0.7
14,16,0.2,0,0.65
14,16,0.2,42,0.685
14,16,0.2,99,0.69
14,16,0.3,0,0.6433333333333333
14,16,0.3,42,0.6433333333333333
14,16,0.3,99,0.6166666666666667
14,16,0.4,0,0.6125
14,16,0.4,42,0.64
14,16,0.4,99,0.6225
14,17,0.1,0,0.63
14,17,0.1,42,0.71
14,17,0.1,99,0.69
14,17,0.2,0,0.665
14,17,0.2,42,0.675
14,17,0.2,99,0.675
14,17,0.3,0,0.63
14,17,0.3,42,0.6433333333333333
14,17,0.3,99,0.61
14,17,0.4,0,0.6175
14,17,0.4,42,0.635
14,17,0.4,99,0.62
14,18,0.1,0,0.66
14,18,0.1,42,0.66
14,18,0.1,99,0.71
14,18,0.2,0,0.665
14,18,0.2,42,0.67
14,18,0.2,99,0.68
14,18,0.3,0,0.6233333333333333
14,18,0.3,42,0.6466666666666666
14,18,0.3,99,0.5966666666666667
14,18,0.4,0,0.635
14,18,0.4,42,0.62
14,18,0.4,99,0.6175
14,19,0.1,0,0.67
14,19,0.1,42,0.66
14,19,0.1,99,0.65
14,19,0.2,0,0.65
14,19,0.2,42,0.675
14,19,0.2,99,0.67
14,19,0.3,0,0.62
14,19,0.3,42,0.6466666666666666
14,19,0.3,99,0.6033333333333334
14,19,0.4,0,0.6275
14,19,0.4,42,0.6125
14,19,0.4,99,0.5975
14,20,0.1,0,0.64
14,20,0.1,42,0.64
14,20,0.1,99,0.64
14,20,0.2,0,0.645
14,20,0.2,42,0.665
14,20,0.2,99,0.67
14,20,0.3,0,0.63
14,20,0.3,42,0.6366666666666667
14,20,0.3,99,0.5966666666666667
14,20,0.4,0,0.6175
14,20,0.4,42,0.605
14,20,0.4,99,0.605
14,21,0.1,0,0.65
14,21,0.1,42,0.65
14,21,0.1,99,0.61
14,21,0.2,0,0.66
14,21,0.2,42,0.645
14,21,0.2,99,0.655
14,21,0.3,0,0.62
14,21,0.3,42,0.63
14,21,0.3,99,0.5966666666666667
14,21,0.4,0,0.6075
14,21,0.4,42,0.6
14,21,0.4,99,0.5975
14,22,0.1,0,0.64
14,22,0.1,42,0.63
14,22,0.1,99,0.64
14,22,0.2,0,0.655
14,22,0.2,42,0.64
14,22,0.2,99,0.675
14,22,0.3,0,0.62
14,22,0.3,42,0.6133333333333333
14,22,0.3,99,0.59
14,22,0.4,0,0.5975
14,22,0.4,42,0.5925
14,22,0.4,99,0.59
14,23,0.1,0,0.62
14,23,0.1,42,0.64
14,23,0.1,99,0.64
14,23,0.2,0,0.66
14,23,0.2,42,0.65
14,23,0.2,99,0.66
14,23,0.3,0,0.6166666666666667
14,23,0.3,42,0.62
14,23,0.3,99,0.59
14,23,0.4,0,0.6
14,23,0.4,42,0.575
14,23,0.4,99,0.5875
14,24,0.1,0,0.65
14,24,0.1,42,0.63
14,24,0.1,99,0.62
14,24,0.2,0,0.655
14,24,0.2,42,0.65
14,24,0.2,99,0.645
14,24,0.3,0,0.61
14,24,0.3,42,0.62
14,24,0.3,99,0.5866666666666667
14,24,0.4,0,0.6025
14,24,0.4,42,0.575
14,24,0.4,99,0.595
14,25,0.1,0,0.66
14,25,0.1,42,0.66
14,25,0.1,99,0.64
14,25,0.2,0,0.655
14,25,0.2,42,0.65
14,25,0.2,99,0.645
14,25,0.3,0,0.6333333333333333
14,25,0.3,42,0.6166666666666667
14,25,0.3,99,0.56
14,25,0.4,0,0.5925
14,25,0.4,42,0.5775
14,25,0.4,99,0.6025
14,26,0.1,0,0.65
14,26,0.1,42,0.65
14,26,0.1,99,0.64
14,26,0.2,0,0.65
14,26,0.2,42,0.64
14,26,0.2,99,0.66
14,26,0.3,0,0.6266666666666667
14,26,0.3,42,0.6066666666666667
14,26,0.3,99,0.5566666666666666
14,26,0.4,0,0.5875
14,26,0.4,42,0.5725
14,26,0.4,99,0.5875
14,27,0.1,0,0.64
14,27,0.1,42,0.65
14,27,0.1,99,0.58
14,27,0.2,0,0.655
14,27,0.2,42,0.63
14,27,0.2,99,0.665
14,27,0.3,0,0.6166666666666667
14,27,0.3,42,0.5933333333333334
14,27,0.3,99,0.56
14,27,0.4,0,0.585
14,27,0.4,42,0.57
14,27,0.4,99,0.59
14,28,0.1,0,0.64
14,28,0.1,42,0.66
14,28,0.1,99,0.58
14,28,0.2,0,0.64
14,28,0.2,42,0.64
14,28,0.2,99,0.66
14,28,0.3,0,0.61
14,28,0.3,42,0.59
14,28,0.3,99,0.5566666666666666
14,28,0.4,0,0.5875
14,28,0.4,42,0.565
14,28,0.4,99,0.5825
14,29,0.1,0,0.64
14,29,0.1,42,0.64
14,29,0.1,99,0.59
14,29,0.2,0,0.64
14,29,0.2,42,0.645
14,29,0.2,99,0.655
14,29,0.3,0,0.6133333333333333
14,29,0.3,42,0.58
14,29,0.3,99,0.55
14,29,0.4,0,0.5825
14,29,0.4,42,0.57
14,29,0.4,99,0.5775
14,30,0.1,0,0.62
14,30,0.1,42,0.63
14,30,0.1,99,0.55
14,30,0.2,0,0.65
14,30,0.2,42,0.655
14,30,0.2,99,0.645
14,30,0.3,0,0.6066666666666667
14,30,0.3,42,0.58
14,30,0.3,99,0.5633333333333334
14,30,0.4,0,0.5775
14,30,0.4,42,0.565
14,30,0.4,99,0.5625
15,1,0.1,0,0.69
15,1,0.1,42,0.66
15,1,0.1,99,0.67
15,1,0.2,0,0.715
15,1,0.2,42,0.7
15,1,0.2,99,0.68
15,1,0.3,0,0.7166666666666667
15,1,0.3,42,0.6733333333333333
15,1,0.3,99,0.6566666666666666
15,1,0.4,0,0.6975
15,1,0.4,42,0.6575
15,1,0.4,99,0.6675
15,2,0.1,0,0.73
15,2,0.1,42,0.69
15,2,0.1,99,0.63
15,2,0.2,0,0.695
15,2,0.2,42,0.695
15,2,0.2,99,0.665
15,2,0.3,0,0.69
15,2,0.3,42,0.6766666666666666
15,2,0.3,99,0.65
15,2,0.4,0,0.6525
15,2,0.4,42,0.6625
15,2,0.4,99,0.6475
15,3,0.1,0,0.73
15,3,0.1,42,0.69
15,3,0.1,99,0.68
15,3,0.2,0,0.69
15,3,0.2,42,0.715
15,3,0.2,99,0.675
15,3,0.3,0,0.71
15,3,0.3,42,0.6966666666666667
15,3,0.3,99,0.6733333333333333
15,3,0.4,0,0.67
15,3,0.4,42,0.67
15,3,0.4,99,0.7
15,4,0.1,0,0.72
15,4,0.1,42,0.73
15,4,0.1,99,0.71
15,4,0.2,0,0.72
15,4,0.2,42,0.73
15,4,0.2,99,0.695
15,4,0.3,0,0.7066666666666667
15,4,0.3,42,0.7166666666666667
15,4,0.3,99,0.6866666666666666
15,4,0.4,0,0.665
15,4,0.4,42,0.6925
15,4,0.4,99,0.69
15,5,0.1,0,0.71
15,5,0.1,42,0.75
15,5,0.1,99,0.74
15,5,0.2,0,0.705
15,5,0.2,42,0.755
15,5,0.2,99,0.72
15,5,0.3,0,0.7066666666666667
15,5,0.3,42,0.72
15,5,0.3,99,0.6933333333333334
15,5,0.4,0,0.6625
15,5,0.4,42,0.6775
15,5,0.4,99,0.6775
15,6,0.1,0,0.71
15,6,0.1,42,0.71
15,6,0.1,99,0.67
15,6,0.2,0,0.715
15,6,0.2,42,0.725
15,6,0.2,99,0.7
15,6,0.3,0,0.7066666666666667
15,6,0.3,42,0.6966666666666667
15,6,0.3,99,0.66
15,6,0.4,0,0.6675
15,6,0.4,42,0.675
15,6,0.4,99,0.6675
15,7,0.1,0,0.73
15,7,0.1,42,0.72
15,7,0.1,99,0.68
15,7,0.2,0,0.69
15,7,0.2,42,0.705
15,7,0.2,99,0.71
15,7,0.3,0,0.67
15,7,0.3,42,0.69
15,7,0.3,99,0.6533333333333333
15,7,0.4,0,0.6525
15,7,0.4,42,0.665
15,7,0.4,99,0.6625
15,8,0.1,0,0.68
15,8,0.1,42,0.67
15,8,0.1,99,0.67
15,8,0.2,0,0.685
15,8,0.2,42,0.705
15,8,0.2,99,0.71
15,8,0.3,0,0.7066666666666667
15,8,0.3,42,0.6733333333333333
15,8,0.3,99,0.6433333333333333
15,8,0.4,0,0.67
15,8,0.4,42,0.655
15,8,0.4,99,0.6625
15,9,0.1,0,0.7
15,9,0.1,42,0.71
15,9,0.1,99,0.7
15,9,0.2,0,0.7
15,9,0.2,42,0.72
15,9,0.2,99,0.7
15,9,0.3,0,0.69
15,9,0.3,42,0.6966666666666667
15,9,0.3,99,0.64
15,9,0.4,0,0.655
15,9,0.4,42,0.6425
15,9,0.4,99,0.65
15,10,0.1,0,0.64
15,10,0.1,42,0.7
15,10,0.1,99,0.68
15,10,0.2,0,0.665
15,10,0.2,42,0.695
15,10,0.2,99,0.69
15,10,0.3,0,0.6666666666666666
15,10,0.3,42,0.6833333333333333
15,10,0.3,99,0.6233333333333333
15,10,0.4,0,0.6425
15,10,0.4,42,0.6325
15,10,0.4,99,0.6675
15,11,0.1,0,0.68
15,11,0.1,42,0.67
15,11,0.1,99,0.7
15,11,0.2,0,0.675
15,11,0.2,42,0.715
15,11,0.2,99,0.695
15,11,0.3,0,0.6533333333333333
15,11,0.3,42,0.6666666666666666
15,11,0.3,99,0.6333333333333333
15,11,0.4,0,0.65
15,11,0.4,42,0.6275
15,11,0.4,99,0.675
15,12,0.1,0,0.67
15,12,0.1,42,0.67
15,12,0.1,99,0.7
15,12,0.2,0,0.675
15,12,0.2,42,0.7
15,12,0.2,99,0.68
15,12,0.3,0,0.66
15,12,0.3,42,0.6766666666666666
15,12,0.3,99,0.6266666666666667
15,12,0.4,0,0.6225
15,12,0.4,42,0.635
15,12,0.4,99,0.645
15,13,0.1,0,0.67
15,13,0.1,42,0.7
15,13,0.1,99,0.7
15,13,0.2,0,0.65
15,13,0.2,42,0.705
15,13,0.2,99,0.675
15,13,0.3,0,0.6433333333333333
15,13,0.3,42,0.68
15,13,0.3,99,0.6233333333333333
15,13,0.4,0,0.62
15,13,0.4,42,0.6125
15,13,0.4,99,0.6425
15,14,0.1,0,0.66
15,14,0.1,42,0.71
15,14,0.1,99,0.67
15,14,0.2,0,0.65
15,14,0.2,42,0.695
15,14,0.2,99,0.675
15,14,0.3,0,0.65
15,14,0.3,42,0.6566666666666666
15,14,0.3,99,0.6366666666666667
15,14,0.4,0,0.6275
15,14,0.4,42,0.6175
15,14,0.4,99,0.635
15,15,0.1,0,0.67
15,15,0.1,42,0.71
15,15,0.1,99,0.69
15,15,0.2,0,0.675
15,15,0.2,42,0.69
15,15,0.2,99,0.645
15,15,0.3,0,0.6433333333333333
15,15,0.3,42,0.6333333333333333
15,15,0.3,99,0.6166666666666667
15,15,0.4,0,0.62
15,15,0.4,42,0.615
15,15,0.4,99,0.6025
15,16,0.1,0,0.65
15,16,0.1,42,0.68
15,16,0.1,99,0.69
15,16,0.2,0,0.675
15,16,0.2,42,0.7
15,16,0.2,99,0.655
15,16,0.3,0,0.65
15,16,0.3,42,0.6333333333333333
15,16,0.3,99,0.61
15,16,0.4,0,0.6175
15,16,0.4,42,0.6075
15,16,0.4,99,0.6175
15,17,0.1,0,0.65
15,17,0.1,42,0.67
15,17,0.1,99,0.69
15,17,0.2,0,0.67
15,17,0.2,42,0.68
15,17,0.2,99,0.66
15,17,0.3,0,0.6333333333333333
15,17,0.3,42,0.65
15,17,0.3,99,0.5966666666666667
15,17,0.4,0,0.62
15,17,0.4,42,0.6125
15,17,0.4,99,0.615
15,18,0.1,0,0.66
15,18,0.1,42,0.7
15,18,0.1,99,0.7
15,18,0.2,0,0.685
15,18,0.2,42,0.685
15,18,0.2,99,0.65
15,18,0.3,0,0.63
15,18,0.3,42,0.6366666666666667
15,18,0.3,99,0.6033333333333334
15,18,0.4,0,0.6125
15,18,0.4,42,0.61
15,18,0.4,99,0.6125
15,19,0.1,0,0.65
15,19,0.1,42,0.68
15,19,0.1,99,0.68
15,19,0.2,0,0.67
15,19,0.2,42,0.69
15,19,0.2,99,0.64
15,19,0.3,0,0.6333333333333333
15,19,0.3,42,0.61
15,19,0.3,99,0.59
15,19,0.4,0,0.61
15,19,0.4,42,0.605
15,19,0.4,99,0.6075
15,20,0.1,0,0.65
15,20,0.1,42,0.65
15,20,0.1,99,0.68
15,20,0.2,0,0.655
15,20,0.2,42,0.675
15,20,0.2,99,0.64
15,20,0.3,0,0.6266666666666667
15,20,0.3,42,0.6033333333333334
15,20,0.3,99,0.6033333333333334
15,20,0.4,0,0.61
15,20,0.4,42,0.5975
15,20,0.4,99,0.61
15,21,0.1,0,0.64
15,21,0.1,42,0.66
15,21,0.1,99,0.64
15,21,0.2,0,0.65
15,21,0.2,42,0.65
15,21,0.2,99,0.645
15,21,0.3,0,0.6166666666666667
15,21,0.3,42,0.6166666666666667
15,21,0.3,99,0.5966666666666667
15,21,0.4,0,0.6025
15,21,0.4,42,0.5875
15,21,0.4,99,0.605
15,22,0.1,0,0.65
15,22,0.1,42,0.66
15,22,0.1,99,0.61
15,22,0.2,0,0.655
15,22,0.2,42,0.66
15,22,0.2,99,0.64
15,22,0.3,0,0.6133333333333333
15,22,0.3,42,0.62
15,22,0.3,99,0.58
15,22,0.4,0,0.6
15,22,0.4,42,0.585
15,22,0.4,99,0.5975
15,23,0.1,0,0.67
15,23,0.1,42,0.67
15,23,0.1,99,0.62
15,23,0.2,0,0.65
15,23,0.2,42,0.65
15,23,0.2,99,0.655
15,23,0.3,0,0.61
15,23,0.3,42,0.6166666666666667
15,23,0.3,99,0.5966666666666667
15,23,0.4,0,0.5975
15,23,0.4,42,0.5825
15,23,0.4,99,0.6
15,24,0.1,0,0.66
15,24,0.1,42,0.67
15,24,0.1,99,0.62
15,24,0.2,0,0.66
15,24,0.2,42,0.635
15,24,0.2,99,0.665
15,24,0.3,0,0.61
15,24,0.3,42,0.62
15,24,0.3,99,0.58
15,24,0.4,0,0.595
15,24,0.4,42,0.5675
15,24,0.4,99,0.5925
15,25,0.1,0,0.67
15,25,0.1,42,0.64
15,25,0.1,99,0.63
15,25,0.2,0,0.65
15,25,0.2,42,0.625
15,25,0.2,99,0.65
15,25,0.3,0,0.6066666666666667
15,25,0.3,42,0.6033333333333334
15,25,0.3,99,0.58
15,25,0.4,0,0.58
15,25,0.4,42,0.565
15,25,0.4,99,0.6125
15,26,0.1,0,0.65
15,26,0.1,42,0.65
15,26,0.1,99,0.58
15,26,0.2,0,0.65
15,26,0.2,42,0.635
15,26,0.2,99,0.645
15,26,0.3,0,0.6066666666666667
15,26,0.3,42,0.61
15,26,0.3,99,0.56
15,26,0.4,0,0.575
15,26,0.4,42,0.5675
15,26,0.4,99,0.59
15,27,0.1,0,0.63
15,27,0.1,42,0.62
15,27,0.1,99,0.6
15,27,0.2,0,0.64
15,27,0.2,42,0.63
15,27,0.2,99,0.635
15,27,0.3,0,0.6066666666666667
15,27,0.3,42,0.6066666666666667
15,27,0.3,99,0.5733333333333334
15,27,0.4,0,0.5825
15,27,0.4,42,0.5625
15,27,0.4,99,0.585
15,28,0.1,0,0.64
15,28,0.1,42,0.65
15,28,0.1,99,0.59
15,28,0.2,0,0.635
15,28,0.2,42,0.64
15,28,0.2,99,0.65
15,28,0.3,0,0.6166666666666667
15,28,0.3,42,0.5966666666666667
15,28,0.3,99,0.5733333333333334
15,28,0.4,0,0.585
15,28,0.4,42,0.555
15,28,0.4,99,0.575
15,29,0.1,0,0.62
15,29,0.1,42,0.63
15,29,0.1,99,0.59
15,29,0.2,0,0.635
15,29,0.2,42,0.645
15,29,0.2,99,0.66
15,29,0.3,0,0.61
15,29,0.3,42,0.5866666666666667
15,29,0.3,99,0.5733333333333334
15,29,0.4,0,0.5775
15,29,0.4,42,0.555
15,29,0.4,99,0.5725
15,30,0.1,0,0.62
15,30,0.1,42,0.61
15,30,0.1,99,0.59
15,30,0.2,0,0.635
15,30,0.2,42,0.64
15,30,0.2,99,0.65
15,30,0.3,0,0.6
15,30,0.3,42,0.5733333333333334
15,30,0.3,99,0.5666666666666667
15,30,0.4,0,0.575
15,30,0.4,42,0.56
15,30,0.4,99,0.57
16,1,0.1,0,0.72
16,1,0.1,42,0.69
16,1,0.1,99,0.65
16,1,0.2,0,0.72
16,1,0.2,42,0.715
16,1,0.2,99,0.675
16,1,0.3,0,0.7233333333333334
16,1,0.3,42,0.6966666666666667
16,1,0.3,99,0.6666666666666666
16,1,0.4,0,0.7025
16,1,0.4,42,0.67
16,1,0.4,99,0.675
16,2,0.1,0,0.68
16,2,0.1,42,0.7
16,2,0.1,99,0.67
16,2,0.2,0,0.645
16,2,0.2,42,0.705
16,2,0.2,99,0.675
16,2,0.3,0,0.6733333333333333
16,2,0.3,42,0.6733333333333333
16,2,0.3,99,0.66
16,2,0.4,0,0.6425
16,2,0.4,42,0.655
16,2,0.4,99,0.6475
16,3,0.1,0,0.71
16,3,0.1,42,0.68
16,3,0.1,99,0.72
16,3,0.2,0,0.695
16,3,0.2,42,0.685
16,3,0.2,99,0.69
16,3,0.3,0,0.7033333333333334
16,3,0.3,42,0.6733333333333333
16,3,0.3,99,0.6733333333333333
16,3,0.4,0,0.6525
16,3,0.4,42,0.6475
16,3,0.4,99,0.705
16,4,0.1,0,0.74
16,4,0.1,42,0.69
16,4,0.1,99,0.67
16,4,0.2,0,0.705
16,4,0.2,42,0.715
16,4,0.2,99,0.7
16,4,0.3,0,0.71
16,4,0.3,42,0.7033333333333334
16,4,0.3,99,0.6866666666666666
16,4,0.4,0,0.66
16,4,0.4,42,0.685
16,4,0.4,99,0.6925
16,5,0.1,0,0.72
16,5,0.1,42,0.69
16,5,0.1,99,0.74
16,5,0.2,0,0.71
16,5,0.2,42,0.71
16,5,0.2,99,0.71
16,5,0.3,0,0.7266666666666667
16,5,0.3,42,0.7033333333333334
16,5,0.3,99,0.6666666666666666
16,5,0.4,0,0.6625
16,5,0.4,42,0.6625
16,5,0.4,99,0.6725
16,6,0.1,0,0.72
16,6,0.1,42,0.71
16,6,0.1,99,0.69
16,6,0.2,0,0.71
16,6,0.2,42,0.745
16,6,0.2,99,0.68
16,6,0.3,0,0.7133333333333334
16,6,0.3,42,0.7133333333333334
16,6,0.3,99,0.6666666666666666
16,6,0.4,0,0.655
16,6,0.4,42,0.66
16,6,0.4,99,0.66
16,7,0.1,0,0.74
16,7,0.1,42,0.71
16,7,0.1,99,0.69
16,7,0.2,0,0.71
16,7,0.2,42,0.74
16,7,0.2,99,0.705
16,7,0.3,0,0.6933333333333334
16,7,0.3,42,0.7166666666666667
16,7,0.3,99,0.6433333333333333
16,7,0.4,0,0.645
16,7,0.4,42,0.67
16,7,0.4,99,0.66
16,8,0.1,0,0.71
16,8,0.1,42,0.66
16,8,0.1,99,0.7
16,8,0.2,0,0.705
16,8,0.2,42,0.695
16,8,0.2,99,0.71
16,8,0.3,0,0.6866666666666666
16,8,0.3,42,0.69
16,8,0.3,99,0.64
16,8,0.4,0,0.645
16,8,0.4,42,0.645
16,8,0.4,99,0.6575
16,9,0.1,0,0.7
16,9,0.1,42,0.67
16,9,0.1,99,0.72
16,9,0.2,0,0.67
16,9,0.2,42,0.695
16,9,0.2,99,0.685
16,9,0.3,0,0.67
16,9,0.3,42,0.6933333333333334
16,9,0.3,99,0.6333333333333333
16,9,0.4,0,0.6575
16,9,0.4,42,0.6475
16,9,0.4,99,0.6625
16,10,0.1,0,0.68
16,10,0.1,42,0.69
16,10,0.1,99,0.72
16,10,0.2,0,0.685
16,10,0.2,42,0.695
16,10,0.2,99,0.7
16,10,0.3,0,0.6633333333333333
16,10,0.3,42,0.68
16,10,0.3,99,0.66
16,10,0.4,0,0.6625
16,10,0.4,42,0.635
16,10,0.4,99,0.6525
16,11,0.1,0,0.71
16,11,0.1,42,0.68
16,11,0.1,99,0.71
16,11,0.2,0,0.685
16,11,0.2,42,0.69
16,11,0.2,99,0.675
16,11,0.3,0,0.6633333333333333
16,11,0.3,42,0.6866666666666666
16,11,0.3,99,0.6366666666666667
16,11,0.4,0,0.6475
16,11,0.4,42,0.63
16,11,0.4,99,0.64
16,12,0.1,0,0.69
16,12,0.1,42,0.68
16,12,0.1,99,0.69
16,12,0.2,0,0.68
16,12,0.2,42,0.675
16,12,0.2,99,0.67
16,12,0.3,0,0.68
16,12,0.3,42,0.6633333333333333
16,12,0.3,99,0.62
16,12,0.4,0,0.645
16,12,0.4,42,0.64
16,12,0.4,99,0.6325
16,13,0.1,0,0.68
16,13,0.1,42,0.67
16,13,0.1,99,0.67
16,13,0.2,0,0.655
16,13,0.2,42,0.695
16,13,0.2,99,0.685
16,13,0.3,0,0.6566666666666666
16,13,0.3,42,0.6533333333333333
16,13,0.3,99,0.6366666666666667
16,13,0.4,0,0.635
16,13,0.4,42,0.635
16,13,0.4,99,0.635
16,14,0.1,0,0.66
16,14,0.1,42,0.69
16,14,0.1,99,0.68
16,14,0.2,0,0.67
16,14,0.2,42,0.685
16,14,0.2,99,0.66
16,14,0.3,0,0.6566666666666666
16,14,0.3,42,0.66
16,14,0.3,99,0.6333333333333333
16,14,0.4,0,0.64
16,14,0.4,42,0.6325
16,14,0.4,99,0.6125
16,15,0.1,0,0.65
16,15,0.1,42,0.66
16,15,0.1,99,0.69
16,15,0.2,0,0.665
16,15,0.2,42,0.695
16,15,0.2,99,0.66
16,15,0.3,0,0.65
16,15,0.3,42,0.65
16,15,0.3,99,0.6266666666666667
16,15,0.4,0,0.645
16,15,0.4,42,0.625
16,15,0.4,99,0.62
16,16,0.1,0,0.67
16,16,0.1,42,0.66
16,16,0.1,99,0.7
16,16,0.2,0,0.675
16,16,0.2,42,0.665
16,16,0.2,99,0.675
16,16,0.3,0,0.6466666666666666
16,16,0.3,42,0.6433333333333333
16,16,0.3,99,0.62
16,16,0.4,0,0.6275
16,16,0.4,42,0.615
16,16,0.4,99,0.6175
16,17,0.1,0,0.67
16,17,0.1,42,0.66
16,17,0.1,99,0.73
16,17,0.2,0,0.665
16,17,0.2,42,0.66
16,17,0.2,99,0.655
16,17,0.3,0,0.64
16,17,0.3,42,0.6366666666666667
16,17,0.3,99,0.61
16,17,0.4,0,0.625
16,17,0.4,42,0.6275
16,17,0.4,99,0.605
16,18,0.1,0,0.67
16,18,0.1,42,0.66
16,18,0.1,99,0.69
16,18,0.2,0,0.675
16,18,0.2,42,0.65
16,18,0.2,99,0.65
16,18,0.3,0,0.6433333333333333
16,18,0.3,42,0.6166666666666667
16,18,0.3,99,0.6166666666666667
16,18,0.4,0,0.61
16,18,0.4,42,0.615
16,18,0.4,99,0.6025
16,19,0.1,0,0.7
16,19,0.1,42,0.67
16,19,0.1,99,0.66
16,19,0.2,0,0.675
16,19,0.2,42,0.655
16,19,0.2,99,0.635
16,19,0.3,0,0.6266666666666667
16,19,0.3,42,0.6066666666666667
16,19,0.3,99,0.6033333333333334
16,19,0.4,0,0.61
16,19,0.4,42,0.6075
16,19,0.4,99,0.59
16,20,0.1,0,0.68
16,20,0.1,42,0.65
16,20,0.1,99,0.66
16,20,0.2,0,0.67
16,20,0.2,42,0.65
16,20,0.2,99,0.645
16,20,0.3,0,0.63
16,20,0.3,42,0.6133333333333333
16,20,0.3,99,0.6066666666666667
16,20,0.4,0,0.6075
16,20,0.4,42,0.5925
16,20,0.4,99,0.6075
16,21,0.1,0,0.68
16,21,0.1,42,0.65
16,21,0.1,99,0.62
16,21,0.2,0,0.655
16,21,0.2,42,0.645
16,21,0.2,99,0.645
16,21,0.3,0,0.6266666666666667
16,21,0.3,42,0.62
16,21,0.3,99,0.61
16,21,0.4,0,0.5975
16,21,0.4,42,0.5925
16,21,0.4,99,0.61
16,22,0.1,0,0.67
16,22,0.1,42,0.64
16,22,0.1,99,0.62
16,22,0.2,0,0.645
16,22,0.2,42,0.65
16,22,0.2,99,0.66
16,22,0.3,0,0.6166666666666667
16,22,0.3,42,0.6233333333333333
16,22,0.3,99,0.5966666666666667
16,22,0.4,0,0.605
16,22,0.4,42,0.5875
16,22,0.4,99,0.595
16,23,0.1,0,0.67
16,23,0.1,42,0.65
16,23,0.1,99,0.6
16,23,0.2,0,0.645
16,23,0.2,42,0.645
16,23,0.2,99,0.67
16,23,0.3,0,0.62
16,23,0.3,42,0.62
16,23,0.3,99,0.59
16,23,0.4,0,0.5925
16,23,0.4,42,0.5925
16,23,0.4,99,0.5975
16,24,0.1,0,0.68
16,24,0.1,42,0.65
16,24,0.1,99,0.63
16,24,0.2,0,0.64
16,24,0.2,42,0.63
16,24,0.2,99,0.67
16,24,0.3,0,0.6166666666666667
16,24,0.3,42,0.6166666666666667
16,24,0.3,99,0.5966666666666667
16,24,0.4,0,0.5875
16,24,0.4,42,0.585
16,24,0.4,99,0.5925
16,25,0.1,0,0.69
16,25,0.1,42,0.66
16,25,0.1,99,0.62
16,25,0.2,0,0.635
16,25,0.2,42,0.635
16,25,0.2,99,0.66
16,25,0.3,0,0.6233333333333333
16,25,0.3,42,0.61
16,25,0.3,99,0.6066666666666667
16,25,0.4,0,0.5775
16,25,0.4,42,0.58
16,25,0.4,99,0.585
16,26,0.1,0,0.65
16,26,0.1,42,0.62
16,26,0.1,99,0.65
16,26,0.2,0,0.63
16,26,0.2,42,0.635
16,26,0.2,99,0.66
16,26,0.3,0,0.6066666666666667
16,26,0.3,42,0.6
16,26,0.3,99,0.5866666666666667
16,26,0.4,0,0.575
16,26,0.4,42,0.575
16,26,0.4,99,0.59
16,27,0.1,0,0.64
16,27,0.1,42,0.63
16,27,0.1,99,0.63
16,27,0.2,0,0.635
16,27,0.2,42,0.62
16,27,0.2,99,0.66
16,27,0.3,0,0.59
16,27,0.3,42,0.6033333333333334
16,27,0.3,99,0.5733333333333334
16,27,0.4,0,0.57
16,27,0.4,42,0.5725
16,27,0.4,99,0.57
16,28,0.1,0,0.65
16,28,0.1,42,0.62
16,28,0.1,99,0.63
16,28,0.2,0,0.635
16,28,0.2,42,0.62
16,28,0.2,99,0.68
16,28,0.3,0,0.6166666666666667
16,28,0.3,42,0.5866666666666667
16,28,0.3,99,0.5766666666666667
16,28,0.4,0,0.565
16,28,0.4,42,0.57
16,28,0.4,99,0.5675
16,29,0.1,0,0.66
16,29,0.1,42,0.61
16,29,0.1,99,0.63
16,29,0.2,0,0.645
16,29,0.2,42,0.615
16,29,0.2,99,0.665
16,29,0.3,0,0.5966666666666667
16,29,0.3,42,0.58
16,29,0.3,99,0.5933333333333334
16,29,0.4,0,0.5775
16,29,0.4,42,0.5575
16,29,0.4,99,0.56
16,30,0.1,0,0.66
16,30,0.1,42,0.6
16,30,0.1,99,0.61
16,30,0.2,0,0.635
16,30,0.2,42,0.625
16,30,0.2,99,0.65
16,30,0.3,0,0.5933333333333334
16,30,0.3,42,0.5766666666666667
16,30,0.3,99,0.5666666666666667
16,30,0.4,0,0.5825
16,30,0.4,42,0.5575
16,30,0.4,99,0.5525
17,1,0.1,0,0.7
17,1,0.1,42,0.66
17,1,0.1,99,0.66
17,1,0.2,0,0.69
17,1,0.2,42,0.715
17,1,0.2,99,0.685
17,1,0.3,0,0.7133333333333334
17,1,0.3,42,0.6766666666666666
17,1,0.3,99,0.65
17,1,0.4,0,0.7025
17,1,0.4,42,0.6525
17,1,0.4,99,0.6625
17,2,0.1,0,0.68
17,2,0.1,42,0.66
17,2,0.1,99,0.69
17,2,0.2,0,0.645
17,2,0.2,42,0.695
17,2,0.2,99,0.675
17,2,0.3,0,0.6566666666666666
17,2,0.3,42,0.66
17,2,0.3,99,0.65
17,2,0.4,0,0.6325
17,2,0.4,42,0.6425
17,2,0.4,99,0.6675
17,3,0.1,0,0.7
17,3,0.1,42,0.69
17,3,0.1,99,0.68
17,3,0.2,0,0.675
17,3,0.2,42,0.7
17,3,0.2,99,0.68
17,3,0.3,0,0.6933333333333334
17,3,0.3,42,0.67
17,3,0.3,99,0.6766666666666666
17,3,0.4,0,0.65
17,3,0.4,42,0.64
17,3,0.4,99,0.72
17,4,0.1,0,0.71
17,4,0.1,42,0.69
17,4,0.1,99,0.7
17,4,0.2,0,0.69
17,4,0.2,42,0.715
17,4,0.2,99,0.71
17,4,0.3,0,0.7
17,4,0.3,42,0.6733333333333333
17,4,0.3,99,0.69
17,4,0.4,0,0.665
17,4,0.4,42,0.6675
17,4,0.4,99,0.685
17,5,0.1,0,0.72
17,5,0.1,42,0.68
17,5,0.1,99,0.74
17,5,0.2,0,0.7
17,5,0.2,42,0.7
17,5,0.2,99,0.72
17,5,0.3,0,0.7166666666666667
17,5,0.3,42,0.7
17,5,0.3,99,0.6733333333333333
17,5,0.4,0,0.6575
17,5,0.4,42,0.665
17,5,0.4,99,0.67
17,6,0.1,0,0.7
17,6,0.1,42,0.7
17,6,0.1,99,0.74
17,6,0.2,0,0.71
17,6,0.2,42,0.73
17,6,0.2,99,0.69
17,6,0.3,0,0.6833333333333333
17,6,0.3,42,0.6966666666666667
17,6,0.3,99,0.67
17,6,0.4,0,0.6425
17,6,0.4,42,0.66
17,6,0.4,99,0.67
17,7,0.1,0,0.7
17,7,0.1,42,0.69
17,7,0.1,99,0.7
17,7,0.2,0,0.7
17,7,0.2,42,0.705
17,7,0.2,99,0.7
17,7,0.3,0,0.6933333333333334
17,7,0.3,42,0.7
17,7,0.3,99,0.66
17,7,0.4,0,0.6475
17,7,0.4,42,0.66
17,7,0.4,99,0.67
17,8,0.1,0,0.71
17,8,0.1,42,0.68
17,8,0.1,99,0.7
17,8,0.2,0,0.695
17,8,0.2,42,0.695
17,8,0.2,99,0.69
17,8,0.3,0,0.6833333333333333
17,8,0.3,42,0.67
17,8,0.3,99,0.6566666666666666
17,8,0.4,0,0.655
17,8,0.4,42,0.6425
17,8,0.4,99,0.675
17,9,0.1,0,0.72
17,9,0.1,42,0.66
17,9,0.1,99,0.7
17,9,0.2,0,0.69
17,9,0.2,42,0.69
17,9,0.2,99,0.675
17,9,0.3,0,0.6933333333333334
17,9,0.3,42,0.6766666666666666
17,9,0.3,99,0.6333333333333333
17,9,0.4,0,0.6725
17,9,0.4,42,0.6375
17,9,0.4,99,0.6625
17,10,0.1,0,0.68
17,10,0.1,42,0.7
17,10,0.1,99,0.71
17,10,0.2,0,0.685
17,10,0.2,42,0.695
17,10,0.2,99,0.705
17,10,0.3,0,0.6933333333333334
17,10,0.3,42,0.6766666666666666
17,10,0.3,99,0.6466666666666666
17,10,0.4,0,0.67
17,10,0.4,42,0.615
17,10,0.4,99,0.6425
17,11,0.1,0,0.71
17,11,0.1,42,0.68
17,11,0.1,99,0.67
17,11,0.2,0,0.685
17,11,0.2,42,0.675
17,11,0.2,99,0.67
17,11,0.3,0,0.6733333333333333
17,11,0.3,42,0.68
17,11,0.3,99,0.65
17,11,0.4,0,0.66
17,11,0.4,42,0.6475
17,11,0.4,99,0.6375
17,12,0.1,0,0.71
17,12,0.1,42,0.69
17,12,0.1,99,0.72
17,12,0.2,0,0.685
17,12,0.2,42,0.705
17,12,0.2,99,0.68
17,12,0.3,0,0.6766666666666666
17,12,0.3,42,0.6833333333333333
17,12,0.3,99,0.64
17,12,0.4,0,0.6475
17,12,0.4,42,0.6325
17,12,0.4,99,0.6375
17,13,0.1,0,0.7
17,13,0.1,42,0.67
17,13,0.1,99,0.7
17,13,0.2,0,0.685
17,13,0.2,42,0.715
17,13,0.2,99,0.705
17,13,0.3,0,0.6666666666666666
17,13,0.3,42,0.69
17,13,0.3,99,0.6533333333333333
17,13,0.4,0,0.6425
17,13,0.4,42,0.635
17,13,0.4,99,0.6275
17,14,0.1,0,0.7
17,14,0.1,42,0.66
17,14,0.1,99,0.72
17,14,0.2,0,0.685
17,14,0.2,42,0.705
17,14,0.2,99,0.69
17,14,0.3,0,0.67
17,14,0.3,42,0.6533333333333333
17,14,0.3,99,0.6233333333333333
17,14,0.4,0,0.625
17,14,0.4,42,0.6125
17,14,0.4,99,0.6225
17,15,0.1,0,0.7
17,15,0.1,42,0.67
17,15,0.1,99,0.73
17,15,0.2,0,0.685
17,15,0.2,42,0.705
17,15,0.2,99,0.67
17,15,0.3,0,0.65
17,15,0.3,42,0.65
17,15,0.3,99,0.6166666666666667
17,15,0.4,0,0.6225
17,15,0.4,42,0.625
17,15,0.4,99,0.635
17,16,0.1,0,0.69
17,16,0.1,42,0.67
17,16,0.1,99,0.68
17,16,0.2,0,0.685
17,16,0.2,42,0.69
17,16,0.2,99,0.65
17,16,0.3,0,0.65
17,16,0.3,42,0.62
17,16,0.3,99,0.6133333333333333
17,16,0.4,0,0.6125
17,16,0.4,42,0.6075
17,16,0.4,99,0.6275
17,17,0.1,0,0.68
17,17,0.1,42,0.65
17,17,0.1,99,0.69
17,17,0.2,0,0.68
17,17,0.2,42,0.655
17,17,0.2,99,0.655
17,17,0.3,0,0.6266666666666667
17,17,0.3,42,0.62
17,17,0.3,99,0.6
17,17,0.4,0,0.6
17,17,0.4,42,0.6025
17,17,0.4,99,0.6075
17,18,0.1,0,0.69
17,18,0.1,42,0.65
17,18,0.1,99,0.67
17,18,0.2,0,0.695
17,18,0.2,42,0.66
17,18,0.2,99,0.64
17,18,0.3,0,0.63
17,18,0.3,42,0.62
17,18,0.3,99,0.61
17,18,0.4,0,0.61
17,18,0.4,42,0.615
17,18,0.4,99,0.6125
17,19,0.1,0,0.7
17,19,0.1,42,0.63
17,19,0.1,99,0.67
17,19,0.2,0,0.675
17,19,0.2,42,0.64
17,19,0.2,99,0.675
17,19,0.3,0,0.62
17,19,0.3,42,0.6233333333333333
17,19,0.3,99,0.61
17,19,0.4,0,0.6175
17,19,0.4,42,0.605
17,19,0.4,99,0.61
17,20,0.1,0,0.7
17,20,0.1,42,0.62
17,20,0.1,99,0.66
17,20,0.2,0,0.645
17,20,0.2,42,0.655
17,20,0.2,99,0.67
17,20,0.3,0,0.63
17,20,0.3,42,0.6033333333333334
17,20,0.3,99,0.61
17,20,0.4,0,0.6175
17,20,0.4,42,0.6075
17,20,0.4,99,0.615
17,21,0.1,0,0.69
17,21,0.1,42,0.66
17,21,0.1,99,0.67
17,21,0.2,0,0.635
17,21,0.2,42,0.645
17,21,0.2,99,0.675
17,21,0.3,0,0.6166666666666667
17,21,0.3,42,0.6066666666666667
17,21,0.3,99,0.6033333333333334
17,21,0.4,0,0.61
17,21,0.4,42,0.595
17,21,0.4,99,0.6175
17,22,0.1,0,0.68
17,22,0.1,42,0.64
17,22,0.1,99,0.64
17,22,0.2,0,0.635
17,22,0.2,42,0.635
17,22,0.2,99,0.685
17,22,0.3,0,0.6233333333333333
17,22,0.3,42,0.6166666666666667
17,22,0.3,99,0.6
17,22,0.4,0,0.5975
17,22,0.4,42,0.5925
17,22,0.4,99,0.6125
17,23,0.1,0,0.67
17,23,0.1,42,0.64
17,23,0.1,99,0.65
17,23,0.2,0,0.625
17,23,0.2,42,0.65
17,23,0.2,99,0.675
17,23,0.3,0,0.63
17,23,0.3,42,0.6166666666666667
17,23,0.3,99,0.5933333333333334
17,23,0.4,0,0.5975
17,23,0.4,42,0.6025
17,23,0.4,99,0.615
17,24,0.1,0,0.68
17,24,0.1,42,0.65
17,24,0.1,99,0.67
17,24,0.2,0,0.64
17,24,0.2,42,0.645
17,24,0.2,99,0.675
17,24,0.3,0,0.6266666666666667
17,24,0.3,42,0.6166666666666667
17,24,0.3,99,0.6066666666666667
17,24,0.4,0,0.595
17,24,0.4,42,0.6075
17,24,0.4,99,0.605
17,25,0.1,0,0.67
17,25,0.1,42,0.66
17,25,0.1,99,0.67
17,25,0.2,0,0.64
17,25,0.2,42,0.65
17,25,0.2,99,0.67
17,25,0.3,0,0.62
17,25,0.3,42,0.62
17,25,0.3,99,0.59
17,25,0.4,0,0.5925
17,25,0.4,42,0.6025
17,25,0.4,99,0.6125
17,26,0.1,0,0.67
17,26,0.1,42,0.65
17,26,0.1,99,0.67
17,26,0.2,0,0.635
17,26,0.2,42,0.65
17,26,0.2,99,0.66
17,26,0.3,0,0.63
17,26,0.3,42,0.6133333333333333
17,26,0.3,99,0.5966666666666667
17,26,0.4,0,0.59
17,26,0.4,42,0.59
17,26,0.4,99,0.6075
17,27,0.1,0,0.66
17,27,0.1,42,0.64
17,27,0.1,99,0.63
17,27,0.2,0,0.64
17,27,0.2,42,0.65
17,27,0.2,99,0.675
17,27,0.3,0,0.6233333333333333
17,27,0.3,42,0.6
17,27,0.3,99,0.6
17,27,0.4,0,0.59
17,27,0.4,42,0.58
17,27,0.4,99,0.6025
17,28,0.1,0,0.66
17,28,0.1,42,0.62
17,28,0.1,99,0.64
17,28,0.2,0,0.65
17,28,0.2,42,0.645
17,28,0.2,99,0.655
17,28,0.3,0,0.6233333333333333
17,28,0.3,42,0.5966666666666667
17,28,0.3,99,0.6033333333333334
17,28,0.4,0,0.58
17,28,0.4,42,0.5675
17,28,0.4,99,0.595
17,29,0.1,0,0.66
17,29,0.1,42,0.62
17,29,0.1,99,0.62
17,29,0.2,0,0.635
17,29,0.2,42,0.635
17,29,0.2,99,0.66
17,29,0.3,0,0.6066666666666667
17,29,0.3,42,0.6
17,29,0.3,99,0.6
17,29,0.4,0,0.575
17,29,0.4,42,0.575
17,29,0.4,99,0.5825
17,30,0.1,0,0.66
17,30,0.1,42,0.62
17,30,0.1,99,0.63
17,30,0.2,0,0.63
17,30,0.2,42,0.64
17,30,0.2,99,0.65
17,30,0.3,0,0.6
17,30,0.3,42,0.5966666666666667
17,30,0.3,99,0.6033333333333334
17,30,0.4,0,0.58
17,30,0.4,42,0.5675
17,30,0.4,99,0.58
18,1,0.1,0,0.71
18,1,0.1,42,0.68
18,1,0.1,99,0.67
18,1,0.2,0,0.7
18,1,0.2,42,0.7
18,1,0.2,99,0.69
18,1,0.3,0,0.7166666666666667
18,1,0.3,42,0.68
18,1,0.3,99,0.6666666666666666
18,1,0.4,0,0.7075
18,1,0.4,42,0.6575
18,1,0.4,99,0.675
18,2,0.1,0,0.62
18,2,0.1,42,0.67
18,2,0.1,99,0.68
18,2,0.2,0,0.635
18,2,0.2,42,0.7
18,2,0.2,99,0.695
18,2,0.3,0,0.6633333333333333
18,2,0.3,42,0.6733333333333333
18,2,0.3,99,0.6733333333333333
18,2,0.4,0,0.64
18,2,0.4,42,0.66
18,2,0.4,99,0.685
18,3,0.1,0,0.68
18,3,0.1,42,0.67
18,3,0.1,99,0.72
18,3,0.2,0,0.67
18,3,0.2,42,0.685
18,3,0.2,99,0.725
18,3,0.3,0,0.6966666666666667
18,3,0.3,42,0.67
18,3,0.3,99,0.6866666666666666
18,3,0.4,0,0.67
18,3,0.4,42,0.6575
18,3,0.4,99,0.71
18,4,0.1,0,0.73
18,4,0.1,42,0.66
18,4,0.1,99,0.73
18,4,0.2,0,0.695
18,4,0.2,42,0.715
18,4,0.2,99,0.73
18,4,0.3,0,0.72
18,4,0.3,42,0.6833333333333333
18,4,0.3,99,0.68
18,4,0.4,0,0.665
18,4,0.4,42,0.66
18,4,0.4,99,0.685
18,5,0.1,0,0.73
18,5,0.1,42,0.67
18,5,0.1,99,0.74
18,5,0.2,0,0.72
18,5,0.2,42,0.71
18,5,0.2,99,0.72
18,5,0.3,0,0.71
18,5,0.3,42,0.6866666666666666
18,5,0.3,99,0.6766666666666666
18,5,0.4,0,0.6625
18,5,0.4,42,0.66
18,5,0.4,99,0.69
18,6,0.1,0,0.69
18,6,0.1,42,0.69
18,6,0.1,99,0.74
18,6,0.2,0,0.735
18,6,0.2,42,0.72
18,6,0.2,99,0.715
18,6,0.3,0,0.71
18,6,0.3,42,0.69
18,6,0.3,99,0.6933333333333334
18,6,0.4,0,0.67
18,6,0.4,42,0.67
18,6,0.4,99,0.6925
18,7,0.1,0,0.72
18,7,0.1,42,0.69
18,7,0.1,99,0.74
18,7,0.2,0,0.745
18,7,0.2,42,0.7
18,7,0.2,99,0.715
18,7,0.3,0,0.6966666666666667
18,7,0.3,42,0.6866666666666666
18,7,0.3,99,0.68
18,7,0.4,0,0.6425
18,7,0.4,42,0.6675
18,7,0.4,99,0.69
18,8,0.1,0,0.72
18,8,0.1,42,0.69
18,8,0.1,99,0.75
18,8,0.2,0,0.7
18,8,0.2,42,0.705
18,8,0.2,99,0.685
18,8,0.3,0,0.6866666666666666
18,8,0.3,42,0.7
18,8,0.3,99,0.6566666666666666
18,8,0.4,0,0.6625
18,8,0.4,42,0.6475
18,8,0.4,99,0.6825
18,9,0.1,0,0.71
18,9,0.1,42,0.65
18,9,0.1,99,0.73
18,9,0.2,0,0.705
18,9,0.2,42,0.68
18,9,0.2,99,0.675
18,9,0.3,0,0.6866666666666666
18,9,0.3,42,0.68
18,9,0.3,99,0.6466666666666666
18,9,0.4,0,0.6725
18,9,0.4,42,0.6475
18,9,0.4,99,0.675
18,10,0.1,0,0.7
18,10,0.1,42,0.66
18,10,0.1,99,0.72
18,10,0.2,0,0.685
18,10,0.2,42,0.695
18,10,0.2,99,0.7
18,10,0.3,0,0.68
18,10,0.3,42,0.68
18,10,0.3,99,0.65
18,10,0.4,0,0.6625
18,10,0.4,42,0.64
18,10,0.4,99,0.6525
18,11,0.1,0,0.7
18,11,0.1,42,0.66
18,11,0.1,99,0.73
18,11,0.2,0,0.675
18,11,0.2,42,0.71
18,11,0.2,99,0.71
18,11,0.3,0,0.6633333333333333
18,11,0.3,42,0.6833333333333333
18,11,0.3,99,0.64
18,11,0.4,0,0.655
18,11,0.4,42,0.6625
18,11,0.4,99,0.6625
18,12,0.1,0,0.72
18,12,0.1,42,0.65
18,12,0.1,99,0.72
18,12,0.2,0,0.685
18,12,0.2,42,0.695
18,12,0.2,99,0.705
18,12,0.3,0,0.6766666666666666
18,12,0.3,42,0.6733333333333333
18,12,0.3,99,0.6533333333333333
18,12,0.4,0,0.6525
18,12,0.4,42,0.66
18,12,0.4,99,0.6575
18,13,0.1,0,0.7
18,13,0.1,42,0.7
18,13,0.1,99,0.7
18,13,0.2,0,0.7
18,13,0.2,42,0.725
18,13,0.2,99,0.705
18,13,0.3,0,0.67
18,13,0.3,42,0.6833333333333333
18,13,0.3,99,0.65
18,13,0.4,0,0.66
18,13,0.4,42,0.6425
18,13,0.4,99,0.65
18,14,0.1,0,0.7
18,14,0.1,42,0.66
18,14,0.1,99,0.73
18,14,0.2,0,0.69
18,14,0.2,42,0.71
18,14,0.2,99,0.715
18,14,0.3,0,0.68
18,14,0.3,42,0.6633333333333333
18,14,0.3,99,0.64
18,14,0.4,0,0.655
18,14,0.4,42,0.6375
18,14,0.4,99,0.6375
18,15,0.1,0,0.7
18,15,0.1,42,0.7
18,15,0.1,99,0.71
18,15,0.2,0,0.705
18,15,0.2,42,0.69
18,15,0.2,99,0.695
18,15,0.3,0,0.66
18,15,0.3,42,0.65
18,15,0.3,99,0.6233333333333333
18,15,0.4,0,0.63
18,15,0.4,42,0.635
18,15,0.4,99,0.635
18,16,0.1,0,0.7
18,16,0.1,42,0.69
18,16,0.1,99,0.7
18,16,0.2,0,0.68
18,16,0.2,42,0.705
18,16,0.2,99,0.695
18,16,0.3,0,0.6566666666666666
18,16,0.3,42,0.65
18,16,0.3,99,0.6066666666666667
18,16,0.4,0,0.625
18,16,0.4,42,0.63
18,16,0.4,99,0.63
18,17,0.1,0,0.71
18,17,0.1,42,0.67
18,17,0.1,99,0.7
18,17,0.2,0,0.66
18,17,0.2,42,0.68
18,17,0.2,99,0.7
18,17,0.3,0,0.6233333333333333
18,17,0.3,42,0.6433333333333333
18,17,0.3,99,0.6233333333333333
18,17,0.4,0,0.6225
18,17,0.4,42,0.62
18,17,0.4,99,0.615
18,18,0.1,0,0.72
18,18,0.1,42,0.68
18,18,0.1,99,0.68
18,18,0.2,0,0.67
18,18,0.2,42,0.665
18,18,0.2,99,0.67
18,18,0.3,0,0.6366666666666667
18,18,0.3,42,0.6366666666666667
18,18,0.3,99,0.6166666666666667
18,18,0.4,0,0.6225
18,18,0.4,42,0.6175
18,18,0.4,99,0.62
18,19,0.1,0,0.68
18,19,0.1,42,0.68
18,19,0.1,99,0.67
18,19,0.2,0,0.69
18,19,0.2,42,0.665
18,19,0.2,99,0.675
18,19,0.3,0,0.64
18,19,0.3,42,0.6233333333333333
18,19,0.3,99,0.61
18,19,0.4,0,0.62
18,19,0.4,42,0.6175
18,19,0.4,99,0.625
18,20,0.1,0,0.69
18,20,0.1,42,0.68
18,20,0.1,99,0.68
18,20,0.2,0,0.66
18,20,0.2,42,0.66
18,20,0.2,99,0.68
18,20,0.3,0,0.6333333333333333
18,20,0.3,42,0.6366666666666667
18,20,0.3,99,0.61
18,20,0.4,0,0.61
18,20,0.4,42,0.615
18,20,0.4,99,0.6225
18,21,0.1,0,0.67
18,21,0.1,42,0.64
18,21,0.1,99,0.68
18,21,0.2,0,0.65
18,21,0.2,42,0.65
18,21,0.2,99,0.68
18,21,0.3,0,0.6166666666666667
18,21,0.3,42,0.6233333333333333
18,21,0.3,99,0.6033333333333334
18,21,0.4,0,0.6175
18,21,0.4,42,0.6225
18,21,0.4,99,0.615
18,22,0.1,0,0.69
18,22,0.1,42,0.63
18,22,0.1,99,0.67
18,22,0.2,0,0.655
18,22,0.2,42,0.65
18,22,0.2,99,0.67
18,22,0.3,0,0.6066666666666667
18,22,0.3,42,0.6333333333333333
18,22,0.3,99,0.59
18,22,0.4,0,0.625
18,22,0.4,42,0.5975
18,22,0.4,99,0.6125
18,23,0.1,0,0.67
18,23,0.1,42,0.65
18,23,0.1,99,0.69
18,23,0.2,0,0.645
18,23,0.2,42,0.65
18,23,0.2,99,0.675
18,23,0.3,0,0.6266666666666667
18,23,0.3,42,0.6166666666666667
18,23,0.3,99,0.6066666666666667
18,23,0.4,0,0.62
18,23,0.4,42,0.59
18,23,0.4,99,0.62
18,24,0.1,0,0.66
18,24,0.1,42,0.65
18,24,0.1,99,0.69
18,24,0.2,0,0.62
18,24,0.2,42,0.645
18,24,0.2,99,0.68
18,24,0.3,0,0.6233333333333333
18,24,0.3,42,0.6033333333333334
18,24,0.3,99,0.6033333333333334
18,24,0.4,0,0.605
18,24,0.4,42,0.5925
18,24,0.4,99,0.6075
18,25,0.1,0,0.67
18,25,0.1,42,0.65
18,25,0.1,99,0.68
18,25,0.2,0,0.61
18,25,0.2,42,0.635
18,25,0.2,99,0.68
18,25,0.3,0,0.6166666666666667
18,25,0.3,42,0.6
18,25,0.3,99,0.6
18,25,0.4,0,0.595
18,25,0.4,42,0.595
18,25,0.4,99,0.6125
18,26,0.1,0,0.67
18,26,0.1,42,0.62
18,26,0.1,99,0.67
18,26,0.2,0,0.625
18,26,0.2,42,0.64
18,26,0.2,99,0.69
18,26,0.3,0,0.61
18,26,0.3,42,0.6166666666666667
18,26,0.3,99,0.5966666666666667
18,26,0.4,0,0.6
18,26,0.4,42,0.5875
18,26,0.4,99,0.605
18,27,0.1,0,0.68
18,27,0.1,42,0.61
18,27,0.1,99,0.66
18,27,0.2,0,0.63
18,27,0.2,42,0.635
18,27,0.2,99,0.68
18,27,0.3,0,0.6233333333333333
18,27,0.3,42,0.6033333333333334
18,27,0.3,99,0.61
18,27,0.4,0,0.6
18,27,0.4,42,0.6025
18,27,0.4,99,0.6025
18,28,0.1,0,0.68
18,28,0.1,42,0.61
18,28,0.1,99,0.65
18,28,0.2,0,0.625
18,28,0.2,42,0.645
18,28,0.2,99,0.69
18,28,0.3,0,0.6233333333333333
18,28,0.3,42,0.59
18,28,0.3,99,0.6066666666666667
18,28,0.4,0,0.5975
18,28,0.4,42,0.585
18,28,0.4,99,0.595
18,29,0.1,0,0.68
18,29,0.1,42,0.63
18,29,0.1,99,0.67
18,29,0.2,0,0.63
18,29,0.2,42,0.625
18,29,0.2,99,0.665
18,29,0.3,0,0.6066666666666667
18,29,0.3,42,0.5966666666666667
18,29,0.3,99,0.6033333333333334
18,29,0.4,0,0.6
18,29,0.4,42,0.565
18,29,0.4,99,0.5975
18,30,0.1,0,0.66
18,30,0.1,42,0.63
18,30,0.1,99,0.68
18,30,0.2,0,0.62
18,30,0.2,42,0.625
18,30,0.2,99,0.66
18,30,0.3,0,0.6
18,30,0.3,42,0.59
18,30,0.3,99,0.5833333333333334
18,30,0.4,0,0.6025
18,30,0.4,42,0.5675
18,30,0.4,99,0.5925
19,1,0.1,0,0.73
19,1,0.1,42,0.69
19,1,0.1,99,0.64
19,1,0.2,0,0.71
19,1,0.2,42,0.715
19,1,0.2,99,0.705
19,1,0.3,0,0.72
19,1,0.3,42,0.6833333333333333
19,1,0.3,99,0.6833333333333333
19,1,0.4,0,0.6975
19,1,0.4,42,0.68
19,1,0.4,99,0.6875
19,2,0.1,0,0.67
19,2,0.1,42,0.64
19,2,0.1,99,0.68
19,2,0.2,0,0.625
19,2,0.2,42,0.685
19,2,0.2,99,0.675
19,2,0.3,0,0.6466666666666666
19,2,0.3,42,0.65
19,2,0.3,99,0.6633333333333333
19,2,0.4,0,0.6275
19,2,0.4,42,0.6475
19,2,0.4,99,0.66
19,3,0.1,0,0.7
19,3,0.1,42,0.63
19,3,0.1,99,0.66
19,3,0.2,0,0.69
19,3,0.2,42,0.685
19,3,0.2,99,0.69
19,3,0.3,0,0.6966666666666667
19,3,0.3,42,0.6766666666666666
19,3,0.3,99,0.6766666666666666
19,3,0.4,0,0.67
19,3,0.4,42,0.6425
19,3,0.4,99,0.6925
19,4,0.1,0,0.69
19,4,0.1,42,0.68
19,4,0.1,99,0.71
19,4,0.2,0,0.675
19,4,0.2,42,0.715
19,4,0.2,99,0.73
19,4,0.3,0,0.71
19,4,0.3,42,0.67
19,4,0.3,99,0.68
19,4,0.4,0,0.6625
19,4,0.4,42,0.6425
19,4,0.4,99,0.6675
19,5,0.1,0,0.71
19,5,0.1,42,0.66
19,5,0.1,99,0.74
19,5,0.2,0,0.71
19,5,0.2,42,0.685
19,5,0.2,99,0.725
19,5,0.3,0,0.71
19,5,0.3,42,0.6766666666666666
19,5,0.3,99,0.6766666666666666
19,5,0.4,0,0.675
19,5,0.4,42,0.66
19,5,0.4,99,0.665
19,6,0.1,0,0.7
19,6,0.1,42,0.67
19,6,0.1,99,0.71
19,6,0.2,0,0.73
19,6,0.2,42,0.69
19,6,0.2,99,0.715
19,6,0.3,0,0.7133333333333334
19,6,0.3,42,0.6833333333333333
19,6,0.3,99,0.6766666666666666
19,6,0.4,0,0.6725
19,6,0.4,42,0.665
19,6,0.4,99,0.6725
19,7,0.1,0,0.73
19,7,0.1,42,0.66
19,7,0.1,99,0.7
19,7,0.2,0,0.74
19,7,0.2,42,0.69
19,7,0.2,99,0.715
19,7,0.3,0,0.71
19,7,0.3,42,0.7
19,7,0.3,99,0.6766666666666666
19,7,0.4,0,0.6575
19,7,0.4,42,0.655
19,7,0.4,99,0.68
19,8,0.1,0,0.71
19,8,0.1,42,0.68
19,8,0.1,99,0.73
19,8,0.2,0,0.715
19,8,0.2,42,0.705
19,8,0.2,99,0.695
19,8,0.3,0,0.6866666666666666
19,8,0.3,42,0.7133333333333334
19,8,0.3,99,0.6666666666666666
19,8,0.4,0,0.6625
19,8,0.4,42,0.6575
19,8,0.4,99,0.6775
19,9,0.1,0,0.7
19,9,0.1,42,0.66
19,9,0.1,99,0.71
19,9,0.2,0,0.69
19,9,0.2,42,0.685
19,9,0.2,99,0.705
19,9,0.3,0,0.6733333333333333
19,9,0.3,42,0.68
19,9,0.3,99,0.66
19,9,0.4,0,0.66
19,9,0.4,42,0.65
19,9,0.4,99,0.68
19,10,0.1,0,0.67
19,10,0.1,42,0.63
19,10,0.1,99,0.7
19,10,0.2,0,0.665
19,10,0.2,42,0.705
19,10,0.2,99,0.71
19,10,0.3,0,0.6533333333333333
19,10,0.3,42,0.6866666666666666
19,10,0.3,99,0.6566666666666666
19,10,0.4,0,0.655
19,10,0.4,42,0.6375
19,10,0.4,99,0.66
19,11,0.1,0,0.71
19,11,0.1,42,0.65
19,11,0.1,99,0.7
19,11,0.2,0,0.69
19,11,0.2,42,0.705
19,11,0.2,99,0.7
19,11,0.3,0,0.6633333333333333
19,11,0.3,42,0.69
19,11,0.3,99,0.6366666666666667
19,11,0.4,0,0.6675
19,11,0.4,42,0.6525
19,11,0.4,99,0.6525
19,12,0.1,0,0.71
19,12,0.1,42,0.64
19,12,0.1,99,0.71
19,12,0.2,0,0.69
19,12,0.2,42,0.7
19,12,0.2,99,0.665
19,12,0.3,0,0.67
19,12,0.3,42,0.6733333333333333
19,12,0.3,99,0.6366666666666667
19,12,0.4,0,0.6425
19,12,0.4,42,0.6375
19,12,0.4,99,0.6425
19,13,0.1,0,0.71
19,13,0.1,42,0.68
19,13,0.1,99,0.71
19,13,0.2,0,0.675
19,13,0.2,42,0.715
19,13,0.2,99,0.705
19,13,0.3,0,0.67
19,13,0.3,42,0.6766666666666666
19,13,0.3,99,0.6466666666666666
19,13,0.4,0,0.6475
19,13,0.4,42,0.635
19,13,0.4,99,0.65
19,14,0.1,0,0.72
19,14,0.1,42,0.66
19,14,0.1,99,0.72
19,14,0.2,0,0.695
19,14,0.2,42,0.7
19,14,0.2,99,0.695
19,14,0.3,0,0.6666666666666666
19,14,0.3,42,0.6633333333333333
19,14,0.3,99,0.64
19,14,0.4,0,0.66
19,14,0.4,42,0.6375
19,14,0.4,99,0.6325
19,15,0.1,0,0.71
19,15,0.1,42,0.69
19,15,0.1,99,0.72
19,15,0.2,0,0.675
19,15,0.2,42,0.705
19,15,0.2,99,0.7
19,15,0.3,0,0.66
19,15,0.3,42,0.64
19,15,0.3,99,0.6133333333333333
19,15,0.4,0,0.6325
19,15,0.4,42,0.635
19,15,0.4,99,0.615
19,16,0.1,0,0.68
19,16,0.1,42,0.71
19,16,0.1,99,0.74
19,16,0.2,0,0.67
19,16,0.2,42,0.685
19,16,0.2,99,0.71
19,16,0.3,0,0.66
19,16,0.3,42,0.63
19,16,0.3,99,0.6066666666666667
19,16,0.4,0,0.635
19,16,0.4,42,0.6225
19,16,0.4,99,0.62
19,17,0.1,0,0.68
19,17,0.1,42,0.71
19,17,0.1,99,0.74
19,17,0.2,0,0.68
19,17,0.2,42,0.685
19,17,0.2,99,0.695
19,17,0.3,0,0.64
19,17,0.3,42,0.6333333333333333
19,17,0.3,99,0.6066666666666667
19,17,0.4,0,0.6225
19,17,0.4,42,0.6225
19,17,0.4,99,0.615
19,18,0.1,0,0.69
19,18,0.1,42,0.66
19,18,0.1,99,0.72
19,18,0.2,0,0.685
19,18,0.2,42,0.665
19,18,0.2,99,0.685
19,18,0.3,0,0.63
19,18,0.3,42,0.6433333333333333
19,18,0.3,99,0.6033333333333334
19,18,0.4,0,0.6225
19,18,0.4,42,0.615
19,18,0.4,99,0.61
19,19,0.1,0,0.68
19,19,0.1,42,0.66
19,19,0.1,99,0.69
19,19,0.2,0,0.655
19,19,0.2,42,0.665
19,19,0.2,99,0.67
19,19,0.3,0,0.6333333333333333
19,19,0.3,42,0.6266666666666667
19,19,0.3,99,0.6066666666666667
19,19,0.4,0,0.62
19,19,0.4,42,0.61
19,19,0.4,99,0.625
19,20,0.1,0,0.69
19,20,0.1,42,0.65
19,20,0.1,99,0.66
19,20,0.2,0,0.655
19,20,0.2,42,0.655
19,20,0.2,99,0.675
19,20,0.3,0,0.63
19,20,0.3,42,0.6133333333333333
19,20,0.3,99,0.6033333333333334
19,20,0.4,0,0.615
19,20,0.4,42,0.6025
19,20,0.4,99,0.62
19,21,0.1,0,0.71
19,21,0.1,42,0.65
19,21,0.1,99,0.7
19,21,0.2,0,0.65
19,21,0.2,42,0.645
19,21,0.2,99,0.67
19,21,0.3,0,0.6266666666666667
19,21,0.3,42,0.6266666666666667
19,21,0.3,99,0.5933333333333334
19,21,0.4,0,0.62
19,21,0.4,42,0.5925
19,21,0.4,99,0.6175
19,22,0.1,0,0.68
19,22,0.1,42,0.64
19,22,0.1,99,0.67
19,22,0.2,0,0.645
19,22,0.2,42,0.645
19,22,0.2,99,0.65
19,22,0.3,0,0.6266666666666667
19,22,0.3,42,0.6166666666666667
19,22,0.3,99,0.6066666666666667
19,22,0.4,0,0.62
19,22,0.4,42,0.585
19,22,0.4,99,0.61
19,23,0.1,0,0.68
19,23,0.1,42,0.62
19,23,0.1,99,0.68
19,23,0.2,0,0.61
19,23,0.2,42,0.635
19,23,0.2,99,0.655
19,23,0.3,0,0.61
19,23,0.3,42,0.6133333333333333
19,23,0.3,99,0.61
19,23,0.4,0,0.61
19,23,0.4,42,0.5925
19,23,0.4,99,0.61
19,24,0.1,0,0.67
19,24,0.1,42,0.61
19,24,0.1,99,0.67
19,24,0.2,0,0.615
19,24,0.2,42,0.635
19,24,0.2,99,0.66
19,24,0.3,0,0.6133333333333333
19,24,0.3,42,0.6266666666666667
19,24,0.3,99,0.5966666666666667
19,24,0.4,0,0.62
19,24,0.4,42,0.5875
19,24,0.4,99,0.6075
19,25,0.1,0,0.65
19,25,0.1,42,0.61
19,25,0.1,99,0.64
19,25,0.2,0,0.62
19,25,0.2,42,0.62
19,25,0.2,99,0.665
19,25,0.3,0,0.6266666666666667
19,25,0.3,42,0.6166666666666667
19,25,0.3,99,0.5833333333333334
19,25,0.4,0,0.6075
19,25,0.4,42,0.58
19,25,0.4,99,0.62
19,26,0.1,0,0.65
19,26,0.1,42,0.61
19,26,0.1,99,0.65
19,26,0.2,0,0.64
19,26,0.2,42,0.625
19,26,0.2,99,0.66
19,26,0.3,0,0.6266666666666667
19,26,0.3,42,0.5933333333333334
19,26,0.3,99,0.5733333333333334
19,26,0.4,0,0.61
19,26,0.4,42,0.57
19,26,0.4,99,0.6075
19,27,0.1,0,0.64
19,27,0.1,42,0.59
19,27,0.1,99,0.65
19,27,0.2,0,0.625
19,27,0.2,42,0.61
19,27,0.2,99,0.66
19,27,0.3,0,0.6333333333333333
19,27,0.3,42,0.5933333333333334
19,27,0.3,99,0.5866666666666667
19,27,0.4,0,0.61
19,27,0.4,42,0.58
19,27,0.4,99,0.6025
19,28,0.1,0,0.65
19,28,0.1,42,0.59
19,28,0.1,99,0.65
19,28,0.2,0,0.64
19,28,0.2,42,0.61
19,28,0.2,99,0.66
19,28,0.3,0,0.6333333333333333
19,28,0.3,42,0.5766666666666667
19,28,0.3,99,0.5766666666666667
19,28,0.4,0,0.6
19,28,0.4,42,0.575
19,28,0.4,99,0.6075
19,29,0.1,0,0.64
19,29,0.1,42,0.6
19,29,0.1,99,0.65
19,29,0.2,0,0.62
19,29,0.2,42,0.605
19,29,0.2,99,0.66
19,29,0.3,0,0.6066666666666667
19,29,0.3,42,0.58
19,29,0.3,99,0.5833333333333334
19,29,0.4,0,0.595
19,29,0.4,42,0.5725
19,29,0.4,99,0.6025
19,30,0.1,0,0.64
19,30,0.1,42,0.58
19,30,0.1,99,0.66
19,30,0.2,0,0.62
19,30,0.2,42,0.6
19,30,0.2,99,0.67
19,30,0.3,0,0.6133333333333333
19,30,0.3,42,0.57
19,30,0.3,99,0.5833333333333334
19,30,0.4,0,0.5925
19,30,0.4,42,0.57
19,30,0.4,99,0.5875
20,1,0.1,0,0.77
20,1,0.1,42,0.64
20,1,0.1,99,0.66
20,1,0.2,0,0.715
20,1,0.2,42,0.685
20,1,0.2,99,0.71
20,1,0.3,0,0.71
20,1,0.3,42,0.66
20,1,0.3,99,0.68
20,1,0.4,0,0.6875
20,1,0.4,42,0.6425
20,1,0.4,99,0.6875
20,2,0.1,0,0.68
20,2,0.1,42,0.62
20,2,0.1,99,0.71
20,2,0.2,0,0.63
20,2,0.2,42,0.675
20,2,0.2,99,0.675
20,2,0.3,0,0.65
20,2,0.3,42,0.6333333333333333
20,2,0.3,99,0.6666666666666666
20,2,0.4,0,0.62
20,2,0.4,42,0.625
20,2,0.4,99,0.675
20,3,0.1,0,0.75
20,3,0.1,42,0.63
20,3,0.1,99,0.67
20,3,0.2,0,0.695
20,3,0.2,42,0.68
20,3,0.2,99,0.695
20,3,0.3,0,0.7066666666666667
20,3,0.3,42,0.6633333333333333
20,3,0.3,99,0.6966666666666667
20,3,0.4,0,0.6725
20,3,0.4,42,0.655
20,3,0.4,99,0.715
20,4,0.1,0,0.74
20,4,0.1,42,0.68
20,4,0.1,99,0.7
20,4,0.2,0,0.655
20,4,0.2,42,0.705
20,4,0.2,99,0.715
20,4,0.3,0,0.71
20,4,0.3,42,0.69
20,4,0.3,99,0.6933333333333334
20,4,0.4,0,0.6725
20,4,0.4,42,0.65
20,4,0.4,99,0.67
20,5,0.1,0,0.69
20,5,0.1,42,0.67
20,5,0.1,99,0.7
20,5,0.2,0,0.68
20,5,0.2,42,0.685
20,5,0.2,99,0.715
20,5,0.3,0,0.6966666666666667
20,5,0.3,42,0.65
20,5,0.3,99,0.7033333333333334
20,5,0.4,0,0.6625
20,5,0.4,42,0.655
20,5,0.4,99,0.68
20,6,0.1,0,0.73
20,6,0.1,42,0.67
20,6,0.1,99,0.7
20,6,0.2,0,0.705
20,6,0.2,42,0.685
20,6,0.2,99,0.735
20,6,0.3,0,0.7
20,6,0.3,42,0.6666666666666666
20,6,0.3,99,0.6833333333333333
20,6,0.4,0,0.6525
20,6,0.4,42,0.64
20,6,0.4,99,0.6825
20,7,0.1,0,0.69
20,7,0.1,42,0.66
20,7,0.1,99,0.71
20,7,0.2,0,0.71
20,7,0.2,42,0.665
20,7,0.2,99,0.695
20,7,0.3,0,0.7066666666666667
20,7,0.3,42,0.6666666666666666
20,7,0.3,99,0.6833333333333333
20,7,0.4,0,0.655
20,7,0.4,42,0.65
20,7,0.4,99,0.67
20,8,0.1,0,0.74
20,8,0.1,42,0.66
20,8,0.1,99,0.74
20,8,0.2,0,0.705
20,8,0.2,42,0.665
20,8,0.2,99,0.715
20,8,0.3,0,0.6866666666666666
20,8,0.3,42,0.6633333333333333
20,8,0.3,99,0.6633333333333333
20,8,0.4,0,0.655
20,8,0.4,42,0.6625
20,8,0.4,99,0.66
20,9,0.1,0,0.74
20,9,0.1,42,0.64
20,9,0.1,99,0.73
20,9,0.2,0,0.695
20,9,0.2,42,0.67
20,9,0.2,99,0.7
20,9,0.3,0,0.6766666666666666
20,9,0.3,42,0.6633333333333333
20,9,0.3,99,0.6633333333333333
20,9,0.4,0,0.6425
20,9,0.4,42,0.66
20,9,0.4,99,0.6575
20,10,0.1,0,0.71
20,10,0.1,42,0.65
20,10,0.1,99,0.72
20,10,0.2,0,0.675
20,10,0.2,42,0.685
20,10,0.2,99,0.675
20,10,0.3,0,0.6666666666666666
20,10,0.3,42,0.6766666666666666
20,10,0.3,99,0.65
20,10,0.4,0,0.64
20,10,0.4,42,0.6575
20,10,0.4,99,0.6525
20,11,0.1,0,0.72
20,11,0.1,42,0.65
20,11,0.1,99,0.7
20,11,0.2,0,0.7
20,11,0.2,42,0.71
20,11,0.2,99,0.67
20,11,0.3,0,0.67
20,11,0.3,42,0.6733333333333333
20,11,0.3,99,0.6433333333333333
20,11,0.4,0,0.65
20,11,0.4,42,0.65
20,11,0.4,99,0.6425
20,12,0.1,0,0.72
20,12,0.1,42,0.65
20,12,0.1,99,0.7
20,12,0.2,0,0.695
20,12,0.2,42,0.7
20,12,0.2,99,0.665
20,12,0.3,0,0.6566666666666666
20,12,0.3,42,0.66
20,12,0.3,99,0.64
20,12,0.4,0,0.645
20,12,0.4,42,0.6325
20,12,0.4,99,0.64
20,13,0.1,0,0.71
20,13,0.1,42,0.65
20,13,0.1,99,0.71
20,13,0.2,0,0.67
20,13,0.2,42,0.7
20,13,0.2,99,0.66
20,13,0.3,0,0.6666666666666666
20,13,0.3,42,0.6466666666666666
20,13,0.3,99,0.6366666666666667
20,13,0.4,0,0.65
20,13,0.4,42,0.645
20,13,0.4,99,0.645
20,14,0.1,0,0.68
20,14,0.1,42,0.65
20,14,0.1,99,0.72
20,14,0.2,0,0.675
20,14,0.2,42,0.685
20,14,0.2,99,0.695
20,14,0.3,0,0.66
20,14,0.3,42,0.65
20,14,0.3,99,0.6666666666666666
20,14,0.4,0,0.64
20,14,0.4,42,0.6325
20,14,0.4,99,0.64
20,15,0.1,0,0.68
20,15,0.1,42,0.66
20,15,0.1,99,0.72
20,15,0.2,0,0.675
20,15,0.2,42,0.695
20,15,0.2,99,0.675
20,15,0.3,0,0.6633333333333333
20,15,0.3,42,0.64
20,15,0.3,99,0.6366666666666667
20,15,0.4,0,0.64
20,15,0.4,42,0.625
20,15,0.4,99,0.6375
20,16,0.1,0,0.69
20,16,0.1,42,0.65
20,16,0.1,99,0.72
20,16,0.2,0,0.665
20,16,0.2,42,0.69
20,16,0.2,99,0.695
20,16,0.3,0,0.66
20,16,0.3,42,0.64
20,16,0.3,99,0.64
20,16,0.4,0,0.6225
20,16,0.4,42,0.6275
20,16,0.4,99,0.625
20,17,0.1,0,0.68
20,17,0.1,42,0.67
20,17,0.1,99,0.69
20,17,0.2,0,0.675
20,17,0.2,42,0.67
20,17,0.2,99,0.68
20,17,0.3,0,0.6466666666666666
20,17,0.3,42,0.64
20,17,0.3,99,0.62
20,17,0.4,0,0.6375
20,17,0.4,42,0.6275
20,17,0.4,99,0.625
20,18,0.1,0,0.68
20,18,0.1,42,0.66
20,18,0.1,99,0.69
20,18,0.2,0,0.665
20,18,0.2,42,0.67
20,18,0.2,99,0.66
20,18,0.3,0,0.6333333333333333
20,18,0.3,42,0.64
20,18,0.3,99,0.6133333333333333
20,18,0.4,0,0.62
20,18,0.4,42,0.6225
20,18,0.4,99,0.6375
20,19,0.1,0,0.69
20,19,0.1,42,0.65
20,19,0.1,99,0.72
20,19,0.2,0,0.66
20,19,0.2,42,0.655
20,19,0.2,99,0.665
20,19,0.3,0,0.64
20,19,0.3,42,0.63
20,19,0.3,99,0.62
20,19,0.4,0,0.6325
20,19,0.4,42,0.615
20,19,0.4,99,0.6275
20,20,0.1,0,0.68
20,20,0.1,42,0.64
20,20,0.1,99,0.66
20,20,0.2,0,0.65
20,20,0.2,42,0.645
20,20,0.2,99,0.645
20,20,0.3,0,0.64
20,20,0.3,42,0.6133333333333333
20,20,0.3,99,0.62
20,20,0.4,0,0.6275
20,20,0.4,42,0.605
20,20,0.4,99,0.63
20,21,0.1,0,0.67
20,21,0.1,42,0.66
20,21,0.1,99,0.66
20,21,0.2,0,0.665
20,21,0.2,42,0.655
20,21,0.2,99,0.64
20,21,0.3,0,0.6366666666666667
20,21,0.3,42,0.6133333333333333
20,21,0.3,99,0.6166666666666667
20,21,0.4,0,0.6325
20,21,0.4,42,0.6
20,21,0.4,99,0.62
20,22,0.1,0,0.67
20,22,0.1,42,0.66
20,22,0.1,99,0.66
20,22,0.2,0,0.66
20,22,0.2,42,0.66
20,22,0.2,99,0.67
20,22,0.3,0,0.63
20,22,0.3,42,0.6133333333333333
20,22,0.3,99,0.6233333333333333
20,22,0.4,0,0.6325
20,22,0.4,42,0.59
20,22,0.4,99,0.62
20,23,0.1,0,0.67
20,23,0.1,42,0.64
20,23,0.1,99,0.65
20,23,0.2,0,0.66
20,23,0.2,42,0.655
20,23,0.2,99,0.67
20,23,0.3,0,0.64
20,23,0.3,42,0.6066666666666667
20,23,0.3,99,0.6233333333333333
20,23,0.4,0,0.61
20,23,0.4,42,0.59
20,23,0.4,99,0.6225
20,24,0.1,0,0.69
20,24,0.1,42,0.64
20,24,0.1,99,0.64
20,24,0.2,0,0.655
20,24,0.2,42,0.655
20,24,0.2,99,0.665
20,24,0.3,0,0.6433333333333333
20,24,0.3,42,0.6
20,24,0.3,99,0.63
20,24,0.4,0,0.6075
20,24,0.4,42,0.5825
20,24,0.4,99,0.625
20,25,0.1,0,0.71
20,25,0.1,42,0.62
20,25,0.1,99,0.64
20,25,0.2,0,0.665
20,25,0.2,42,0.625
20,25,0.2,99,0.675
20,25,0.3,0,0.6333333333333333
20,25,0.3,42,0.6033333333333334
20,25,0.3,99,0.6166666666666667
20,25,0.4,0,0.595
20,25,0.4,42,0.58
20,25,0.4,99,0.605
20,26,0.1,0,0.69
20,26,0.1,42,0.61
20,26,0.1,99,0.64
20,26,0.2,0,0.655
20,26,0.2,42,0.62
20,26,0.2,99,0.665
20,26,0.3,0,0.6233333333333333
20,26,0.3,42,0.6
20,26,0.3,99,0.6
20,26,0.4,0,0.6025
20,26,0.4,42,0.575
20,26,0.4,99,0.61
20,27,0.1,0,0.71
20,27,0.1,42,0.61
20,27,0.1,99,0.64
20,27,0.2,0,0.655
20,27,0.2,42,0.62
20,27,0.2,99,0.67
20,27,0.3,0,0.62
20,27,0.3,42,0.6
20,27,0.3,99,0.6066666666666667
20,27,0.4,0,0.595
20,27,0.4,42,0.565
20,27,0.4,99,0.6025
20,28,0.1,0,0.64
20,28,0.1,42,0.6
20,28,0.1,99,0.67
20,28,0.2,0,0.655
20,28,0.2,42,0.625
20,28,0.2,99,0.68
20,28,0.3,0,0.6133333333333333
20,28,0.3,42,0.5833333333333334
20,28,0.3,99,0.5933333333333334
20,28,0.4,0,0.6
20,28,0.4,42,0.575
20,28,0.4,99,0.6
20,29,0.1,0,0.66
20,29,0.1,42,0.61
20,29,0.1,99,0.66
20,29,0.2,0,0.65
20,29,0.2,42,0.595
20,29,0.2,99,0.69
20,29,0.3,0,0.61
20,29,0.3,42,0.5766666666666667
20,29,0.3,99,0.5866666666666667
20,29,0.4,0,0.6025
20,29,0.4,42,0.5775
20,29,0.4,99,0.6
20,30,0.1,0,0.65
20,30,0.1,42,0.61
20,30,0.1,99,0.66
20,30,0.2,0,0.635
20,30,0.2,42,0.605
20,30,0.2,99,0.69
20,30,0.3,0,0.5933333333333334
20,30,0.3,42,0.5633333333333334
20,30,0.3,99,0.5866666666666667
20,30,0.4,0,0.5975
20,30,0.4,42,0.565
20,30,0.4,99,0.5925
