MFCC_N,K_N,TEST_SIZE,RANDOM_STATE,ACCURACY
1,1,0.1,0,0.45
1,1,0.1,42,0.48
1,1,0.1,99,0.57
1,1,0.2,0,0.43
1,1,0.2,42,0.48
1,1,0.2,99,0.56
1,1,0.3,0,0.4633333333333333
1,1,0.3,42,0.4666666666666667
1,1,0.3,99,0.5233333333333333
1,1,0.4,0,0.46
1,1,0.4,42,0.465
1,1,0.4,99,0.525
1,2,0.1,0,0.45
1,2,0.1,42,0.52
1,2,0.1,99,0.52
1,2,0.2,0,0.475
1,2,0.2,42,0.425
1,2,0.2,99,0.5
1,2,0.3,0,0.47
1,2,0.3,42,0.42333333333333334
1,2,0.3,99,0.47333333333333333
1,2,0.4,0,0.47
1,2,0.4,42,0.44
1,2,0.4,99,0.465
1,3,0.1,0,0.46
1,3,0.1,42,0.46
1,3,0.1,99,0.57
1,3,0.2,0,0.475
1,3,0.2,42,0.42
1,3,0.2,99,0.525
1,3,0.3,0,0.49
1,3,0.3,42,0.42333333333333334
1,3,0.3,99,0.5066666666666667
1,3,0.4,0,0.4825
1,3,0.4,42,0.42
1,3,0.4,99,0.48
1,4,0.1,0,0.5
1,4,0.1,42,0.46
1,4,0.1,99,0.55
1,4,0.2,0,0.495
1,4,0.2,42,0.455
1,4,0.2,99,0.515
1,4,0.3,0,0.5033333333333333
1,4,0.3,42,0.45666666666666667
1,4,0.3,99,0.49
1,4,0.4,0,0.4825
1,4,0.4,42,0.4525
1,4,0.4,99,0.495
1,5,0.1,0,0.5
1,5,0.1,42,0.47
1,5,0.1,99,0.55
1,5,0.2,0,0.465
1,5,0.2,42,0.475
1,5,0.2,99,0.53
1,5,0.3,0,0.47333333333333333
1,5,0.3,42,0.47
1,5,0.3,99,0.49
1,5,0.4,0,0.495
1,5,0.4,42,0.47
1,5,0.4,99,0.485
1,6,0.1,0,0.52
1,6,0.1,42,0.5
1,6,0.1,99,0.53
1,6,0.2,0,0.495
1,6,0.2,42,0.49
1,6,0.2,99,0.54
1,6,0.3,0,0.49333333333333335
1,6,0.3,42,0.47
1,6,0.3,99,0.49333333333333335
1,6,0.4,0,0.47
1,6,0.4,42,0.4925
1,6,0.4,99,0.4825
1,7,0.1,0,0.5
1,7,0.1,42,0.46
1,7,0.1,99,0.57
1,7,0.2,0,0.51
1,7,0.2,42,0.47
1,7,0.2,99,0.54
1,7,0.3,0,0.5
1,7,0.3,42,0.45666666666666667
1,7,0.3,99,0.48333333333333334
1,7,0.4,0,0.485
1,7,0.4,42,0.4975
1,7,0.4,99,0.4925
1,8,0.1,0,0.51
1,8,0.1,42,0.44
1,8,0.1,99,0.54
1,8,0.2,0,0.485
1,8,0.2,42,0.48
1,8,0.2,99,0.54
1,8,0.3,0,0.48333333333333334
1,8,0.3,42,0.4666666666666667
1,8,0.3,99,0.47333333333333333
1,8,0.4,0,0.465
1,8,0.4,42,0.495
1,8,0.4,99,0.5
1,9,0.1,0,0.52
1,9,0.1,42,0.46
1,9,0.1,99,0.56
1,9,0.2,0,0.505
1,9,0.2,42,0.46
1,9,0.2,99,0.51
1,9,0.3,0,0.47333333333333333
1,9,0.3,42,0.4533333333333333
1,9,0.3,99,0.49666666666666665
1,9,0.4,0,0.4725
1,9,0.4,42,0.49
1,9,0.4,99,0.4925
1,10,0.1,0,0.53
1,10,0.1,42,0.49
1,10,0.1,99,0.55
1,10,0.2,0,0.51
1,10,0.2,42,0.47
1,10,0.2,99,0.515
1,10,0.3,0,0.48333333333333334
1,10,0.3,42,0.47
1,10,0.3,99,0.5066666666666667
1,10,0.4,0,0.47
1,10,0.4,42,0.4925
1,10,0.4,99,0.5025
1,11,0.1,0,0.54
1,11,0.1,42,0.52
1,11,0.1,99,0.55
1,11,0.2,0,0.495
1,11,0.2,42,0.48
1,11,0.2,99,0.52
1,11,0.3,0,0.4866666666666667
1,11,0.3,42,0.47333333333333333
1,11,0.3,99,0.5
1,11,0.4,0,0.485
1,11,0.4,42,0.49
1,11,0.4,99,0.495
1,12,0.1,0,0.52
1,12,0.1,42,0.49
1,12,0.1,99,0.54
1,12,0.2,0,0.49
1,12,0.2,42,0.495
1,12,0.2,99,0.535
1,12,0.3,0,0.48333333333333334
1,12,0.3,42,0.47333333333333333
1,12,0.3,99,0.49333333333333335
1,12,0.4,0,0.4775
1,12,0.4,42,0.48
1,12,0.4,99,0.5
1,13,0.1,0,0.5
1,13,0.1,42,0.51
1,13,0.1,99,0.55
1,13,0.2,0,0.505
1,13,0.2,42,0.475
1,13,0.2,99,0.545
1,13,0.3,0,0.49666666666666665
1,13,0.3,42,0.4766666666666667
1,13,0.3,99,0.48333333333333334
1,13,0.4,0,0.49
1,13,0.4,42,0.49
1,13,0.4,99,0.4875
1,14,0.1,0,0.48
1,14,0.1,42,0.5
1,14,0.1,99,0.53
1,14,0.2,0,0.52
1,14,0.2,42,0.48
1,14,0.2,99,0.535
1,14,0.3,0,0.4866666666666667
1,14,0.3,42,0.48
1,14,0.3,99,0.4866666666666667
1,14,0.4,0,0.4925
1,14,0.4,42,0.475
1,14,0.4,99,0.4875
1,15,0.1,0,0.45
1,15,0.1,42,0.51
1,15,0.1,99,0.53
1,15,0.2,0,0.5
1,15,0.2,42,0.485
1,15,0.2,99,0.535
1,15,0.3,0,0.49666666666666665
1,15,0.3,42,0.48333333333333334
1,15,0.3,99,0.47333333333333333
1,15,0.4,0,0.4875
1,15,0.4,42,0.47
1,15,0.4,99,0.495
1,16,0.1,0,0.5
1,16,0.1,42,0.51
1,16,0.1,99,0.51
1,16,0.2,0,0.495
1,16,0.2,42,0.48
1,16,0.2,99,0.505
1,16,0.3,0,0.4866666666666667
1,16,0.3,42,0.48333333333333334
1,16,0.3,99,0.48333333333333334
1,16,0.4,0,0.4825
1,16,0.4,42,0.46
1,16,0.4,99,0.495
1,17,0.1,0,0.5
1,17,0.1,42,0.48
1,17,0.1,99,0.55
1,17,0.2,0,0.495
1,17,0.2,42,0.485
1,17,0.2,99,0.505
1,17,0.3,0,0.4766666666666667
1,17,0.3,42,0.4766666666666667
1,17,0.3,99,0.4766666666666667
1,17,0.4,0,0.485
1,17,0.4,42,0.4675
1,17,0.4,99,0.5
1,18,0.1,0,0.48
1,18,0.1,42,0.48
1,18,0.1,99,0.5
1,18,0.2,0,0.49
1,18,0.2,42,0.48
1,18,0.2,99,0.495
1,18,0.3,0,0.4666666666666667
1,18,0.3,42,0.47333333333333333
1,18,0.3,99,0.48
1,18,0.4,0,0.485
1,18,0.4,42,0.4625
1,18,0.4,99,0.5075
1,19,0.1,0,0.5
1,19,0.1,42,0.47
1,19,0.1,99,0.49
1,19,0.2,0,0.485
1,19,0.2,42,0.485
1,19,0.2,99,0.505
1,19,0.3,0,0.48333333333333334
1,19,0.3,42,0.45666666666666667
1,19,0.3,99,0.48333333333333334
1,19,0.4,0,0.4825
1,19,0.4,42,0.45
1,19,0.4,99,0.4875
1,20,0.1,0,0.49
1,20,0.1,42,0.47
1,20,0.1,99,0.51
1,20,0.2,0,0.49
1,20,0.2,42,0.475
1,20,0.2,99,0.475
1,20,0.3,0,0.48
1,20,0.3,42,0.4633333333333333
1,20,0.3,99,0.49333333333333335
1,20,0.4,0,0.4775
1,20,0.4,42,0.455
1,20,0.4,99,0.49
1,21,0.1,0,0.46
1,21,0.1,42,0.45
1,21,0.1,99,0.51
1,21,0.2,0,0.49
1,21,0.2,42,0.475
1,21,0.2,99,0.49
1,21,0.3,0,0.48
1,21,0.3,42,0.47333333333333333
1,21,0.3,99,0.48
1,21,0.4,0,0.47
1,21,0.4,42,0.455
1,21,0.4,99,0.49
1,22,0.1,0,0.49
1,22,0.1,42,0.48
1,22,0.1,99,0.5
1,22,0.2,0,0.495
1,22,0.2,42,0.475
1,22,0.2,99,0.495
1,22,0.3,0,0.47333333333333333
1,22,0.3,42,0.4766666666666667
1,22,0.3,99,0.4866666666666667
1,22,0.4,0,0.47
1,22,0.4,42,0.4625
1,22,0.4,99,0.485
1,23,0.1,0,0.49
1,23,0.1,42,0.46
1,23,0.1,99,0.5
1,23,0.2,0,0.48
1,23,0.2,42,0.45
1,23,0.2,99,0.49
1,23,0.3,0,0.46
1,23,0.3,42,0.47
1,23,0.3,99,0.4633333333333333
1,23,0.4,0,0.46
1,23,0.4,42,0.465
1,23,0.4,99,0.48
1,24,0.1,0,0.48
1,24,0.1,42,0.47
1,24,0.1,99,0.5
1,24,0.2,0,0.475
1,24,0.2,42,0.46
1,24,0.2,99,0.5
1,24,0.3,0,0.4666666666666667
1,24,0.3,42,0.48333333333333334
1,24,0.3,99,0.4633333333333333
1,24,0.4,0,0.4525
1,24,0.4,42,0.475
1,24,0.4,99,0.4825
1,25,0.1,0,0.47
1,25,0.1,42,0.47
1,25,0.1,99,0.5
1,25,0.2,0,0.48
1,25,0.2,42,0.45
1,25,0.2,99,0.495
1,25,0.3,0,0.45666666666666667
1,25,0.3,42,0.4866666666666667
1,25,0.3,99,0.48
1,25,0.4,0,0.45
1,25,0.4,42,0.47
1,25,0.4,99,0.48
1,26,0.1,0,0.43
1,26,0.1,42,0.46
1,26,0.1,99,0.5
1,26,0.2,0,0.46
1,26,0.2,42,0.46
1,26,0.2,99,0.51
1,26,0.3,0,0.4633333333333333
1,26,0.3,42,0.5033333333333333
1,26,0.3,99,0.48
1,26,0.4,0,0.445
1,26,0.4,42,0.475
1,26,0.4,99,0.4775
1,27,0.1,0,0.44
1,27,0.1,42,0.48
1,27,0.1,99,0.5
1,27,0.2,0,0.46
1,27,0.2,42,0.465
1,27,0.2,99,0.495
1,27,0.3,0,0.4633333333333333
1,27,0.3,42,0.49666666666666665
1,27,0.3,99,0.47
1,27,0.4,0,0.455
1,27,0.4,42,0.475
1,27,0.4,99,0.4875
1,28,0.1,0,0.44
1,28,0.1,42,0.5
1,28,0.1,99,0.49
1,28,0.2,0,0.46
1,28,0.2,42,0.475
1,28,0.2,99,0.49
1,28,0.3,0,0.47
1,28,0.3,42,0.49
1,28,0.3,99,0.47333333333333333
1,28,0.4,0,0.4525
1,28,0.4,42,0.4675
1,28,0.4,99,0.49
1,29,0.1,0,0.45
1,29,0.1,42,0.49
1,29,0.1,99,0.49
1,29,0.2,0,0.47
1,29,0.2,42,0.47
1,29,0.2,99,0.505
1,29,0.3,0,0.46
1,29,0.3,42,0.49333333333333335
1,29,0.3,99,0.4666666666666667
1,29,0.4,0,0.45
1,29,0.4,42,0.4725
1,29,0.4,99,0.4725
1,30,0.1,0,0.46
1,30,0.1,42,0.49
1,30,0.1,99,0.51
1,30,0.2,0,0.49
1,30,0.2,42,0.475
1,30,0.2,99,0.5
1,30,0.3,0,0.47
1,30,0.3,42,0.48333333333333334
1,30,0.3,99,0.4766666666666667
1,30,0.4,0,0.4425
1,30,0.4,42,0.46
1,30,0.4,99,0.4825
2,1,0.1,0,0.47
2,1,0.1,42,0.49
2,1,0.1,99,0.56
2,1,0.2,0,0.465
2,1,0.2,42,0.485
2,1,0.2,99,0.515
2,1,0.3,0,0.48333333333333334
2,1,0.3,42,0.4866666666666667
2,1,0.3,99,0.5
2,1,0.4,0,0.485
2,1,0.4,42,0.47
2,1,0.4,99,0.505
2,2,0.1,0,0.48
2,2,0.1,42,0.54
2,2,0.1,99,0.56
2,2,0.2,0,0.465
2,2,0.2,42,0.45
2,2,0.2,99,0.515
2,2,0.3,0,0.47
2,2,0.3,42,0.44666666666666666
2,2,0.3,99,0.47333333333333333
2,2,0.4,0,0.4775
2,2,0.4,42,0.44
2,2,0.4,99,0.48
2,3,0.1,0,0.47
2,3,0.1,42,0.47
2,3,0.1,99,0.57
2,3,0.2,0,0.465
2,3,0.2,42,0.455
2,3,0.2,99,0.505
2,3,0.3,0,0.48333333333333334
2,3,0.3,42,0.45666666666666667
2,3,0.3,99,0.4866666666666667
2,3,0.4,0,0.495
2,3,0.4,42,0.4675
2,3,0.4,99,0.4825
2,4,0.1,0,0.48
2,4,0.1,42,0.47
2,4,0.1,99,0.56
2,4,0.2,0,0.495
2,4,0.2,42,0.49
2,4,0.2,99,0.515
2,4,0.3,0,0.48
2,4,0.3,42,0.45666666666666667
2,4,0.3,99,0.47333333333333333
2,4,0.4,0,0.485
2,4,0.4,42,0.465
2,4,0.4,99,0.4975
2,5,0.1,0,0.51
2,5,0.1,42,0.48
2,5,0.1,99,0.53
2,5,0.2,0,0.48
2,5,0.2,42,0.485
2,5,0.2,99,0.51
2,5,0.3,0,0.49333333333333335
2,5,0.3,42,0.4666666666666667
2,5,0.3,99,0.4766666666666667
2,5,0.4,0,0.4975
2,5,0.4,42,0.4825
2,5,0.4,99,0.4975
2,6,0.1,0,0.5
2,6,0.1,42,0.46
2,6,0.1,99,0.56
2,6,0.2,0,0.5
2,6,0.2,42,0.475
2,6,0.2,99,0.545
2,6,0.3,0,0.48333333333333334
2,6,0.3,42,0.49
2,6,0.3,99,0.5033333333333333
2,6,0.4,0,0.49
2,6,0.4,42,0.49
2,6,0.4,99,0.5175
2,7,0.1,0,0.51
2,7,0.1,42,0.48
2,7,0.1,99,0.57
2,7,0.2,0,0.48
2,7,0.2,42,0.48
2,7,0.2,99,0.55
2,7,0.3,0,0.49666666666666665
2,7,0.3,42,0.5
2,7,0.3,99,0.5066666666666667
2,7,0.4,0,0.5
2,7,0.4,42,0.4975
2,7,0.4,99,0.5125
2,8,0.1,0,0.53
2,8,0.1,42,0.5
2,8,0.1,99,0.6
2,8,0.2,0,0.49
2,8,0.2,42,0.485
2,8,0.2,99,0.525
2,8,0.3,0,0.5
2,8,0.3,42,0.48
2,8,0.3,99,0.5033333333333333
2,8,0.4,0,0.51
2,8,0.4,42,0.5075
2,8,0.4,99,0.5175
2,9,0.1,0,0.52
2,9,0.1,42,0.52
2,9,0.1,99,0.57
2,9,0.2,0,0.5
2,9,0.2,42,0.515
2,9,0.2,99,0.56
2,9,0.3,0,0.49666666666666665
2,9,0.3,42,0.49333333333333335
2,9,0.3,99,0.5133333333333333
2,9,0.4,0,0.4925
2,9,0.4,42,0.5075
2,9,0.4,99,0.515
2,10,0.1,0,0.55
2,10,0.1,42,0.54
2,10,0.1,99,0.53
2,10,0.2,0,0.52
2,10,0.2,42,0.505
2,10,0.2,99,0.555
2,10,0.3,0,0.5033333333333333
2,10,0.3,42,0.48333333333333334
2,10,0.3,99,0.54
2,10,0.4,0,0.4675
2,10,0.4,42,0.5125
2,10,0.4,99,0.5125
2,11,0.1,0,0.57
2,11,0.1,42,0.54
2,11,0.1,99,0.55
2,11,0.2,0,0.51
2,11,0.2,42,0.51
2,11,0.2,99,0.56
2,11,0.3,0,0.5033333333333333
2,11,0.3,42,0.49
2,11,0.3,99,0.5166666666666667
2,11,0.4,0,0.4925
2,11,0.4,42,0.505
2,11,0.4,99,0.5075
2,12,0.1,0,0.57
2,12,0.1,42,0.54
2,12,0.1,99,0.54
2,12,0.2,0,0.49
2,12,0.2,42,0.495
2,12,0.2,99,0.565
2,12,0.3,0,0.48
2,12,0.3,42,0.49666666666666665
2,12,0.3,99,0.51
2,12,0.4,0,0.485
2,12,0.4,42,0.4975
2,12,0.4,99,0.5025
2,13,0.1,0,0.57
2,13,0.1,42,0.56
2,13,0.1,99,0.55
2,13,0.2,0,0.495
2,13,0.2,42,0.51
2,13,0.2,99,0.56
2,13,0.3,0,0.49
2,13,0.3,42,0.49333333333333335
2,13,0.3,99,0.48333333333333334
2,13,0.4,0,0.4825
2,13,0.4,42,0.5
2,13,0.4,99,0.4825
2,14,0.1,0,0.55
2,14,0.1,42,0.54
2,14,0.1,99,0.53
2,14,0.2,0,0.515
2,14,0.2,42,0.52
2,14,0.2,99,0.55
2,14,0.3,0,0.48
2,14,0.3,42,0.49
2,14,0.3,99,0.48
2,14,0.4,0,0.48
2,14,0.4,42,0.495
2,14,0.4,99,0.485
2,15,0.1,0,0.53
2,15,0.1,42,0.54
2,15,0.1,99,0.52
2,15,0.2,0,0.505
2,15,0.2,42,0.5
2,15,0.2,99,0.54
2,15,0.3,0,0.49
2,15,0.3,42,0.49
2,15,0.3,99,0.4666666666666667
2,15,0.4,0,0.4775
2,15,0.4,42,0.47
2,15,0.4,99,0.4825
2,16,0.1,0,0.53
2,16,0.1,42,0.53
2,16,0.1,99,0.53
2,16,0.2,0,0.5
2,16,0.2,42,0.485
2,16,0.2,99,0.535
2,16,0.3,0,0.48
2,16,0.3,42,0.4766666666666667
2,16,0.3,99,0.47
2,16,0.4,0,0.475
2,16,0.4,42,0.48
2,16,0.4,99,0.4875
2,17,0.1,0,0.52
2,17,0.1,42,0.53
2,17,0.1,99,0.53
2,17,0.2,0,0.495
2,17,0.2,42,0.485
2,17,0.2,99,0.525
2,17,0.3,0,0.4766666666666667
2,17,0.3,42,0.45
2,17,0.3,99,0.47
2,17,0.4,0,0.475
2,17,0.4,42,0.4925
2,17,0.4,99,0.5025
2,18,0.1,0,0.49
2,18,0.1,42,0.51
2,18,0.1,99,0.53
2,18,0.2,0,0.47
2,18,0.2,42,0.47
2,18,0.2,99,0.5
2,18,0.3,0,0.4766666666666667
2,18,0.3,42,0.47
2,18,0.3,99,0.4633333333333333
2,18,0.4,0,0.485
2,18,0.4,42,0.47
2,18,0.4,99,0.5025
2,19,0.1,0,0.48
2,19,0.1,42,0.51
2,19,0.1,99,0.5
2,19,0.2,0,0.47
2,19,0.2,42,0.475
2,19,0.2,99,0.515
2,19,0.3,0,0.4866666666666667
2,19,0.3,42,0.4766666666666667
2,19,0.3,99,0.4766666666666667
2,19,0.4,0,0.4925
2,19,0.4,42,0.47
2,19,0.4,99,0.5025
2,20,0.1,0,0.47
2,20,0.1,42,0.5
2,20,0.1,99,0.5
2,20,0.2,0,0.495
2,20,0.2,42,0.475
2,20,0.2,99,0.51
2,20,0.3,0,0.5
2,20,0.3,42,0.48333333333333334
2,20,0.3,99,0.46
2,20,0.4,0,0.4725
2,20,0.4,42,0.4675
2,20,0.4,99,0.5075
2,21,0.1,0,0.49
2,21,0.1,42,0.49
2,21,0.1,99,0.49
2,21,0.2,0,0.485
2,21,0.2,42,0.47
2,21,0.2,99,0.48
2,21,0.3,0,0.5033333333333333
2,21,0.3,42,0.48333333333333334
2,21,0.3,99,0.4666666666666667
2,21,0.4,0,0.4625
2,21,0.4,42,0.485
2,21,0.4,99,0.505
2,22,0.1,0,0.48
2,22,0.1,42,0.49
2,22,0.1,99,0.48
2,22,0.2,0,0.505
2,22,0.2,42,0.475
2,22,0.2,99,0.485
2,22,0.3,0,0.48
2,22,0.3,42,0.49
2,22,0.3,99,0.4633333333333333
2,22,0.4,0,0.48
2,22,0.4,42,0.47
2,22,0.4,99,0.4975
2,23,0.1,0,0.48
2,23,0.1,42,0.51
2,23,0.1,99,0.49
2,23,0.2,0,0.5
2,23,0.2,42,0.47
2,23,0.2,99,0.49
2,23,0.3,0,0.48333333333333334
2,23,0.3,42,0.49
2,23,0.3,99,0.47
2,23,0.4,0,0.4825
2,23,0.4,42,0.485
2,23,0.4,99,0.4975
2,24,0.1,0,0.49
2,24,0.1,42,0.52
2,24,0.1,99,0.5
2,24,0.2,0,0.485
2,24,0.2,42,0.47
2,24,0.2,99,0.495
2,24,0.3,0,0.47
2,24,0.3,42,0.49
2,24,0.3,99,0.4666666666666667
2,24,0.4,0,0.4775
2,24,0.4,42,0.4725
2,24,0.4,99,0.4975
2,25,0.1,0,0.5
2,25,0.1,42,0.52
2,25,0.1,99,0.49
2,25,0.2,0,0.48
2,25,0.2,42,0.48
2,25,0.2,99,0.485
2,25,0.3,0,0.48
2,25,0.3,42,0.49
2,25,0.3,99,0.47333333333333333
2,25,0.4,0,0.4725
2,25,0.4,42,0.4825
2,25,0.4,99,0.5
2,26,0.1,0,0.5
2,26,0.1,42,0.52
2,26,0.1,99,0.48
2,26,0.2,0,0.46
2,26,0.2,42,0.48
2,26,0.2,99,0.495
2,26,0.3,0,0.47
2,26,0.3,42,0.49666666666666665
2,26,0.3,99,0.47333333333333333
2,26,0.4,0,0.4675
2,26,0.4,42,0.4775
2,26,0.4,99,0.505
2,27,0.1,0,0.49
2,27,0.1,42,0.52
2,27,0.1,99,0.46
2,27,0.2,0,0.465
2,27,0.2,42,0.48
2,27,0.2,99,0.5
2,27,0.3,0,0.47
2,27,0.3,42,0.48
2,27,0.3,99,0.4866666666666667
2,27,0.4,0,0.465
2,27,0.4,42,0.465
2,27,0.4,99,0.5125
2,28,0.1,0,0.46
2,28,0.1,42,0.52
2,28,0.1,99,0.48
2,28,0.2,0,0.48
2,28,0.2,42,0.485
2,28,0.2,99,0.495
2,28,0.3,0,0.45666666666666667
2,28,0.3,42,0.47
2,28,0.3,99,0.49
2,28,0.4,0,0.4725
2,28,0.4,42,0.4725
2,28,0.4,99,0.51
2,29,0.1,0,0.46
2,29,0.1,42,0.52
2,29,0.1,99,0.47
2,29,0.2,0,0.48
2,29,0.2,42,0.475
2,29,0.2,99,0.5
2,29,0.3,0,0.45
2,29,0.3,42,0.47333333333333333
2,29,0.3,99,0.49666666666666665
2,29,0.4,0,0.4775
2,29,0.4,42,0.475
2,29,0.4,99,0.5
2,30,0.1,0,0.47
2,30,0.1,42,0.51
2,30,0.1,99,0.47
2,30,0.2,0,0.47
2,30,0.2,42,0.46
2,30,0.2,99,0.505
2,30,0.3,0,0.46
2,30,0.3,42,0.49333333333333335
2,30,0.3,99,0.5033333333333333
2,30,0.4,0,0.4725
2,30,0.4,42,0.4775
2,30,0.4,99,0.51
3,1,0.1,0,0.51
3,1,0.1,42,0.46
3,1,0.1,99,0.48
3,1,0.2,0,0.465
3,1,0.2,42,0.465
3,1,0.2,99,0.495
3,1,0.3,0,0.48333333333333334
3,1,0.3,42,0.47333333333333333
3,1,0.3,99,0.48
3,1,0.4,0,0.4925
3,1,0.4,42,0.43
3,1,0.4,99,0.4975
3,2,0.1,0,0.47
3,2,0.1,42,0.45
3,2,0.1,99,0.51
3,2,0.2,0,0.435
3,2,0.2,42,0.415
3,2,0.2,99,0.48
3,2,0.3,0,0.4533333333333333
3,2,0.3,42,0.4166666666666667
3,2,0.3,99,0.4633333333333333
3,2,0.4,0,0.455
3,2,0.4,42,0.42
3,2,0.4,99,0.4825
3,3,0.1,0,0.48
3,3,0.1,42,0.47
3,3,0.1,99,0.52
3,3,0.2,0,0.45
3,3,0.2,42,0.465
3,3,0.2,99,0.485
3,3,0.3,0,0.46
3,3,0.3,42,0.43333333333333335
3,3,0.3,99,0.45666666666666667
3,3,0.4,0,0.4675
3,3,0.4,42,0.4475
3,3,0.4,99,0.47
3,4,0.1,0,0.49
3,4,0.1,42,0.49
3,4,0.1,99,0.48
3,4,0.2,0,0.48
3,4,0.2,42,0.47
3,4,0.2,99,0.515
3,4,0.3,0,0.46
3,4,0.3,42,0.4533333333333333
3,4,0.3,99,0.47
3,4,0.4,0,0.495
3,4,0.4,42,0.4575
3,4,0.4,99,0.475
3,5,0.1,0,0.49
3,5,0.1,42,0.53
3,5,0.1,99,0.51
3,5,0.2,0,0.475
3,5,0.2,42,0.49
3,5,0.2,99,0.515
3,5,0.3,0,0.47333333333333333
3,5,0.3,42,0.4666666666666667
3,5,0.3,99,0.48
3,5,0.4,0,0.5075
3,5,0.4,42,0.4775
3,5,0.4,99,0.47
3,6,0.1,0,0.52
3,6,0.1,42,0.51
3,6,0.1,99,0.51
3,6,0.2,0,0.485
3,6,0.2,42,0.48
3,6,0.2,99,0.5
3,6,0.3,0,0.49666666666666665
3,6,0.3,42,0.48
3,6,0.3,99,0.4866666666666667
3,6,0.4,0,0.5
3,6,0.4,42,0.4775
3,6,0.4,99,0.475
3,7,0.1,0,0.47
3,7,0.1,42,0.47
3,7,0.1,99,0.52
3,7,0.2,0,0.5
3,7,0.2,42,0.46
3,7,0.2,99,0.525
3,7,0.3,0,0.49666666666666665
3,7,0.3,42,0.4633333333333333
3,7,0.3,99,0.5
3,7,0.4,0,0.5075
3,7,0.4,42,0.495
3,7,0.4,99,0.485
3,8,0.1,0,0.53
3,8,0.1,42,0.49
3,8,0.1,99,0.52
3,8,0.2,0,0.51
3,8,0.2,42,0.46
3,8,0.2,99,0.52
3,8,0.3,0,0.5033333333333333
3,8,0.3,42,0.48
3,8,0.3,99,0.49333333333333335
3,8,0.4,0,0.5025
3,8,0.4,42,0.4925
3,8,0.4,99,0.4925
3,9,0.1,0,0.5
3,9,0.1,42,0.5
3,9,0.1,99,0.5
3,9,0.2,0,0.5
3,9,0.2,42,0.505
3,9,0.2,99,0.53
3,9,0.3,0,0.5066666666666667
3,9,0.3,42,0.5
3,9,0.3,99,0.5033333333333333
3,9,0.4,0,0.5025
3,9,0.4,42,0.49
3,9,0.4,99,0.51
3,10,0.1,0,0.52
3,10,0.1,42,0.51
3,10,0.1,99,0.49
3,10,0.2,0,0.495
3,10,0.2,42,0.515
3,10,0.2,99,0.505
3,10,0.3,0,0.49333333333333335
3,10,0.3,42,0.48
3,10,0.3,99,0.49
3,10,0.4,0,0.5
3,10,0.4,42,0.4925
3,10,0.4,99,0.4925
3,11,0.1,0,0.54
3,11,0.1,42,0.51
3,11,0.1,99,0.49
3,11,0.2,0,0.49
3,11,0.2,42,0.515
3,11,0.2,99,0.505
3,11,0.3,0,0.4866666666666667
3,11,0.3,42,0.48
3,11,0.3,99,0.47333333333333333
3,11,0.4,0,0.505
3,11,0.4,42,0.4875
3,11,0.4,99,0.5025
3,12,0.1,0,0.51
3,12,0.1,42,0.51
3,12,0.1,99,0.49
3,12,0.2,0,0.485
3,12,0.2,42,0.525
3,12,0.2,99,0.485
3,12,0.3,0,0.49
3,12,0.3,42,0.48333333333333334
3,12,0.3,99,0.49666666666666665
3,12,0.4,0,0.5025
3,12,0.4,42,0.485
3,12,0.4,99,0.5025
3,13,0.1,0,0.49
3,13,0.1,42,0.52
3,13,0.1,99,0.52
3,13,0.2,0,0.49
3,13,0.2,42,0.535
3,13,0.2,99,0.49
3,13,0.3,0,0.48333333333333334
3,13,0.3,42,0.51
3,13,0.3,99,0.49
3,13,0.4,0,0.4975
3,13,0.4,42,0.485
3,13,0.4,99,0.505
3,14,0.1,0,0.48
3,14,0.1,42,0.53
3,14,0.1,99,0.49
3,14,0.2,0,0.495
3,14,0.2,42,0.535
3,14,0.2,99,0.485
3,14,0.3,0,0.48
3,14,0.3,42,0.5
3,14,0.3,99,0.49333333333333335
3,14,0.4,0,0.51
3,14,0.4,42,0.48
3,14,0.4,99,0.5
3,15,0.1,0,0.48
3,15,0.1,42,0.52
3,15,0.1,99,0.51
3,15,0.2,0,0.495
3,15,0.2,42,0.535
3,15,0.2,99,0.485
3,15,0.3,0,0.49333333333333335
3,15,0.3,42,0.51
3,15,0.3,99,0.5
3,15,0.4,0,0.4925
3,15,0.4,42,0.4775
3,15,0.4,99,0.495
3,16,0.1,0,0.5
3,16,0.1,42,0.54
3,16,0.1,99,0.49
3,16,0.2,0,0.51
3,16,0.2,42,0.515
3,16,0.2,99,0.485
3,16,0.3,0,0.48333333333333334
3,16,0.3,42,0.5033333333333333
3,16,0.3,99,0.48333333333333334
3,16,0.4,0,0.4925
3,16,0.4,42,0.4875
3,16,0.4,99,0.5
3,17,0.1,0,0.5
3,17,0.1,42,0.54
3,17,0.1,99,0.49
3,17,0.2,0,0.5
3,17,0.2,42,0.51
3,17,0.2,99,0.49
3,17,0.3,0,0.5
3,17,0.3,42,0.5133333333333333
3,17,0.3,99,0.4766666666666667
3,17,0.4,0,0.4975
3,17,0.4,42,0.5
3,17,0.4,99,0.5025
3,18,0.1,0,0.5
3,18,0.1,42,0.54
3,18,0.1,99,0.5
3,18,0.2,0,0.495
3,18,0.2,42,0.5
3,18,0.2,99,0.485
3,18,0.3,0,0.5
3,18,0.3,42,0.4866666666666667
3,18,0.3,99,0.48333333333333334
3,18,0.4,0,0.5
3,18,0.4,42,0.4825
3,18,0.4,99,0.4975
3,19,0.1,0,0.51
3,19,0.1,42,0.54
3,19,0.1,99,0.5
3,19,0.2,0,0.49
3,19,0.2,42,0.505
3,19,0.2,99,0.505
3,19,0.3,0,0.49333333333333335
3,19,0.3,42,0.4766666666666667
3,19,0.3,99,0.48
3,19,0.4,0,0.4925
3,19,0.4,42,0.48
3,19,0.4,99,0.4875
3,20,0.1,0,0.49
3,20,0.1,42,0.52
3,20,0.1,99,0.5
3,20,0.2,0,0.51
3,20,0.2,42,0.465
3,20,0.2,99,0.5
3,20,0.3,0,0.48
3,20,0.3,42,0.48333333333333334
3,20,0.3,99,0.49666666666666665
3,20,0.4,0,0.4975
3,20,0.4,42,0.495
3,20,0.4,99,0.5025
3,21,0.1,0,0.49
3,21,0.1,42,0.5
3,21,0.1,99,0.52
3,21,0.2,0,0.485
3,21,0.2,42,0.47
3,21,0.2,99,0.5
3,21,0.3,0,0.47
3,21,0.3,42,0.4866666666666667
3,21,0.3,99,0.49
3,21,0.4,0,0.49
3,21,0.4,42,0.4875
3,21,0.4,99,0.485
3,22,0.1,0,0.47
3,22,0.1,42,0.53
3,22,0.1,99,0.52
3,22,0.2,0,0.495
3,22,0.2,42,0.46
3,22,0.2,99,0.505
3,22,0.3,0,0.49
3,22,0.3,42,0.49333333333333335
3,22,0.3,99,0.49
3,22,0.4,0,0.48
3,22,0.4,42,0.4875
3,22,0.4,99,0.485
3,23,0.1,0,0.45
3,23,0.1,42,0.52
3,23,0.1,99,0.49
3,23,0.2,0,0.475
3,23,0.2,42,0.475
3,23,0.2,99,0.5
3,23,0.3,0,0.48
3,23,0.3,42,0.49333333333333335
3,23,0.3,99,0.4866666666666667
3,23,0.4,0,0.4875
3,23,0.4,42,0.4875
3,23,0.4,99,0.49
3,24,0.1,0,0.47
3,24,0.1,42,0.5
3,24,0.1,99,0.51
3,24,0.2,0,0.485
3,24,0.2,42,0.48
3,24,0.2,99,0.49
3,24,0.3,0,0.4766666666666667
3,24,0.3,42,0.47333333333333333
3,24,0.3,99,0.5033333333333333
3,24,0.4,0,0.4875
3,24,0.4,42,0.4925
3,24,0.4,99,0.4925
3,25,0.1,0,0.45
3,25,0.1,42,0.49
3,25,0.1,99,0.51
3,25,0.2,0,0.475
3,25,0.2,42,0.47
3,25,0.2,99,0.505
3,25,0.3,0,0.49333333333333335
3,25,0.3,42,0.48
3,25,0.3,99,0.4866666666666667
3,25,0.4,0,0.4775
3,25,0.4,42,0.4975
3,25,0.4,99,0.4925
3,26,0.1,0,0.45
3,26,0.1,42,0.51
3,26,0.1,99,0.5
3,26,0.2,0,0.47
3,26,0.2,42,0.485
3,26,0.2,99,0.5
3,26,0.3,0,0.49
3,26,0.3,42,0.47333333333333333
3,26,0.3,99,0.5
3,26,0.4,0,0.49
3,26,0.4,42,0.4925
3,26,0.4,99,0.4925
3,27,0.1,0,0.46
3,27,0.1,42,0.49
3,27,0.1,99,0.49
3,27,0.2,0,0.475
3,27,0.2,42,0.475
3,27,0.2,99,0.515
3,27,0.3,0,0.4766666666666667
3,27,0.3,42,0.45666666666666667
3,27,0.3,99,0.49666666666666665
3,27,0.4,0,0.485
3,27,0.4,42,0.4875
3,27,0.4,99,0.4875
3,28,0.1,0,0.44
3,28,0.1,42,0.48
3,28,0.1,99,0.47
3,28,0.2,0,0.5
3,28,0.2,42,0.48
3,28,0.2,99,0.53
3,28,0.3,0,0.4766666666666667
3,28,0.3,42,0.4633333333333333
3,28,0.3,99,0.4866666666666667
3,28,0.4,0,0.4875
3,28,0.4,42,0.4925
3,28,0.4,99,0.485
3,29,0.1,0,0.47
3,29,0.1,42,0.49
3,29,0.1,99,0.48
3,29,0.2,0,0.505
3,29,0.2,42,0.49
3,29,0.2,99,0.515
3,29,0.3,0,0.48333333333333334
3,29,0.3,42,0.47
3,29,0.3,99,0.48333333333333334
3,29,0.4,0,0.485
3,29,0.4,42,0.4875
3,29,0.4,99,0.485
3,30,0.1,0,0.46
3,30,0.1,42,0.48
3,30,0.1,99,0.47
3,30,0.2,0,0.5
3,30,0.2,42,0.475
3,30,0.2,99,0.515
3,30,0.3,0,0.49333333333333335
3,30,0.3,42,0.4766666666666667
3,30,0.3,99,0.4666666666666667
3,30,0.4,0,0.47
3,30,0.4,42,0.49
3,30,0.4,99,0.4875
4,1,0.1,0,0.55
4,1,0.1,42,0.5
4,1,0.1,99,0.55
4,1,0.2,0,0.535
4,1,0.2,42,0.475
4,1,0.2,99,0.52
4,1,0.3,0,0.49
4,1,0.3,42,0.47333333333333333
4,1,0.3,99,0.49666666666666665
4,1,0.4,0,0.4975
4,1,0.4,42,0.47
4,1,0.4,99,0.5175
4,2,0.1,0,0.47
4,2,0.1,42,0.46
4,2,0.1,99,0.48
4,2,0.2,0,0.455
4,2,0.2,42,0.425
4,2,0.2,99,0.52
4,2,0.3,0,0.48
4,2,0.3,42,0.43333333333333335
4,2,0.3,99,0.4766666666666667
4,2,0.4,0,0.49
4,2,0.4,42,0.4175
4,2,0.4,99,0.49
4,3,0.1,0,0.49
4,3,0.1,42,0.47
4,3,0.1,99,0.54
4,3,0.2,0,0.475
4,3,0.2,42,0.435
4,3,0.2,99,0.52
4,3,0.3,0,0.49666666666666665
4,3,0.3,42,0.44666666666666666
4,3,0.3,99,0.47
4,3,0.4,0,0.4975
4,3,0.4,42,0.4575
4,3,0.4,99,0.475
4,4,0.1,0,0.51
4,4,0.1,42,0.49
4,4,0.1,99,0.55
4,4,0.2,0,0.505
4,4,0.2,42,0.49
4,4,0.2,99,0.55
4,4,0.3,0,0.49
4,4,0.3,42,0.5
4,4,0.3,99,0.5033333333333333
4,4,0.4,0,0.5075
4,4,0.4,42,0.49
4,4,0.4,99,0.5125
4,5,0.1,0,0.51
4,5,0.1,42,0.49
4,5,0.1,99,0.59
4,5,0.2,0,0.525
4,5,0.2,42,0.515
4,5,0.2,99,0.54
4,5,0.3,0,0.53
4,5,0.3,42,0.4866666666666667
4,5,0.3,99,0.5233333333333333
4,5,0.4,0,0.5225
4,5,0.4,42,0.5025
4,5,0.4,99,0.5125
4,6,0.1,0,0.52
4,6,0.1,42,0.54
4,6,0.1,99,0.55
4,6,0.2,0,0.545
4,6,0.2,42,0.525
4,6,0.2,99,0.52
4,6,0.3,0,0.5266666666666666
4,6,0.3,42,0.5
4,6,0.3,99,0.5033333333333333
4,6,0.4,0,0.5075
4,6,0.4,42,0.5075
4,6,0.4,99,0.51
4,7,0.1,0,0.54
4,7,0.1,42,0.56
4,7,0.1,99,0.55
4,7,0.2,0,0.54
4,7,0.2,42,0.5
4,7,0.2,99,0.545
4,7,0.3,0,0.51
4,7,0.3,42,0.49333333333333335
4,7,0.3,99,0.51
4,7,0.4,0,0.5225
4,7,0.4,42,0.5325
4,7,0.4,99,0.5175
4,8,0.1,0,0.51
4,8,0.1,42,0.51
4,8,0.1,99,0.57
4,8,0.2,0,0.52
4,8,0.2,42,0.52
4,8,0.2,99,0.55
4,8,0.3,0,0.5033333333333333
4,8,0.3,42,0.5133333333333333
4,8,0.3,99,0.49666666666666665
4,8,0.4,0,0.5075
4,8,0.4,42,0.5375
4,8,0.4,99,0.5025
4,9,0.1,0,0.51
4,9,0.1,42,0.5
4,9,0.1,99,0.53
4,9,0.2,0,0.535
4,9,0.2,42,0.505
4,9,0.2,99,0.54
4,9,0.3,0,0.5
4,9,0.3,42,0.5333333333333333
4,9,0.3,99,0.52
4,9,0.4,0,0.525
4,9,0.4,42,0.53
4,9,0.4,99,0.525
4,10,0.1,0,0.52
4,10,0.1,42,0.48
4,10,0.1,99,0.54
4,10,0.2,0,0.54
4,10,0.2,42,0.52
4,10,0.2,99,0.545
4,10,0.3,0,0.5066666666666667
4,10,0.3,42,0.54
4,10,0.3,99,0.5333333333333333
4,10,0.4,0,0.5175
4,10,0.4,42,0.5275
4,10,0.4,99,0.52
4,11,0.1,0,0.54
4,11,0.1,42,0.5
4,11,0.1,99,0.54
4,11,0.2,0,0.51
4,11,0.2,42,0.53
4,11,0.2,99,0.545
4,11,0.3,0,0.5133333333333333
4,11,0.3,42,0.5366666666666666
4,11,0.3,99,0.5233333333333333
4,11,0.4,0,0.505
4,11,0.4,42,0.51
4,11,0.4,99,0.515
4,12,0.1,0,0.53
4,12,0.1,42,0.56
4,12,0.1,99,0.55
4,12,0.2,0,0.51
4,12,0.2,42,0.52
4,12,0.2,99,0.565
4,12,0.3,0,0.5066666666666667
4,12,0.3,42,0.53
4,12,0.3,99,0.52
4,12,0.4,0,0.5075
4,12,0.4,42,0.52
4,12,0.4,99,0.52
4,13,0.1,0,0.52
4,13,0.1,42,0.53
4,13,0.1,99,0.55
4,13,0.2,0,0.49
4,13,0.2,42,0.52
4,13,0.2,99,0.535
4,13,0.3,0,0.5066666666666667
4,13,0.3,42,0.52
4,13,0.3,99,0.51
4,13,0.4,0,0.4875
4,13,0.4,42,0.52
4,13,0.4,99,0.5175
4,14,0.1,0,0.47
4,14,0.1,42,0.55
4,14,0.1,99,0.53
4,14,0.2,0,0.5
4,14,0.2,42,0.535
4,14,0.2,99,0.545
4,14,0.3,0,0.5033333333333333
4,14,0.3,42,0.52
4,14,0.3,99,0.51
4,14,0.4,0,0.4925
4,14,0.4,42,0.5225
4,14,0.4,99,0.5125
4,15,0.1,0,0.52
4,15,0.1,42,0.52
4,15,0.1,99,0.54
4,15,0.2,0,0.51
4,15,0.2,42,0.505
4,15,0.2,99,0.55
4,15,0.3,0,0.5066666666666667
4,15,0.3,42,0.5166666666666667
4,15,0.3,99,0.5066666666666667
4,15,0.4,0,0.5025
4,15,0.4,42,0.5125
4,15,0.4,99,0.5075
4,16,0.1,0,0.53
4,16,0.1,42,0.54
4,16,0.1,99,0.54
4,16,0.2,0,0.515
4,16,0.2,42,0.5
4,16,0.2,99,0.535
4,16,0.3,0,0.5
4,16,0.3,42,0.5133333333333333
4,16,0.3,99,0.5066666666666667
4,16,0.4,0,0.5025
4,16,0.4,42,0.4975
4,16,0.4,99,0.505
4,17,0.1,0,0.52
4,17,0.1,42,0.55
4,17,0.1,99,0.54
4,17,0.2,0,0.52
4,17,0.2,42,0.505
4,17,0.2,99,0.54
4,17,0.3,0,0.49666666666666665
4,17,0.3,42,0.49333333333333335
4,17,0.3,99,0.5133333333333333
4,17,0.4,0,0.505
4,17,0.4,42,0.49
4,17,0.4,99,0.51
4,18,0.1,0,0.53
4,18,0.1,42,0.54
4,18,0.1,99,0.53
4,18,0.2,0,0.52
4,18,0.2,42,0.49
4,18,0.2,99,0.535
4,18,0.3,0,0.5
4,18,0.3,42,0.49333333333333335
4,18,0.3,99,0.5033333333333333
4,18,0.4,0,0.51
4,18,0.4,42,0.505
4,18,0.4,99,0.51
4,19,0.1,0,0.53
4,19,0.1,42,0.54
4,19,0.1,99,0.54
4,19,0.2,0,0.515
4,19,0.2,42,0.47
4,19,0.2,99,0.535
4,19,0.3,0,0.49666666666666665
4,19,0.3,42,0.4866666666666667
4,19,0.3,99,0.5066666666666667
4,19,0.4,0,0.5075
4,19,0.4,42,0.495
4,19,0.4,99,0.5
4,20,0.1,0,0.54
4,20,0.1,42,0.51
4,20,0.1,99,0.55
4,20,0.2,0,0.515
4,20,0.2,42,0.47
4,20,0.2,99,0.535
4,20,0.3,0,0.5266666666666666
4,20,0.3,42,0.4766666666666667
4,20,0.3,99,0.48333333333333334
4,20,0.4,0,0.515
4,20,0.4,42,0.505
4,20,0.4,99,0.5025
4,21,0.1,0,0.55
4,21,0.1,42,0.46
4,21,0.1,99,0.54
4,21,0.2,0,0.52
4,21,0.2,42,0.485
4,21,0.2,99,0.535
4,21,0.3,0,0.53
4,21,0.3,42,0.4866666666666667
4,21,0.3,99,0.49666666666666665
4,21,0.4,0,0.495
4,21,0.4,42,0.5125
4,21,0.4,99,0.5125
4,22,0.1,0,0.54
4,22,0.1,42,0.47
4,22,0.1,99,0.52
4,22,0.2,0,0.525
4,22,0.2,42,0.465
4,22,0.2,99,0.54
4,22,0.3,0,0.53
4,22,0.3,42,0.49333333333333335
4,22,0.3,99,0.5066666666666667
4,22,0.4,0,0.5025
4,22,0.4,42,0.51
4,22,0.4,99,0.505
4,23,0.1,0,0.53
4,23,0.1,42,0.47
4,23,0.1,99,0.55
4,23,0.2,0,0.52
4,23,0.2,42,0.465
4,23,0.2,99,0.515
4,23,0.3,0,0.5166666666666667
4,23,0.3,42,0.5
4,23,0.3,99,0.5066666666666667
4,23,0.4,0,0.505
4,23,0.4,42,0.51
4,23,0.4,99,0.5125
4,24,0.1,0,0.54
4,24,0.1,42,0.46
4,24,0.1,99,0.54
4,24,0.2,0,0.5
4,24,0.2,42,0.475
4,24,0.2,99,0.515
4,24,0.3,0,0.5133333333333333
4,24,0.3,42,0.48
4,24,0.3,99,0.5066666666666667
4,24,0.4,0,0.505
4,24,0.4,42,0.51
4,24,0.4,99,0.505
4,25,0.1,0,0.53
4,25,0.1,42,0.47
4,25,0.1,99,0.54
4,25,0.2,0,0.51
4,25,0.2,42,0.48
4,25,0.2,99,0.51
4,25,0.3,0,0.5133333333333333
4,25,0.3,42,0.49
4,25,0.3,99,0.5033333333333333
4,25,0.4,0,0.4975
4,25,0.4,42,0.505
4,25,0.4,99,0.51
4,26,0.1,0,0.51
4,26,0.1,42,0.46
4,26,0.1,99,0.51
4,26,0.2,0,0.51
4,26,0.2,42,0.48
4,26,0.2,99,0.52
4,26,0.3,0,0.51
4,26,0.3,42,0.5
4,26,0.3,99,0.49333333333333335
4,26,0.4,0,0.4975
4,26,0.4,42,0.505
4,26,0.4,99,0.505
4,27,0.1,0,0.5
4,27,0.1,42,0.45
4,27,0.1,99,0.51
4,27,0.2,0,0.51
4,27,0.2,42,0.49
4,27,0.2,99,0.525
4,27,0.3,0,0.5066666666666667
4,27,0.3,42,0.5066666666666667
4,27,0.3,99,0.5066666666666667
4,27,0.4,0,0.485
4,27,0.4,42,0.51
4,27,0.4,99,0.5125
4,28,0.1,0,0.53
4,28,0.1,42,0.46
4,28,0.1,99,0.52
4,28,0.2,0,0.52
4,28,0.2,42,0.485
4,28,0.2,99,0.525
4,28,0.3,0,0.5066666666666667
4,28,0.3,42,0.49
4,28,0.3,99,0.49666666666666665
4,28,0.4,0,0.49
4,28,0.4,42,0.515
4,28,0.4,99,0.515
4,29,0.1,0,0.51
4,29,0.1,42,0.45
4,29,0.1,99,0.51
4,29,0.2,0,0.515
4,29,0.2,42,0.475
4,29,0.2,99,0.54
4,29,0.3,0,0.5166666666666667
4,29,0.3,42,0.4866666666666667
4,29,0.3,99,0.5033333333333333
4,29,0.4,0,0.485
4,29,0.4,42,0.51
4,29,0.4,99,0.5075
4,30,0.1,0,0.5
4,30,0.1,42,0.46
4,30,0.1,99,0.51
4,30,0.2,0,0.51
4,30,0.2,42,0.485
4,30,0.2,99,0.535
4,30,0.3,0,0.5033333333333333
4,30,0.3,42,0.5
4,30,0.3,99,0.5033333333333333
4,30,0.4,0,0.4825
4,30,0.4,42,0.515
4,30,0.4,99,0.5075
5,1,0.1,0,0.58
5,1,0.1,42,0.5
5,1,0.1,99,0.59
5,1,0.2,0,0.56
5,1,0.2,42,0.495
5,1,0.2,99,0.585
5,1,0.3,0,0.5533333333333333
5,1,0.3,42,0.52
5,1,0.3,99,0.5533333333333333
5,1,0.4,0,0.5475
5,1,0.4,42,0.4925
5,1,0.4,99,0.535
5,2,0.1,0,0.51
5,2,0.1,42,0.5
5,2,0.1,99,0.57
5,2,0.2,0,0.515
5,2,0.2,42,0.475
5,2,0.2,99,0.57
5,2,0.3,0,0.52
5,2,0.3,42,0.4866666666666667
5,2,0.3,99,0.5033333333333333
5,2,0.4,0,0.5125
5,2,0.4,42,0.46
5,2,0.4,99,0.4875
5,3,0.1,0,0.54
5,3,0.1,42,0.48
5,3,0.1,99,0.57
5,3,0.2,0,0.515
5,3,0.2,42,0.445
5,3,0.2,99,0.56
5,3,0.3,0,0.51
5,3,0.3,42,0.47
5,3,0.3,99,0.53
5,3,0.4,0,0.5175
5,3,0.4,42,0.485
5,3,0.4,99,0.52
5,4,0.1,0,0.52
5,4,0.1,42,0.56
5,4,0.1,99,0.58
5,4,0.2,0,0.52
5,4,0.2,42,0.49
5,4,0.2,99,0.585
5,4,0.3,0,0.5333333333333333
5,4,0.3,42,0.5233333333333333
5,4,0.3,99,0.5466666666666666
5,4,0.4,0,0.5425
5,4,0.4,42,0.525
5,4,0.4,99,0.5525
5,5,0.1,0,0.51
5,5,0.1,42,0.6
5,5,0.1,99,0.59
5,5,0.2,0,0.55
5,5,0.2,42,0.525
5,5,0.2,99,0.57
5,5,0.3,0,0.5266666666666666
5,5,0.3,42,0.5466666666666666
5,5,0.3,99,0.5366666666666666
5,5,0.4,0,0.5275
5,5,0.4,42,0.54
5,5,0.4,99,0.535
5,6,0.1,0,0.55
5,6,0.1,42,0.58
5,6,0.1,99,0.55
5,6,0.2,0,0.545
5,6,0.2,42,0.52
5,6,0.2,99,0.57
5,6,0.3,0,0.5266666666666666
5,6,0.3,42,0.55
5,6,0.3,99,0.5366666666666666
5,6,0.4,0,0.535
5,6,0.4,42,0.5175
5,6,0.4,99,0.5175
5,7,0.1,0,0.57
5,7,0.1,42,0.57
5,7,0.1,99,0.54
5,7,0.2,0,0.555
5,7,0.2,42,0.52
5,7,0.2,99,0.57
5,7,0.3,0,0.51
5,7,0.3,42,0.5333333333333333
5,7,0.3,99,0.5333333333333333
5,7,0.4,0,0.525
5,7,0.4,42,0.5225
5,7,0.4,99,0.53
5,8,0.1,0,0.58
5,8,0.1,42,0.54
5,8,0.1,99,0.55
5,8,0.2,0,0.555
5,8,0.2,42,0.52
5,8,0.2,99,0.56
5,8,0.3,0,0.54
5,8,0.3,42,0.5333333333333333
5,8,0.3,99,0.52
5,8,0.4,0,0.5325
5,8,0.4,42,0.53
5,8,0.4,99,0.5325
5,9,0.1,0,0.54
5,9,0.1,42,0.56
5,9,0.1,99,0.56
5,9,0.2,0,0.52
5,9,0.2,42,0.53
5,9,0.2,99,0.57
5,9,0.3,0,0.5166666666666667
5,9,0.3,42,0.54
5,9,0.3,99,0.5466666666666666
5,9,0.4,0,0.5175
5,9,0.4,42,0.5075
5,9,0.4,99,0.5425
5,10,0.1,0,0.54
5,10,0.1,42,0.57
5,10,0.1,99,0.56
5,10,0.2,0,0.53
5,10,0.2,42,0.55
5,10,0.2,99,0.57
5,10,0.3,0,0.5166666666666667
5,10,0.3,42,0.5366666666666666
5,10,0.3,99,0.5366666666666666
5,10,0.4,0,0.5225
5,10,0.4,42,0.51
5,10,0.4,99,0.5375
5,11,0.1,0,0.54
5,11,0.1,42,0.57
5,11,0.1,99,0.56
5,11,0.2,0,0.52
5,11,0.2,42,0.545
5,11,0.2,99,0.575
5,11,0.3,0,0.5066666666666667
5,11,0.3,42,0.5333333333333333
5,11,0.3,99,0.5133333333333333
5,11,0.4,0,0.525
5,11,0.4,42,0.51
5,11,0.4,99,0.525
5,12,0.1,0,0.57
5,12,0.1,42,0.54
5,12,0.1,99,0.57
5,12,0.2,0,0.515
5,12,0.2,42,0.535
5,12,0.2,99,0.55
5,12,0.3,0,0.5166666666666667
5,12,0.3,42,0.5366666666666666
5,12,0.3,99,0.5133333333333333
5,12,0.4,0,0.52
5,12,0.4,42,0.5175
5,12,0.4,99,0.5075
5,13,0.1,0,0.56
5,13,0.1,42,0.53
5,13,0.1,99,0.54
5,13,0.2,0,0.525
5,13,0.2,42,0.525
5,13,0.2,99,0.535
5,13,0.3,0,0.51
5,13,0.3,42,0.5233333333333333
5,13,0.3,99,0.53
5,13,0.4,0,0.51
5,13,0.4,42,0.53
5,13,0.4,99,0.52
5,14,0.1,0,0.51
5,14,0.1,42,0.53
5,14,0.1,99,0.54
5,14,0.2,0,0.495
5,14,0.2,42,0.53
5,14,0.2,99,0.555
5,14,0.3,0,0.5033333333333333
5,14,0.3,42,0.5266666666666666
5,14,0.3,99,0.5266666666666666
5,14,0.4,0,0.5
5,14,0.4,42,0.5225
5,14,0.4,99,0.5125
5,15,0.1,0,0.54
5,15,0.1,42,0.56
5,15,0.1,99,0.57
5,15,0.2,0,0.485
5,15,0.2,42,0.52
5,15,0.2,99,0.555
5,15,0.3,0,0.5066666666666667
5,15,0.3,42,0.5233333333333333
5,15,0.3,99,0.5233333333333333
5,15,0.4,0,0.5225
5,15,0.4,42,0.5175
5,15,0.4,99,0.53
5,16,0.1,0,0.55
5,16,0.1,42,0.53
5,16,0.1,99,0.55
5,16,0.2,0,0.505
5,16,0.2,42,0.55
5,16,0.2,99,0.57
5,16,0.3,0,0.5266666666666666
5,16,0.3,42,0.5066666666666667
5,16,0.3,99,0.53
5,16,0.4,0,0.53
5,16,0.4,42,0.5125
5,16,0.4,99,0.525
5,17,0.1,0,0.54
5,17,0.1,42,0.54
5,17,0.1,99,0.55
5,17,0.2,0,0.515
5,17,0.2,42,0.5
5,17,0.2,99,0.56
5,17,0.3,0,0.5233333333333333
5,17,0.3,42,0.5066666666666667
5,17,0.3,99,0.5233333333333333
5,17,0.4,0,0.52
5,17,0.4,42,0.52
5,17,0.4,99,0.525
5,18,0.1,0,0.52
5,18,0.1,42,0.49
5,18,0.1,99,0.55
5,18,0.2,0,0.53
5,18,0.2,42,0.515
5,18,0.2,99,0.565
5,18,0.3,0,0.5033333333333333
5,18,0.3,42,0.5233333333333333
5,18,0.3,99,0.5566666666666666
5,18,0.4,0,0.52
5,18,0.4,42,0.5275
5,18,0.4,99,0.535
5,19,0.1,0,0.55
5,19,0.1,42,0.51
5,19,0.1,99,0.55
5,19,0.2,0,0.515
5,19,0.2,42,0.49
5,19,0.2,99,0.57
5,19,0.3,0,0.5066666666666667
5,19,0.3,42,0.5166666666666667
5,19,0.3,99,0.5466666666666666
5,19,0.4,0,0.5025
5,19,0.4,42,0.525
5,19,0.4,99,0.545
5,20,0.1,0,0.53
5,20,0.1,42,0.51
5,20,0.1,99,0.58
5,20,0.2,0,0.52
5,20,0.2,42,0.505
5,20,0.2,99,0.565
5,20,0.3,0,0.5166666666666667
5,20,0.3,42,0.5333333333333333
5,20,0.3,99,0.53
5,20,0.4,0,0.5125
5,20,0.4,42,0.5375
5,20,0.4,99,0.55
5,21,0.1,0,0.51
5,21,0.1,42,0.54
5,21,0.1,99,0.58
5,21,0.2,0,0.515
5,21,0.2,42,0.52
5,21,0.2,99,0.58
5,21,0.3,0,0.5166666666666667
5,21,0.3,42,0.55
5,21,0.3,99,0.5366666666666666
5,21,0.4,0,0.4975
5,21,0.4,42,0.545
5,21,0.4,99,0.5425
5,22,0.1,0,0.54
5,22,0.1,42,0.52
5,22,0.1,99,0.58
5,22,0.2,0,0.495
5,22,0.2,42,0.525
5,22,0.2,99,0.575
5,22,0.3,0,0.5066666666666667
5,22,0.3,42,0.55
5,22,0.3,99,0.5433333333333333
5,22,0.4,0,0.49
5,22,0.4,42,0.5475
5,22,0.4,99,0.535
5,23,0.1,0,0.54
5,23,0.1,42,0.51
5,23,0.1,99,0.56
5,23,0.2,0,0.515
5,23,0.2,42,0.54
5,23,0.2,99,0.58
5,23,0.3,0,0.5133333333333333
5,23,0.3,42,0.5566666666666666
5,23,0.3,99,0.5333333333333333
5,23,0.4,0,0.49
5,23,0.4,42,0.54
5,23,0.4,99,0.52
5,24,0.1,0,0.53
5,24,0.1,42,0.49
5,24,0.1,99,0.57
5,24,0.2,0,0.505
5,24,0.2,42,0.53
5,24,0.2,99,0.565
5,24,0.3,0,0.5166666666666667
5,24,0.3,42,0.5433333333333333
5,24,0.3,99,0.53
5,24,0.4,0,0.47
5,24,0.4,42,0.535
5,24,0.4,99,0.515
5,25,0.1,0,0.54
5,25,0.1,42,0.52
5,25,0.1,99,0.56
5,25,0.2,0,0.505
5,25,0.2,42,0.55
5,25,0.2,99,0.575
5,25,0.3,0,0.51
5,25,0.3,42,0.5466666666666666
5,25,0.3,99,0.5166666666666667
5,25,0.4,0,0.4775
5,25,0.4,42,0.5325
5,25,0.4,99,0.5025
5,26,0.1,0,0.55
5,26,0.1,42,0.51
5,26,0.1,99,0.56
5,26,0.2,0,0.51
5,26,0.2,42,0.54
5,26,0.2,99,0.575
5,26,0.3,0,0.51
5,26,0.3,42,0.5533333333333333
5,26,0.3,99,0.52
5,26,0.4,0,0.485
5,26,0.4,42,0.535
5,26,0.4,99,0.505
5,27,0.1,0,0.56
5,27,0.1,42,0.52
5,27,0.1,99,0.58
5,27,0.2,0,0.51
5,27,0.2,42,0.545
5,27,0.2,99,0.575
5,27,0.3,0,0.5166666666666667
5,27,0.3,42,0.5466666666666666
5,27,0.3,99,0.5366666666666666
5,27,0.4,0,0.48
5,27,0.4,42,0.54
5,27,0.4,99,0.515
5,28,0.1,0,0.56
5,28,0.1,42,0.52
5,28,0.1,99,0.58
5,28,0.2,0,0.505
5,28,0.2,42,0.53
5,28,0.2,99,0.56
5,28,0.3,0,0.5233333333333333
5,28,0.3,42,0.5366666666666666
5,28,0.3,99,0.5366666666666666
5,28,0.4,0,0.47
5,28,0.4,42,0.54
5,28,0.4,99,0.51
5,29,0.1,0,0.55
5,29,0.1,42,0.53
5,29,0.1,99,0.56
5,29,0.2,0,0.52
5,29,0.2,42,0.525
5,29,0.2,99,0.56
5,29,0.3,0,0.52
5,29,0.3,42,0.5266666666666666
5,29,0.3,99,0.5233333333333333
5,29,0.4,0,0.4925
5,29,0.4,42,0.54
5,29,0.4,99,0.51
5,30,0.1,0,0.55
5,30,0.1,42,0.55
5,30,0.1,99,0.56
5,30,0.2,0,0.515
5,30,0.2,42,0.53
5,30,0.2,99,0.56
5,30,0.3,0,0.5233333333333333
5,30,0.3,42,0.5333333333333333
5,30,0.3,99,0.5133333333333333
5,30,0.4,0,0.49
5,30,0.4,42,0.535
5,30,0.4,99,0.5025
6,1,0.1,0,0.56
6,1,0.1,42,0.53
6,1,0.1,99,0.59
6,1,0.2,0,0.575
6,1,0.2,42,0.505
6,1,0.2,99,0.58
6,1,0.3,0,0.5366666666666666
6,1,0.3,42,0.5166666666666667
6,1,0.3,99,0.5566666666666666
6,1,0.4,0,0.5475
6,1,0.4,42,0.5025
6,1,0.4,99,0.5475
6,2,0.1,0,0.48
6,2,0.1,42,0.52
6,2,0.1,99,0.6
6,2,0.2,0,0.485
6,2,0.2,42,0.49
6,2,0.2,99,0.56
6,2,0.3,0,0.5166666666666667
6,2,0.3,42,0.5066666666666667
6,2,0.3,99,0.5033333333333333
6,2,0.4,0,0.505
6,2,0.4,42,0.48
6,2,0.4,99,0.5025
6,3,0.1,0,0.55
6,3,0.1,42,0.52
6,3,0.1,99,0.54
6,3,0.2,0,0.515
6,3,0.2,42,0.495
6,3,0.2,99,0.565
6,3,0.3,0,0.5233333333333333
6,3,0.3,42,0.5133333333333333
6,3,0.3,99,0.5166666666666667
6,3,0.4,0,0.5375
6,3,0.4,42,0.5175
6,3,0.4,99,0.5325
6,4,0.1,0,0.55
6,4,0.1,42,0.58
6,4,0.1,99,0.6
6,4,0.2,0,0.53
6,4,0.2,42,0.54
6,4,0.2,99,0.575
6,4,0.3,0,0.5166666666666667
6,4,0.3,42,0.53
6,4,0.3,99,0.5333333333333333
6,4,0.4,0,0.53
6,4,0.4,42,0.5325
6,4,0.4,99,0.535
6,5,0.1,0,0.59
6,5,0.1,42,0.59
6,5,0.1,99,0.62
6,5,0.2,0,0.55
6,5,0.2,42,0.565
6,5,0.2,99,0.59
6,5,0.3,0,0.54
6,5,0.3,42,0.5366666666666666
6,5,0.3,99,0.54
6,5,0.4,0,0.5275
6,5,0.4,42,0.535
6,5,0.4,99,0.53
6,6,0.1,0,0.58
6,6,0.1,42,0.61
6,6,0.1,99,0.61
6,6,0.2,0,0.57
6,6,0.2,42,0.55
6,6,0.2,99,0.565
6,6,0.3,0,0.5433333333333333
6,6,0.3,42,0.5366666666666666
6,6,0.3,99,0.5366666666666666
6,6,0.4,0,0.545
6,6,0.4,42,0.525
6,6,0.4,99,0.53
6,7,0.1,0,0.56
6,7,0.1,42,0.57
6,7,0.1,99,0.6
6,7,0.2,0,0.56
6,7,0.2,42,0.565
6,7,0.2,99,0.59
6,7,0.3,0,0.5366666666666666
6,7,0.3,42,0.53
6,7,0.3,99,0.56
6,7,0.4,0,0.5475
6,7,0.4,42,0.5275
6,7,0.4,99,0.5375
6,8,0.1,0,0.6
6,8,0.1,42,0.55
6,8,0.1,99,0.59
6,8,0.2,0,0.545
6,8,0.2,42,0.555
6,8,0.2,99,0.57
6,8,0.3,0,0.53
6,8,0.3,42,0.5366666666666666
6,8,0.3,99,0.5533333333333333
6,8,0.4,0,0.5375
6,8,0.4,42,0.55
6,8,0.4,99,0.55
6,9,0.1,0,0.57
6,9,0.1,42,0.54
6,9,0.1,99,0.61
6,9,0.2,0,0.56
6,9,0.2,42,0.555
6,9,0.2,99,0.575
6,9,0.3,0,0.52
6,9,0.3,42,0.5366666666666666
6,9,0.3,99,0.5533333333333333
6,9,0.4,0,0.5325
6,9,0.4,42,0.5325
6,9,0.4,99,0.53
6,10,0.1,0,0.56
6,10,0.1,42,0.54
6,10,0.1,99,0.62
6,10,0.2,0,0.565
6,10,0.2,42,0.535
6,10,0.2,99,0.605
6,10,0.3,0,0.53
6,10,0.3,42,0.56
6,10,0.3,99,0.5466666666666666
6,10,0.4,0,0.54
6,10,0.4,42,0.565
6,10,0.4,99,0.54
6,11,0.1,0,0.58
6,11,0.1,42,0.56
6,11,0.1,99,0.61
6,11,0.2,0,0.55
6,11,0.2,42,0.53
6,11,0.2,99,0.59
6,11,0.3,0,0.5266666666666666
6,11,0.3,42,0.53
6,11,0.3,99,0.56
6,11,0.4,0,0.535
6,11,0.4,42,0.555
6,11,0.4,99,0.55
6,12,0.1,0,0.58
6,12,0.1,42,0.51
6,12,0.1,99,0.61
6,12,0.2,0,0.55
6,12,0.2,42,0.575
6,12,0.2,99,0.595
6,12,0.3,0,0.53
6,12,0.3,42,0.54
6,12,0.3,99,0.57
6,12,0.4,0,0.535
6,12,0.4,42,0.5525
6,12,0.4,99,0.5525
6,13,0.1,0,0.6
6,13,0.1,42,0.5
6,13,0.1,99,0.6
6,13,0.2,0,0.56
6,13,0.2,42,0.535
6,13,0.2,99,0.6
6,13,0.3,0,0.5233333333333333
6,13,0.3,42,0.5533333333333333
6,13,0.3,99,0.57
6,13,0.4,0,0.5525
6,13,0.4,42,0.5575
6,13,0.4,99,0.5475
6,14,0.1,0,0.59
6,14,0.1,42,0.52
6,14,0.1,99,0.62
6,14,0.2,0,0.555
6,14,0.2,42,0.555
6,14,0.2,99,0.59
6,14,0.3,0,0.5533333333333333
6,14,0.3,42,0.5333333333333333
6,14,0.3,99,0.57
6,14,0.4,0,0.555
6,14,0.4,42,0.55
6,14,0.4,99,0.5425
6,15,0.1,0,0.58
6,15,0.1,42,0.54
6,15,0.1,99,0.63
6,15,0.2,0,0.565
6,15,0.2,42,0.56
6,15,0.2,99,0.59
6,15,0.3,0,0.5433333333333333
6,15,0.3,42,0.5366666666666666
6,15,0.3,99,0.56
6,15,0.4,0,0.55
6,15,0.4,42,0.5375
6,15,0.4,99,0.545
6,16,0.1,0,0.58
6,16,0.1,42,0.54
6,16,0.1,99,0.59
6,16,0.2,0,0.575
6,16,0.2,42,0.55
6,16,0.2,99,0.59
6,16,0.3,0,0.53
6,16,0.3,42,0.53
6,16,0.3,99,0.5633333333333334
6,16,0.4,0,0.5625
6,16,0.4,42,0.56
6,16,0.4,99,0.55
6,17,0.1,0,0.58
6,17,0.1,42,0.56
6,17,0.1,99,0.61
6,17,0.2,0,0.58
6,17,0.2,42,0.55
6,17,0.2,99,0.595
6,17,0.3,0,0.5333333333333333
6,17,0.3,42,0.54
6,17,0.3,99,0.5666666666666667
6,17,0.4,0,0.5625
6,17,0.4,42,0.5475
6,17,0.4,99,0.5525
6,18,0.1,0,0.62
6,18,0.1,42,0.52
6,18,0.1,99,0.62
6,18,0.2,0,0.565
6,18,0.2,42,0.535
6,18,0.2,99,0.615
6,18,0.3,0,0.5466666666666666
6,18,0.3,42,0.53
6,18,0.3,99,0.57
6,18,0.4,0,0.5475
6,18,0.4,42,0.55
6,18,0.4,99,0.5425
6,19,0.1,0,0.62
6,19,0.1,42,0.49
6,19,0.1,99,0.65
6,19,0.2,0,0.575
6,19,0.2,42,0.56
6,19,0.2,99,0.62
6,19,0.3,0,0.55
6,19,0.3,42,0.5366666666666666
6,19,0.3,99,0.5466666666666666
6,19,0.4,0,0.545
6,19,0.4,42,0.57
6,19,0.4,99,0.56
6,20,0.1,0,0.61
6,20,0.1,42,0.5
6,20,0.1,99,0.63
6,20,0.2,0,0.57
6,20,0.2,42,0.525
6,20,0.2,99,0.595
6,20,0.3,0,0.5366666666666666
6,20,0.3,42,0.5466666666666666
6,20,0.3,99,0.55
6,20,0.4,0,0.545
6,20,0.4,42,0.56
6,20,0.4,99,0.545
6,21,0.1,0,0.59
6,21,0.1,42,0.53
6,21,0.1,99,0.63
6,21,0.2,0,0.545
6,21,0.2,42,0.535
6,21,0.2,99,0.61
6,21,0.3,0,0.54
6,21,0.3,42,0.5466666666666666
6,21,0.3,99,0.5533333333333333
6,21,0.4,0,0.5375
6,21,0.4,42,0.55
6,21,0.4,99,0.545
6,22,0.1,0,0.6
6,22,0.1,42,0.53
6,22,0.1,99,0.63
6,22,0.2,0,0.545
6,22,0.2,42,0.53
6,22,0.2,99,0.595
6,22,0.3,0,0.54
6,22,0.3,42,0.5533333333333333
6,22,0.3,99,0.56
6,22,0.4,0,0.5325
6,22,0.4,42,0.5525
6,22,0.4,99,0.53
6,23,0.1,0,0.58
6,23,0.1,42,0.54
6,23,0.1,99,0.63
6,23,0.2,0,0.55
6,23,0.2,42,0.53
6,23,0.2,99,0.6
6,23,0.3,0,0.5366666666666666
6,23,0.3,42,0.5433333333333333
6,23,0.3,99,0.5733333333333334
6,23,0.4,0,0.5275
6,23,0.4,42,0.53
6,23,0.4,99,0.5225
6,24,0.1,0,0.59
6,24,0.1,42,0.55
6,24,0.1,99,0.63
6,24,0.2,0,0.555
6,24,0.2,42,0.52
6,24,0.2,99,0.615
6,24,0.3,0,0.5533333333333333
6,24,0.3,42,0.55
6,24,0.3,99,0.5566666666666666
6,24,0.4,0,0.52
6,24,0.4,42,0.53
6,24,0.4,99,0.5125
6,25,0.1,0,0.58
6,25,0.1,42,0.52
6,25,0.1,99,0.61
6,25,0.2,0,0.56
6,25,0.2,42,0.53
6,25,0.2,99,0.615
6,25,0.3,0,0.5533333333333333
6,25,0.3,42,0.5566666666666666
6,25,0.3,99,0.56
6,25,0.4,0,0.505
6,25,0.4,42,0.54
6,25,0.4,99,0.5225
6,26,0.1,0,0.59
6,26,0.1,42,0.5
6,26,0.1,99,0.61
6,26,0.2,0,0.555
6,26,0.2,42,0.52
6,26,0.2,99,0.61
6,26,0.3,0,0.53
6,26,0.3,42,0.5433333333333333
6,26,0.3,99,0.5466666666666666
6,26,0.4,0,0.495
6,26,0.4,42,0.5525
6,26,0.4,99,0.525
6,27,0.1,0,0.58
6,27,0.1,42,0.52
6,27,0.1,99,0.62
6,27,0.2,0,0.56
6,27,0.2,42,0.525
6,27,0.2,99,0.59
6,27,0.3,0,0.5366666666666666
6,27,0.3,42,0.53
6,27,0.3,99,0.5366666666666666
6,27,0.4,0,0.5
6,27,0.4,42,0.54
6,27,0.4,99,0.52
6,28,0.1,0,0.6
6,28,0.1,42,0.52
6,28,0.1,99,0.61
6,28,0.2,0,0.56
6,28,0.2,42,0.52
6,28,0.2,99,0.585
6,28,0.3,0,0.5333333333333333
6,28,0.3,42,0.5366666666666666
6,28,0.3,99,0.54
6,28,0.4,0,0.51
6,28,0.4,42,0.535
6,28,0.4,99,0.53
6,29,0.1,0,0.59
6,29,0.1,42,0.48
6,29,0.1,99,0.63
6,29,0.2,0,0.56
6,29,0.2,42,0.525
6,29,0.2,99,0.6
6,29,0.3,0,0.53
6,29,0.3,42,0.5433333333333333
6,29,0.3,99,0.53
6,29,0.4,0,0.4925
6,29,0.4,42,0.54
6,29,0.4,99,0.5225
6,30,0.1,0,0.59
6,30,0.1,42,0.51
6,30,0.1,99,0.6
6,30,0.2,0,0.55
6,30,0.2,42,0.535
6,30,0.2,99,0.585
6,30,0.3,0,0.5166666666666667
6,30,0.3,42,0.5366666666666666
6,30,0.3,99,0.53
6,30,0.4,0,0.4925
6,30,0.4,42,0.53
6,30,0.4,99,0.515
7,1,0.1,0,0.59
7,1,0.1,42,0.6
7,1,0.1,99,0.64
7,1,0.2,0,0.585
7,1,0.2,42,0.55
7,1,0.2,99,0.595
7,1,0.3,0,0.5533333333333333
7,1,0.3,42,0.5633333333333334
7,1,0.3,99,0.5666666666666667
7,1,0.4,0,0.5625
7,1,0.4,42,0.525
7,1,0.4,99,0.5425
7,2,0.1,0,0.51
7,2,0.1,42,0.57
7,2,0.1,99,0.61
7,2,0.2,0,0.515
7,2,0.2,42,0.515
7,2,0.2,99,0.58
7,2,0.3,0,0.5166666666666667
7,2,0.3,42,0.5266666666666666
7,2,0.3,99,0.53
7,2,0.4,0,0.53
7,2,0.4,42,0.5125
7,2,0.4,99,0.535
7,3,0.1,0,0.59
7,3,0.1,42,0.53
7,3,0.1,99,0.63
7,3,0.2,0,0.57
7,3,0.2,42,0.51
7,3,0.2,99,0.615
7,3,0.3,0,0.5433333333333333
7,3,0.3,42,0.5233333333333333
7,3,0.3,99,0.5733333333333334
7,3,0.4,0,0.5525
7,3,0.4,42,0.5325
7,3,0.4,99,0.585
7,4,0.1,0,0.61
7,4,0.1,42,0.6
7,4,0.1,99,0.65
7,4,0.2,0,0.575
7,4,0.2,42,0.565
7,4,0.2,99,0.635
7,4,0.3,0,0.5733333333333334
7,4,0.3,42,0.5533333333333333
7,4,0.3,99,0.6
7,4,0.4,0,0.5625
7,4,0.4,42,0.5625
7,4,0.4,99,0.5875
7,5,0.1,0,0.59
7,5,0.1,42,0.6
7,5,0.1,99,0.65
7,5,0.2,0,0.58
7,5,0.2,42,0.565
7,5,0.2,99,0.645
7,5,0.3,0,0.5666666666666667
7,5,0.3,42,0.53
7,5,0.3,99,0.5866666666666667
7,5,0.4,0,0.5575
7,5,0.4,42,0.555
7,5,0.4,99,0.58
7,6,0.1,0,0.64
7,6,0.1,42,0.58
7,6,0.1,99,0.67
7,6,0.2,0,0.605
7,6,0.2,42,0.565
7,6,0.2,99,0.63
7,6,0.3,0,0.5633333333333334
7,6,0.3,42,0.5466666666666666
7,6,0.3,99,0.5733333333333334
7,6,0.4,0,0.5525
7,6,0.4,42,0.5475
7,6,0.4,99,0.5625
7,7,0.1,0,0.62
7,7,0.1,42,0.56
7,7,0.1,99,0.67
7,7,0.2,0,0.595
7,7,0.2,42,0.585
7,7,0.2,99,0.65
7,7,0.3,0,0.56
7,7,0.3,42,0.5466666666666666
7,7,0.3,99,0.5866666666666667
7,7,0.4,0,0.5575
7,7,0.4,42,0.5325
7,7,0.4,99,0.5775
7,8,0.1,0,0.63
7,8,0.1,42,0.58
7,8,0.1,99,0.66
7,8,0.2,0,0.585
7,8,0.2,42,0.565
7,8,0.2,99,0.62
7,8,0.3,0,0.57
7,8,0.3,42,0.54
7,8,0.3,99,0.5866666666666667
7,8,0.4,0,0.5425
7,8,0.4,42,0.5425
7,8,0.4,99,0.57
7,9,0.1,0,0.58
7,9,0.1,42,0.51
7,9,0.1,99,0.67
7,9,0.2,0,0.57
7,9,0.2,42,0.54
7,9,0.2,99,0.62
7,9,0.3,0,0.55
7,9,0.3,42,0.5333333333333333
7,9,0.3,99,0.5966666666666667
7,9,0.4,0,0.55
7,9,0.4,42,0.545
7,9,0.4,99,0.5775
7,10,0.1,0,0.59
7,10,0.1,42,0.52
7,10,0.1,99,0.66
7,10,0.2,0,0.585
7,10,0.2,42,0.54
7,10,0.2,99,0.615
7,10,0.3,0,0.55
7,10,0.3,42,0.5366666666666666
7,10,0.3,99,0.5933333333333334
7,10,0.4,0,0.5425
7,10,0.4,42,0.5475
7,10,0.4,99,0.5925
7,11,0.1,0,0.6
7,11,0.1,42,0.54
7,11,0.1,99,0.63
7,11,0.2,0,0.585
7,11,0.2,42,0.535
7,11,0.2,99,0.6
7,11,0.3,0,0.57
7,11,0.3,42,0.52
7,11,0.3,99,0.6
7,11,0.4,0,0.5525
7,11,0.4,42,0.5525
7,11,0.4,99,0.59
7,12,0.1,0,0.59
7,12,0.1,42,0.54
7,12,0.1,99,0.64
7,12,0.2,0,0.59
7,12,0.2,42,0.52
7,12,0.2,99,0.62
7,12,0.3,0,0.5533333333333333
7,12,0.3,42,0.5266666666666666
7,12,0.3,99,0.6033333333333334
7,12,0.4,0,0.5425
7,12,0.4,42,0.5575
7,12,0.4,99,0.5725
7,13,0.1,0,0.59
7,13,0.1,42,0.56
7,13,0.1,99,0.65
7,13,0.2,0,0.585
7,13,0.2,42,0.515
7,13,0.2,99,0.61
7,13,0.3,0,0.5633333333333334
7,13,0.3,42,0.5466666666666666
7,13,0.3,99,0.58
7,13,0.4,0,0.5575
7,13,0.4,42,0.555
7,13,0.4,99,0.565
7,14,0.1,0,0.6
7,14,0.1,42,0.54
7,14,0.1,99,0.63
7,14,0.2,0,0.59
7,14,0.2,42,0.53
7,14,0.2,99,0.62
7,14,0.3,0,0.5633333333333334
7,14,0.3,42,0.5333333333333333
7,14,0.3,99,0.5733333333333334
7,14,0.4,0,0.555
7,14,0.4,42,0.5525
7,14,0.4,99,0.5775
7,15,0.1,0,0.59
7,15,0.1,42,0.49
7,15,0.1,99,0.66
7,15,0.2,0,0.58
7,15,0.2,42,0.535
7,15,0.2,99,0.615
7,15,0.3,0,0.5566666666666666
7,15,0.3,42,0.5366666666666666
7,15,0.3,99,0.5833333333333334
7,15,0.4,0,0.5575
7,15,0.4,42,0.5625
7,15,0.4,99,0.5575
7,16,0.1,0,0.56
7,16,0.1,42,0.48
7,16,0.1,99,0.62
7,16,0.2,0,0.59
7,16,0.2,42,0.54
7,16,0.2,99,0.585
7,16,0.3,0,0.56
7,16,0.3,42,0.5466666666666666
7,16,0.3,99,0.58
7,16,0.4,0,0.5575
7,16,0.4,42,0.5625
7,16,0.4,99,0.555
7,17,0.1,0,0.59
7,17,0.1,42,0.5
7,17,0.1,99,0.63
7,17,0.2,0,0.59
7,17,0.2,42,0.55
7,17,0.2,99,0.605
7,17,0.3,0,0.56
7,17,0.3,42,0.5366666666666666
7,17,0.3,99,0.55
7,17,0.4,0,0.5375
7,17,0.4,42,0.575
7,17,0.4,99,0.5475
7,18,0.1,0,0.58
7,18,0.1,42,0.48
7,18,0.1,99,0.63
7,18,0.2,0,0.58
7,18,0.2,42,0.55
7,18,0.2,99,0.61
7,18,0.3,0,0.56
7,18,0.3,42,0.54
7,18,0.3,99,0.5566666666666666
7,18,0.4,0,0.5425
7,18,0.4,42,0.575
7,18,0.4,99,0.545
7,19,0.1,0,0.58
7,19,0.1,42,0.51
7,19,0.1,99,0.63
7,19,0.2,0,0.59
7,19,0.2,42,0.565
7,19,0.2,99,0.61
7,19,0.3,0,0.5633333333333334
7,19,0.3,42,0.5433333333333333
7,19,0.3,99,0.5566666666666666
7,19,0.4,0,0.54
7,19,0.4,42,0.5625
7,19,0.4,99,0.545
7,20,0.1,0,0.59
7,20,0.1,42,0.52
7,20,0.1,99,0.62
7,20,0.2,0,0.595
7,20,0.2,42,0.55
7,20,0.2,99,0.6
7,20,0.3,0,0.5566666666666666
7,20,0.3,42,0.5333333333333333
7,20,0.3,99,0.5433333333333333
7,20,0.4,0,0.545
7,20,0.4,42,0.5625
7,20,0.4,99,0.5425
7,21,0.1,0,0.57
7,21,0.1,42,0.51
7,21,0.1,99,0.65
7,21,0.2,0,0.585
7,21,0.2,42,0.53
7,21,0.2,99,0.585
7,21,0.3,0,0.5433333333333333
7,21,0.3,42,0.5333333333333333
7,21,0.3,99,0.55
7,21,0.4,0,0.5425
7,21,0.4,42,0.5675
7,21,0.4,99,0.545
7,22,0.1,0,0.56
7,22,0.1,42,0.54
7,22,0.1,99,0.64
7,22,0.2,0,0.575
7,22,0.2,42,0.53
7,22,0.2,99,0.59
7,22,0.3,0,0.5433333333333333
7,22,0.3,42,0.5466666666666666
7,22,0.3,99,0.5433333333333333
7,22,0.4,0,0.5475
7,22,0.4,42,0.5575
7,22,0.4,99,0.535
7,23,0.1,0,0.56
7,23,0.1,42,0.51
7,23,0.1,99,0.63
7,23,0.2,0,0.57
7,23,0.2,42,0.525
7,23,0.2,99,0.595
7,23,0.3,0,0.55
7,23,0.3,42,0.55
7,23,0.3,99,0.5466666666666666
7,23,0.4,0,0.535
7,23,0.4,42,0.55
7,23,0.4,99,0.5375
7,24,0.1,0,0.57
7,24,0.1,42,0.52
7,24,0.1,99,0.63
7,24,0.2,0,0.575
7,24,0.2,42,0.525
7,24,0.2,99,0.605
7,24,0.3,0,0.5333333333333333
7,24,0.3,42,0.5566666666666666
7,24,0.3,99,0.5433333333333333
7,24,0.4,0,0.5175
7,24,0.4,42,0.5475
7,24,0.4,99,0.5225
7,25,0.1,0,0.55
7,25,0.1,42,0.5
7,25,0.1,99,0.64
7,25,0.2,0,0.58
7,25,0.2,42,0.525
7,25,0.2,99,0.595
7,25,0.3,0,0.5433333333333333
7,25,0.3,42,0.5533333333333333
7,25,0.3,99,0.5433333333333333
7,25,0.4,0,0.5175
7,25,0.4,42,0.555
7,25,0.4,99,0.5275
7,26,0.1,0,0.57
7,26,0.1,42,0.5
7,26,0.1,99,0.63
7,26,0.2,0,0.575
7,26,0.2,42,0.515
7,26,0.2,99,0.59
7,26,0.3,0,0.5333333333333333
7,26,0.3,42,0.5466666666666666
7,26,0.3,99,0.5466666666666666
7,26,0.4,0,0.5125
7,26,0.4,42,0.55
7,26,0.4,99,0.52
7,27,0.1,0,0.55
7,27,0.1,42,0.51
7,27,0.1,99,0.63
7,27,0.2,0,0.565
7,27,0.2,42,0.53
7,27,0.2,99,0.595
7,27,0.3,0,0.5333333333333333
7,27,0.3,42,0.55
7,27,0.3,99,0.5433333333333333
7,27,0.4,0,0.5125
7,27,0.4,42,0.5525
7,27,0.4,99,0.5075
7,28,0.1,0,0.55
7,28,0.1,42,0.51
7,28,0.1,99,0.61
7,28,0.2,0,0.555
7,28,0.2,42,0.505
7,28,0.2,99,0.595
7,28,0.3,0,0.5166666666666667
7,28,0.3,42,0.54
7,28,0.3,99,0.54
7,28,0.4,0,0.51
7,28,0.4,42,0.54
7,28,0.4,99,0.5025
7,29,0.1,0,0.55
7,29,0.1,42,0.51
7,29,0.1,99,0.57
7,29,0.2,0,0.55
7,29,0.2,42,0.52
7,29,0.2,99,0.595
7,29,0.3,0,0.53
7,29,0.3,42,0.5366666666666666
7,29,0.3,99,0.5366666666666666
7,29,0.4,0,0.505
7,29,0.4,42,0.53
7,29,0.4,99,0.51
7,30,0.1,0,0.55
7,30,0.1,42,0.52
7,30,0.1,99,0.58
7,30,0.2,0,0.56
7,30,0.2,42,0.53
7,30,0.2,99,0.58
7,30,0.3,0,0.52
7,30,0.3,42,0.54
7,30,0.3,99,0.5266666666666666
7,30,0.4,0,0.4975
7,30,0.4,42,0.54
7,30,0.4,99,0.515
8,1,0.1,0,0.57
8,1,0.1,42,0.59
8,1,0.1,99,0.61
8,1,0.2,0,0.58
8,1,0.2,42,0.54
8,1,0.2,99,0.57
8,1,0.3,0,0.5666666666666667
8,1,0.3,42,0.55
8,1,0.3,99,0.55
8,1,0.4,0,0.555
8,1,0.4,42,0.5075
8,1,0.4,99,0.5325
8,2,0.1,0,0.52
8,2,0.1,42,0.54
8,2,0.1,99,0.56
8,2,0.2,0,0.51
8,2,0.2,42,0.495
8,2,0.2,99,0.555
8,2,0.3,0,0.52
8,2,0.3,42,0.5133333333333333
8,2,0.3,99,0.51
8,2,0.4,0,0.53
8,2,0.4,42,0.505
8,2,0.4,99,0.52
8,3,0.1,0,0.59
8,3,0.1,42,0.58
8,3,0.1,99,0.57
8,3,0.2,0,0.545
8,3,0.2,42,0.52
8,3,0.2,99,0.6
8,3,0.3,0,0.5333333333333333
8,3,0.3,42,0.5166666666666667
8,3,0.3,99,0.54
8,3,0.4,0,0.5425
8,3,0.4,42,0.5075
8,3,0.4,99,0.5375
8,4,0.1,0,0.58
8,4,0.1,42,0.59
8,4,0.1,99,0.64
8,4,0.2,0,0.55
8,4,0.2,42,0.54
8,4,0.2,99,0.625
8,4,0.3,0,0.55
8,4,0.3,42,0.5433333333333333
8,4,0.3,99,0.5633333333333334
8,4,0.4,0,0.5275
8,4,0.4,42,0.52
8,4,0.4,99,0.545
8,5,0.1,0,0.59
8,5,0.1,42,0.56
8,5,0.1,99,0.63
8,5,0.2,0,0.575
8,5,0.2,42,0.53
8,5,0.2,99,0.635
8,5,0.3,0,0.5366666666666666
8,5,0.3,42,0.5333333333333333
8,5,0.3,99,0.59
8,5,0.4,0,0.5375
8,5,0.4,42,0.5275
8,5,0.4,99,0.5675
8,6,0.1,0,0.6
8,6,0.1,42,0.52
8,6,0.1,99,0.64
8,6,0.2,0,0.59
8,6,0.2,42,0.555
8,6,0.2,99,0.65
8,6,0.3,0,0.5433333333333333
8,6,0.3,42,0.5266666666666666
8,6,0.3,99,0.59
8,6,0.4,0,0.5375
8,6,0.4,42,0.5225
8,6,0.4,99,0.57
8,7,0.1,0,0.59
8,7,0.1,42,0.53
8,7,0.1,99,0.63
8,7,0.2,0,0.575
8,7,0.2,42,0.565
8,7,0.2,99,0.625
8,7,0.3,0,0.5266666666666666
8,7,0.3,42,0.5566666666666666
8,7,0.3,99,0.58
8,7,0.4,0,0.5275
8,7,0.4,42,0.5325
8,7,0.4,99,0.55
8,8,0.1,0,0.56
8,8,0.1,42,0.57
8,8,0.1,99,0.65
8,8,0.2,0,0.565
8,8,0.2,42,0.56
8,8,0.2,99,0.615
8,8,0.3,0,0.5366666666666666
8,8,0.3,42,0.5366666666666666
8,8,0.3,99,0.5833333333333334
8,8,0.4,0,0.54
8,8,0.4,42,0.5525
8,8,0.4,99,0.5575
8,9,0.1,0,0.6
8,9,0.1,42,0.55
8,9,0.1,99,0.64
8,9,0.2,0,0.565
8,9,0.2,42,0.57
8,9,0.2,99,0.6
8,9,0.3,0,0.5533333333333333
8,9,0.3,42,0.53
8,9,0.3,99,0.5766666666666667
8,9,0.4,0,0.54
8,9,0.4,42,0.55
8,9,0.4,99,0.5675
8,10,0.1,0,0.61
8,10,0.1,42,0.53
8,10,0.1,99,0.63
8,10,0.2,0,0.59
8,10,0.2,42,0.545
8,10,0.2,99,0.58
8,10,0.3,0,0.5533333333333333
8,10,0.3,42,0.5133333333333333
8,10,0.3,99,0.56
8,10,0.4,0,0.5475
8,10,0.4,42,0.53
8,10,0.4,99,0.59
8,11,0.1,0,0.61
8,11,0.1,42,0.52
8,11,0.1,99,0.6
8,11,0.2,0,0.6
8,11,0.2,42,0.52
8,11,0.2,99,0.6
8,11,0.3,0,0.57
8,11,0.3,42,0.49666666666666665
8,11,0.3,99,0.5833333333333334
8,11,0.4,0,0.555
8,11,0.4,42,0.535
8,11,0.4,99,0.58
8,12,0.1,0,0.6
8,12,0.1,42,0.53
8,12,0.1,99,0.63
8,12,0.2,0,0.605
8,12,0.2,42,0.51
8,12,0.2,99,0.585
8,12,0.3,0,0.5733333333333334
8,12,0.3,42,0.5
8,12,0.3,99,0.58
8,12,0.4,0,0.545
8,12,0.4,42,0.545
8,12,0.4,99,0.5675
8,13,0.1,0,0.58
8,13,0.1,42,0.53
8,13,0.1,99,0.64
8,13,0.2,0,0.6
8,13,0.2,42,0.53
8,13,0.2,99,0.58
8,13,0.3,0,0.5566666666666666
8,13,0.3,42,0.53
8,13,0.3,99,0.5833333333333334
8,13,0.4,0,0.55
8,13,0.4,42,0.5425
8,13,0.4,99,0.5725
8,14,0.1,0,0.59
8,14,0.1,42,0.49
8,14,0.1,99,0.62
8,14,0.2,0,0.605
8,14,0.2,42,0.53
8,14,0.2,99,0.59
8,14,0.3,0,0.5633333333333334
8,14,0.3,42,0.5366666666666666
8,14,0.3,99,0.5733333333333334
8,14,0.4,0,0.5575
8,14,0.4,42,0.5475
8,14,0.4,99,0.585
8,15,0.1,0,0.57
8,15,0.1,42,0.51
8,15,0.1,99,0.62
8,15,0.2,0,0.6
8,15,0.2,42,0.545
8,15,0.2,99,0.595
8,15,0.3,0,0.5566666666666666
8,15,0.3,42,0.53
8,15,0.3,99,0.5866666666666667
8,15,0.4,0,0.5525
8,15,0.4,42,0.5525
8,15,0.4,99,0.54
8,16,0.1,0,0.57
8,16,0.1,42,0.5
8,16,0.1,99,0.61
8,16,0.2,0,0.605
8,16,0.2,42,0.555
8,16,0.2,99,0.61
8,16,0.3,0,0.5466666666666666
8,16,0.3,42,0.54
8,16,0.3,99,0.5966666666666667
8,16,0.4,0,0.545
8,16,0.4,42,0.54
8,16,0.4,99,0.555
8,17,0.1,0,0.59
8,17,0.1,42,0.51
8,17,0.1,99,0.61
8,17,0.2,0,0.595
8,17,0.2,42,0.55
8,17,0.2,99,0.6
8,17,0.3,0,0.5533333333333333
8,17,0.3,42,0.5366666666666666
8,17,0.3,99,0.5666666666666667
8,17,0.4,0,0.535
8,17,0.4,42,0.535
8,17,0.4,99,0.5525
8,18,0.1,0,0.58
8,18,0.1,42,0.49
8,18,0.1,99,0.6
8,18,0.2,0,0.575
8,18,0.2,42,0.555
8,18,0.2,99,0.6
8,18,0.3,0,0.56
8,18,0.3,42,0.53
8,18,0.3,99,0.5666666666666667
8,18,0.4,0,0.5375
8,18,0.4,42,0.545
8,18,0.4,99,0.5575
8,19,0.1,0,0.58
8,19,0.1,42,0.5
8,19,0.1,99,0.59
8,19,0.2,0,0.585
8,19,0.2,42,0.55
8,19,0.2,99,0.59
8,19,0.3,0,0.5733333333333334
8,19,0.3,42,0.52
8,19,0.3,99,0.5566666666666666
8,19,0.4,0,0.5375
8,19,0.4,42,0.5475
8,19,0.4,99,0.55
8,20,0.1,0,0.58
8,20,0.1,42,0.52
8,20,0.1,99,0.58
8,20,0.2,0,0.585
8,20,0.2,42,0.55
8,20,0.2,99,0.6
8,20,0.3,0,0.5666666666666667
8,20,0.3,42,0.51
8,20,0.3,99,0.55
8,20,0.4,0,0.5475
8,20,0.4,42,0.5525
8,20,0.4,99,0.5625
8,21,0.1,0,0.58
8,21,0.1,42,0.51
8,21,0.1,99,0.6
8,21,0.2,0,0.585
8,21,0.2,42,0.55
8,21,0.2,99,0.6
8,21,0.3,0,0.56
8,21,0.3,42,0.5433333333333333
8,21,0.3,99,0.5533333333333333
8,21,0.4,0,0.55
8,21,0.4,42,0.56
8,21,0.4,99,0.555
8,22,0.1,0,0.58
8,22,0.1,42,0.51
8,22,0.1,99,0.61
8,22,0.2,0,0.595
8,22,0.2,42,0.535
8,22,0.2,99,0.59
8,22,0.3,0,0.5633333333333334
8,22,0.3,42,0.5566666666666666
8,22,0.3,99,0.5566666666666666
8,22,0.4,0,0.535
8,22,0.4,42,0.5625
8,22,0.4,99,0.54
8,23,0.1,0,0.57
8,23,0.1,42,0.52
8,23,0.1,99,0.6
8,23,0.2,0,0.59
8,23,0.2,42,0.525
8,23,0.2,99,0.6
8,23,0.3,0,0.5666666666666667
8,23,0.3,42,0.56
8,23,0.3,99,0.5633333333333334
8,23,0.4,0,0.5325
8,23,0.4,42,0.5375
8,23,0.4,99,0.54
8,24,0.1,0,0.58
8,24,0.1,42,0.53
8,24,0.1,99,0.62
8,24,0.2,0,0.59
8,24,0.2,42,0.535
8,24,0.2,99,0.585
8,24,0.3,0,0.55
8,24,0.3,42,0.5666666666666667
8,24,0.3,99,0.5566666666666666
8,24,0.4,0,0.5375
8,24,0.4,42,0.5325
8,24,0.4,99,0.545
8,25,0.1,0,0.57
8,25,0.1,42,0.52
8,25,0.1,99,0.59
8,25,0.2,0,0.57
8,25,0.2,42,0.54
8,25,0.2,99,0.61
8,25,0.3,0,0.55
8,25,0.3,42,0.56
8,25,0.3,99,0.55
8,25,0.4,0,0.5275
8,25,0.4,42,0.545
8,25,0.4,99,0.5275
8,26,0.1,0,0.59
8,26,0.1,42,0.5
8,26,0.1,99,0.61
8,26,0.2,0,0.57
8,26,0.2,42,0.535
8,26,0.2,99,0.595
8,26,0.3,0,0.5333333333333333
8,26,0.3,42,0.56
8,26,0.3,99,0.54
8,26,0.4,0,0.52
8,26,0.4,42,0.55
8,26,0.4,99,0.505
8,27,0.1,0,0.57
8,27,0.1,42,0.49
8,27,0.1,99,0.59
8,27,0.2,0,0.565
8,27,0.2,42,0.545
8,27,0.2,99,0.595
8,27,0.3,0,0.5333333333333333
8,27,0.3,42,0.5466666666666666
8,27,0.3,99,0.53
8,27,0.4,0,0.5175
8,27,0.4,42,0.535
8,27,0.4,99,0.5125
8,28,0.1,0,0.55
8,28,0.1,42,0.51
8,28,0.1,99,0.57
8,28,0.2,0,0.56
8,28,0.2,42,0.545
8,28,0.2,99,0.58
8,28,0.3,0,0.5433333333333333
8,28,0.3,42,0.5433333333333333
8,28,0.3,99,0.5333333333333333
8,28,0.4,0,0.5125
8,28,0.4,42,0.5225
8,28,0.4,99,0.5075
8,29,0.1,0,0.55
8,29,0.1,42,0.51
8,29,0.1,99,0.57
8,29,0.2,0,0.56
8,29,0.2,42,0.535
8,29,0.2,99,0.57
8,29,0.3,0,0.5366666666666666
8,29,0.3,42,0.5433333333333333
8,29,0.3,99,0.5333333333333333
8,29,0.4,0,0.5175
8,29,0.4,42,0.5275
8,29,0.4,99,0.51
8,30,0.1,0,0.54
8,30,0.1,42,0.5
8,30,0.1,99,0.58
8,30,0.2,0,0.545
8,30,0.2,42,0.545
8,30,0.2,99,0.565
8,30,0.3,0,0.54
8,30,0.3,42,0.54
8,30,0.3,99,0.52
8,30,0.4,0,0.5125
8,30,0.4,42,0.5225
8,30,0.4,99,0.505
9,1,0.1,0,0.58
9,1,0.1,42,0.58
9,1,0.1,99,0.6
9,1,0.2,0,0.6
9,1,0.2,42,0.56
9,1,0.2,99,0.595
9,1,0.3,0,0.5833333333333334
9,1,0.3,42,0.58
9,1,0.3,99,0.5666666666666667
9,1,0.4,0,0.575
9,1,0.4,42,0.555
9,1,0.4,99,0.555
9,2,0.1,0,0.52
9,2,0.1,42,0.55
9,2,0.1,99,0.59
9,2,0.2,0,0.525
9,2,0.2,42,0.53
9,2,0.2,99,0.575
9,2,0.3,0,0.5333333333333333
9,2,0.3,42,0.5533333333333333
9,2,0.3,99,0.5333333333333333
9,2,0.4,0,0.525
9,2,0.4,42,0.55
9,2,0.4,99,0.545
9,3,0.1,0,0.56
9,3,0.1,42,0.54
9,3,0.1,99,0.62
9,3,0.2,0,0.565
9,3,0.2,42,0.53
9,3,0.2,99,0.615
9,3,0.3,0,0.55
9,3,0.3,42,0.5433333333333333
9,3,0.3,99,0.5766666666666667
9,3,0.4,0,0.5725
9,3,0.4,42,0.5475
9,3,0.4,99,0.5625
9,4,0.1,0,0.59
9,4,0.1,42,0.59
9,4,0.1,99,0.62
9,4,0.2,0,0.575
9,4,0.2,42,0.545
9,4,0.2,99,0.625
9,4,0.3,0,0.5633333333333334
9,4,0.3,42,0.5733333333333334
9,4,0.3,99,0.5966666666666667
9,4,0.4,0,0.565
9,4,0.4,42,0.5625
9,4,0.4,99,0.58
9,5,0.1,0,0.6
9,5,0.1,42,0.6
9,5,0.1,99,0.63
9,5,0.2,0,0.585
9,5,0.2,42,0.585
9,5,0.2,99,0.635
9,5,0.3,0,0.5666666666666667
9,5,0.3,42,0.58
9,5,0.3,99,0.5866666666666667
9,5,0.4,0,0.5775
9,5,0.4,42,0.5725
9,5,0.4,99,0.5675
9,6,0.1,0,0.57
9,6,0.1,42,0.59
9,6,0.1,99,0.64
9,6,0.2,0,0.555
9,6,0.2,42,0.595
9,6,0.2,99,0.63
9,6,0.3,0,0.5733333333333334
9,6,0.3,42,0.58
9,6,0.3,99,0.5933333333333334
9,6,0.4,0,0.5775
9,6,0.4,42,0.5775
9,6,0.4,99,0.5875
9,7,0.1,0,0.56
9,7,0.1,42,0.58
9,7,0.1,99,0.64
9,7,0.2,0,0.575
9,7,0.2,42,0.61
9,7,0.2,99,0.625
9,7,0.3,0,0.57
9,7,0.3,42,0.58
9,7,0.3,99,0.58
9,7,0.4,0,0.56
9,7,0.4,42,0.58
9,7,0.4,99,0.585
9,8,0.1,0,0.61
9,8,0.1,42,0.55
9,8,0.1,99,0.63
9,8,0.2,0,0.58
9,8,0.2,42,0.6
9,8,0.2,99,0.61
9,8,0.3,0,0.5866666666666667
9,8,0.3,42,0.5733333333333334
9,8,0.3,99,0.5866666666666667
9,8,0.4,0,0.5725
9,8,0.4,42,0.5975
9,8,0.4,99,0.5775
9,9,0.1,0,0.62
9,9,0.1,42,0.55
9,9,0.1,99,0.62
9,9,0.2,0,0.575
9,9,0.2,42,0.585
9,9,0.2,99,0.6
9,9,0.3,0,0.5733333333333334
9,9,0.3,42,0.5633333333333334
9,9,0.3,99,0.5633333333333334
9,9,0.4,0,0.5825
9,9,0.4,42,0.5975
9,9,0.4,99,0.5725
9,10,0.1,0,0.63
9,10,0.1,42,0.53
9,10,0.1,99,0.64
9,10,0.2,0,0.6
9,10,0.2,42,0.56
9,10,0.2,99,0.585
9,10,0.3,0,0.58
9,10,0.3,42,0.55
9,10,0.3,99,0.5566666666666666
9,10,0.4,0,0.5775
9,10,0.4,42,0.57
9,10,0.4,99,0.57
9,11,0.1,0,0.62
9,11,0.1,42,0.54
9,11,0.1,99,0.61
9,11,0.2,0,0.605
9,11,0.2,42,0.57
9,11,0.2,99,0.585
9,11,0.3,0,0.5966666666666667
9,11,0.3,42,0.56
9,11,0.3,99,0.5633333333333334
9,11,0.4,0,0.5775
9,11,0.4,42,0.5825
9,11,0.4,99,0.58
9,12,0.1,0,0.61
9,12,0.1,42,0.54
9,12,0.1,99,0.65
9,12,0.2,0,0.61
9,12,0.2,42,0.59
9,12,0.2,99,0.605
9,12,0.3,0,0.59
9,12,0.3,42,0.5733333333333334
9,12,0.3,99,0.57
9,12,0.4,0,0.5725
9,12,0.4,42,0.57
9,12,0.4,99,0.565
9,13,0.1,0,0.61
9,13,0.1,42,0.54
9,13,0.1,99,0.62
9,13,0.2,0,0.605
9,13,0.2,42,0.6
9,13,0.2,99,0.625
9,13,0.3,0,0.59
9,13,0.3,42,0.57
9,13,0.3,99,0.5733333333333334
9,13,0.4,0,0.5725
9,13,0.4,42,0.56
9,13,0.4,99,0.5825
9,14,0.1,0,0.58
9,14,0.1,42,0.55
9,14,0.1,99,0.63
9,14,0.2,0,0.595
9,14,0.2,42,0.6
9,14,0.2,99,0.595
9,14,0.3,0,0.5666666666666667
9,14,0.3,42,0.5633333333333334
9,14,0.3,99,0.5733333333333334
9,14,0.4,0,0.5675
9,14,0.4,42,0.58
9,14,0.4,99,0.565
9,15,0.1,0,0.61
9,15,0.1,42,0.56
9,15,0.1,99,0.63
9,15,0.2,0,0.605
9,15,0.2,42,0.61
9,15,0.2,99,0.6
9,15,0.3,0,0.5633333333333334
9,15,0.3,42,0.5733333333333334
9,15,0.3,99,0.5733333333333334
9,15,0.4,0,0.56
9,15,0.4,42,0.5625
9,15,0.4,99,0.5725
9,16,0.1,0,0.62
9,16,0.1,42,0.55
9,16,0.1,99,0.66
9,16,0.2,0,0.59
9,16,0.2,42,0.595
9,16,0.2,99,0.605
9,16,0.3,0,0.55
9,16,0.3,42,0.5633333333333334
9,16,0.3,99,0.5566666666666666
9,16,0.4,0,0.535
9,16,0.4,42,0.575
9,16,0.4,99,0.585
9,17,0.1,0,0.63
9,17,0.1,42,0.56
9,17,0.1,99,0.62
9,17,0.2,0,0.59
9,17,0.2,42,0.59
9,17,0.2,99,0.595
9,17,0.3,0,0.5633333333333334
9,17,0.3,42,0.5633333333333334
9,17,0.3,99,0.5733333333333334
9,17,0.4,0,0.555
9,17,0.4,42,0.5675
9,17,0.4,99,0.5775
9,18,0.1,0,0.63
9,18,0.1,42,0.55
9,18,0.1,99,0.62
9,18,0.2,0,0.58
9,18,0.2,42,0.575
9,18,0.2,99,0.605
9,18,0.3,0,0.5666666666666667
9,18,0.3,42,0.5633333333333334
9,18,0.3,99,0.5633333333333334
9,18,0.4,0,0.555
9,18,0.4,42,0.57
9,18,0.4,99,0.585
9,19,0.1,0,0.61
9,19,0.1,42,0.56
9,19,0.1,99,0.6
9,19,0.2,0,0.57
9,19,0.2,42,0.57
9,19,0.2,99,0.595
9,19,0.3,0,0.5666666666666667
9,19,0.3,42,0.5633333333333334
9,19,0.3,99,0.5733333333333334
9,19,0.4,0,0.5525
9,19,0.4,42,0.5825
9,19,0.4,99,0.5725
9,20,0.1,0,0.6
9,20,0.1,42,0.58
9,20,0.1,99,0.62
9,20,0.2,0,0.565
9,20,0.2,42,0.57
9,20,0.2,99,0.605
9,20,0.3,0,0.5733333333333334
9,20,0.3,42,0.5633333333333334
9,20,0.3,99,0.58
9,20,0.4,0,0.5475
9,20,0.4,42,0.5725
9,20,0.4,99,0.5725
9,21,0.1,0,0.61
9,21,0.1,42,0.57
9,21,0.1,99,0.62
9,21,0.2,0,0.57
9,21,0.2,42,0.575
9,21,0.2,99,0.595
9,21,0.3,0,0.5833333333333334
9,21,0.3,42,0.5733333333333334
9,21,0.3,99,0.5833333333333334
9,21,0.4,0,0.545
9,21,0.4,42,0.5725
9,21,0.4,99,0.56
9,22,0.1,0,0.59
9,22,0.1,42,0.56
9,22,0.1,99,0.62
9,22,0.2,0,0.57
9,22,0.2,42,0.565
9,22,0.2,99,0.585
9,22,0.3,0,0.57
9,22,0.3,42,0.56
9,22,0.3,99,0.5766666666666667
9,22,0.4,0,0.5475
9,22,0.4,42,0.5575
9,22,0.4,99,0.56
9,23,0.1,0,0.57
9,23,0.1,42,0.55
9,23,0.1,99,0.6
9,23,0.2,0,0.56
9,23,0.2,42,0.575
9,23,0.2,99,0.605
9,23,0.3,0,0.57
9,23,0.3,42,0.56
9,23,0.3,99,0.5666666666666667
9,23,0.4,0,0.5425
9,23,0.4,42,0.545
9,23,0.4,99,0.5525
9,24,0.1,0,0.57
9,24,0.1,42,0.56
9,24,0.1,99,0.62
9,24,0.2,0,0.555
9,24,0.2,42,0.56
9,24,0.2,99,0.605
9,24,0.3,0,0.5566666666666666
9,24,0.3,42,0.57
9,24,0.3,99,0.56
9,24,0.4,0,0.525
9,24,0.4,42,0.54
9,24,0.4,99,0.5575
9,25,0.1,0,0.59
9,25,0.1,42,0.55
9,25,0.1,99,0.62
9,25,0.2,0,0.58
9,25,0.2,42,0.57
9,25,0.2,99,0.605
9,25,0.3,0,0.5533333333333333
9,25,0.3,42,0.56
9,25,0.3,99,0.5533333333333333
9,25,0.4,0,0.5225
9,25,0.4,42,0.5475
9,25,0.4,99,0.5525
9,26,0.1,0,0.59
9,26,0.1,42,0.54
9,26,0.1,99,0.6
9,26,0.2,0,0.57
9,26,0.2,42,0.58
9,26,0.2,99,0.615
9,26,0.3,0,0.5466666666666666
9,26,0.3,42,0.5566666666666666
9,26,0.3,99,0.5466666666666666
9,26,0.4,0,0.5175
9,26,0.4,42,0.555
9,26,0.4,99,0.555
9,27,0.1,0,0.6
9,27,0.1,42,0.56
9,27,0.1,99,0.6
9,27,0.2,0,0.585
9,27,0.2,42,0.57
9,27,0.2,99,0.6
9,27,0.3,0,0.56
9,27,0.3,42,0.55
9,27,0.3,99,0.5433333333333333
9,27,0.4,0,0.525
9,27,0.4,42,0.5475
9,27,0.4,99,0.5475
9,28,0.1,0,0.6
9,28,0.1,42,0.56
9,28,0.1,99,0.58
9,28,0.2,0,0.57
9,28,0.2,42,0.56
9,28,0.2,99,0.585
9,28,0.3,0,0.5333333333333333
9,28,0.3,42,0.55
9,28,0.3,99,0.5433333333333333
9,28,0.4,0,0.5175
9,28,0.4,42,0.5525
9,28,0.4,99,0.535
9,29,0.1,0,0.59
9,29,0.1,42,0.53
9,29,0.1,99,0.63
9,29,0.2,0,0.575
9,29,0.2,42,0.56
9,29,0.2,99,0.6
9,29,0.3,0,0.5433333333333333
9,29,0.3,42,0.5533333333333333
9,29,0.3,99,0.5366666666666666
9,29,0.4,0,0.5
9,29,0.4,42,0.5375
9,29,0.4,99,0.5275
9,30,0.1,0,0.59
9,30,0.1,42,0.56
9,30,0.1,99,0.64
9,30,0.2,0,0.575
9,30,0.2,42,0.545
9,30,0.2,99,0.58
9,30,0.3,0,0.5466666666666666
9,30,0.3,42,0.56
9,30,0.3,99,0.54
9,30,0.4,0,0.5075
9,30,0.4,42,0.5375
9,30,0.4,99,0.5325
10,1,0.1,0,0.61
10,1,0.1,42,0.53
10,1,0.1,99,0.57
10,1,0.2,0,0.625
10,1,0.2,42,0.52
10,1,0.2,99,0.61
10,1,0.3,0,0.6033333333333334
10,1,0.3,42,0.5566666666666666
10,1,0.3,99,0.5733333333333334
10,1,0.4,0,0.5975
10,1,0.4,42,0.55
10,1,0.4,99,0.58
10,2,0.1,0,0.51
10,2,0.1,42,0.54
10,2,0.1,99,0.6
10,2,0.2,0,0.52
10,2,0.2,42,0.53
10,2,0.2,99,0.6
10,2,0.3,0,0.5333333333333333
10,2,0.3,42,0.55
10,2,0.3,99,0.5433333333333333
10,2,0.4,0,0.5325
10,2,0.4,42,0.5475
10,2,0.4,99,0.5525
10,3,0.1,0,0.58
10,3,0.1,42,0.52
10,3,0.1,99,0.64
10,3,0.2,0,0.57
10,3,0.2,42,0.54
10,3,0.2,99,0.64
10,3,0.3,0,0.5433333333333333
10,3,0.3,42,0.57
10,3,0.3,99,0.5866666666666667
10,3,0.4,0,0.5675
10,3,0.4,42,0.55
10,3,0.4,99,0.5725
10,4,0.1,0,0.57
10,4,0.1,42,0.59
10,4,0.1,99,0.63
10,4,0.2,0,0.575
10,4,0.2,42,0.605
10,4,0.2,99,0.65
10,4,0.3,0,0.5266666666666666
10,4,0.3,42,0.59
10,4,0.3,99,0.6033333333333334
10,4,0.4,0,0.5525
10,4,0.4,42,0.5625
10,4,0.4,99,0.58
10,5,0.1,0,0.57
10,5,0.1,42,0.57
10,5,0.1,99,0.64
10,5,0.2,0,0.585
10,5,0.2,42,0.6
10,5,0.2,99,0.62
10,5,0.3,0,0.55
10,5,0.3,42,0.5666666666666667
10,5,0.3,99,0.5833333333333334
10,5,0.4,0,0.59
10,5,0.4,42,0.555
10,5,0.4,99,0.5775
10,6,0.1,0,0.57
10,6,0.1,42,0.58
10,6,0.1,99,0.63
10,6,0.2,0,0.58
10,6,0.2,42,0.6
10,6,0.2,99,0.62
10,6,0.3,0,0.56
10,6,0.3,42,0.57
10,6,0.3,99,0.5833333333333334
10,6,0.4,0,0.57
10,6,0.4,42,0.5825
10,6,0.4,99,0.5725
10,7,0.1,0,0.61
10,7,0.1,42,0.57
10,7,0.1,99,0.63
10,7,0.2,0,0.605
10,7,0.2,42,0.605
10,7,0.2,99,0.625
10,7,0.3,0,0.6066666666666667
10,7,0.3,42,0.5866666666666667
10,7,0.3,99,0.5766666666666667
10,7,0.4,0,0.575
10,7,0.4,42,0.5925
10,7,0.4,99,0.585
10,8,0.1,0,0.6
10,8,0.1,42,0.56
10,8,0.1,99,0.64
10,8,0.2,0,0.6
10,8,0.2,42,0.59
10,8,0.2,99,0.625
10,8,0.3,0,0.6066666666666667
10,8,0.3,42,0.5833333333333334
10,8,0.3,99,0.59
10,8,0.4,0,0.585
10,8,0.4,42,0.595
10,8,0.4,99,0.5825
10,9,0.1,0,0.6
10,9,0.1,42,0.56
10,9,0.1,99,0.61
10,9,0.2,0,0.595
10,9,0.2,42,0.595
10,9,0.2,99,0.605
10,9,0.3,0,0.58
10,9,0.3,42,0.56
10,9,0.3,99,0.5666666666666667
10,9,0.4,0,0.5675
10,9,0.4,42,0.59
10,9,0.4,99,0.58
10,10,0.1,0,0.58
10,10,0.1,42,0.57
10,10,0.1,99,0.6
10,10,0.2,0,0.595
10,10,0.2,42,0.58
10,10,0.2,99,0.6
10,10,0.3,0,0.5966666666666667
10,10,0.3,42,0.5666666666666667
10,10,0.3,99,0.5833333333333334
10,10,0.4,0,0.5575
10,10,0.4,42,0.585
10,10,0.4,99,0.575
10,11,0.1,0,0.61
10,11,0.1,42,0.58
10,11,0.1,99,0.61
10,11,0.2,0,0.6
10,11,0.2,42,0.585
10,11,0.2,99,0.605
10,11,0.3,0,0.57
10,11,0.3,42,0.57
10,11,0.3,99,0.5833333333333334
10,11,0.4,0,0.5625
10,11,0.4,42,0.5625
10,11,0.4,99,0.6
10,12,0.1,0,0.6
10,12,0.1,42,0.59
10,12,0.1,99,0.66
10,12,0.2,0,0.61
10,12,0.2,42,0.595
10,12,0.2,99,0.615
10,12,0.3,0,0.5833333333333334
10,12,0.3,42,0.57
10,12,0.3,99,0.5966666666666667
10,12,0.4,0,0.575
10,12,0.4,42,0.57
10,12,0.4,99,0.5925
10,13,0.1,0,0.59
10,13,0.1,42,0.59
10,13,0.1,99,0.65
10,13,0.2,0,0.59
10,13,0.2,42,0.625
10,13,0.2,99,0.615
10,13,0.3,0,0.5633333333333334
10,13,0.3,42,0.5933333333333334
10,13,0.3,99,0.58
10,13,0.4,0,0.565
10,13,0.4,42,0.565
10,13,0.4,99,0.5825
10,14,0.1,0,0.62
10,14,0.1,42,0.61
10,14,0.1,99,0.67
10,14,0.2,0,0.585
10,14,0.2,42,0.605
10,14,0.2,99,0.61
10,14,0.3,0,0.5766666666666667
10,14,0.3,42,0.5633333333333334
10,14,0.3,99,0.5866666666666667
10,14,0.4,0,0.58
10,14,0.4,42,0.5625
10,14,0.4,99,0.5875
10,15,0.1,0,0.61
10,15,0.1,42,0.61
10,15,0.1,99,0.63
10,15,0.2,0,0.605
10,15,0.2,42,0.61
10,15,0.2,99,0.615
10,15,0.3,0,0.5733333333333334
10,15,0.3,42,0.5433333333333333
10,15,0.3,99,0.5966666666666667
10,15,0.4,0,0.5675
10,15,0.4,42,0.5575
10,15,0.4,99,0.5875
10,16,0.1,0,0.58
10,16,0.1,42,0.57
10,16,0.1,99,0.64
10,16,0.2,0,0.61
10,16,0.2,42,0.59
10,16,0.2,99,0.61
10,16,0.3,0,0.58
10,16,0.3,42,0.5666666666666667
10,16,0.3,99,0.5866666666666667
10,16,0.4,0,0.565
10,16,0.4,42,0.555
10,16,0.4,99,0.5825
10,17,0.1,0,0.6
10,17,0.1,42,0.6
10,17,0.1,99,0.63
10,17,0.2,0,0.62
10,17,0.2,42,0.585
10,17,0.2,99,0.61
10,17,0.3,0,0.5766666666666667
10,17,0.3,42,0.5733333333333334
10,17,0.3,99,0.57
10,17,0.4,0,0.565
10,17,0.4,42,0.575
10,17,0.4,99,0.57
10,18,0.1,0,0.6
10,18,0.1,42,0.62
10,18,0.1,99,0.63
10,18,0.2,0,0.605
10,18,0.2,42,0.615
10,18,0.2,99,0.62
10,18,0.3,0,0.5866666666666667
10,18,0.3,42,0.5766666666666667
10,18,0.3,99,0.58
10,18,0.4,0,0.565
10,18,0.4,42,0.5575
10,18,0.4,99,0.5525
10,19,0.1,0,0.59
10,19,0.1,42,0.6
10,19,0.1,99,0.64
10,19,0.2,0,0.61
10,19,0.2,42,0.59
10,19,0.2,99,0.62
10,19,0.3,0,0.5733333333333334
10,19,0.3,42,0.56
10,19,0.3,99,0.58
10,19,0.4,0,0.545
10,19,0.4,42,0.5525
10,19,0.4,99,0.5525
10,20,0.1,0,0.6
10,20,0.1,42,0.62
10,20,0.1,99,0.65
10,20,0.2,0,0.6
10,20,0.2,42,0.59
10,20,0.2,99,0.605
10,20,0.3,0,0.5633333333333334
10,20,0.3,42,0.5566666666666666
10,20,0.3,99,0.5666666666666667
10,20,0.4,0,0.5525
10,20,0.4,42,0.5525
10,20,0.4,99,0.5475
10,21,0.1,0,0.61
10,21,0.1,42,0.61
10,21,0.1,99,0.63
10,21,0.2,0,0.59
10,21,0.2,42,0.58
10,21,0.2,99,0.61
10,21,0.3,0,0.5766666666666667
10,21,0.3,42,0.5566666666666666
10,21,0.3,99,0.57
10,21,0.4,0,0.53
10,21,0.4,42,0.5575
10,21,0.4,99,0.5325
10,22,0.1,0,0.59
10,22,0.1,42,0.57
10,22,0.1,99,0.62
10,22,0.2,0,0.6
10,22,0.2,42,0.56
10,22,0.2,99,0.59
10,22,0.3,0,0.5666666666666667
10,22,0.3,42,0.5533333333333333
10,22,0.3,99,0.5566666666666666
10,22,0.4,0,0.5275
10,22,0.4,42,0.5525
10,22,0.4,99,0.5325
10,23,0.1,0,0.6
10,23,0.1,42,0.58
10,23,0.1,99,0.59
10,23,0.2,0,0.585
10,23,0.2,42,0.565
10,23,0.2,99,0.595
10,23,0.3,0,0.56
10,23,0.3,42,0.5533333333333333
10,23,0.3,99,0.5433333333333333
10,23,0.4,0,0.52
10,23,0.4,42,0.5475
10,23,0.4,99,0.5425
10,24,0.1,0,0.6
10,24,0.1,42,0.58
10,24,0.1,99,0.61
10,24,0.2,0,0.585
10,24,0.2,42,0.555
10,24,0.2,99,0.62
10,24,0.3,0,0.54
10,24,0.3,42,0.54
10,24,0.3,99,0.5466666666666666
10,24,0.4,0,0.5125
10,24,0.4,42,0.5525
10,24,0.4,99,0.5525
10,25,0.1,0,0.6
10,25,0.1,42,0.58
10,25,0.1,99,0.6
10,25,0.2,0,0.57
10,25,0.2,42,0.555
10,25,0.2,99,0.605
10,25,0.3,0,0.5333333333333333
10,25,0.3,42,0.5633333333333334
10,25,0.3,99,0.5433333333333333
10,25,0.4,0,0.505
10,25,0.4,42,0.555
10,25,0.4,99,0.545
10,26,0.1,0,0.6
10,26,0.1,42,0.52
10,26,0.1,99,0.61
10,26,0.2,0,0.565
10,26,0.2,42,0.55
10,26,0.2,99,0.6
10,26,0.3,0,0.5466666666666666
10,26,0.3,42,0.5666666666666667
10,26,0.3,99,0.5466666666666666
10,26,0.4,0,0.515
10,26,0.4,42,0.5425
10,26,0.4,99,0.5425
10,27,0.1,0,0.61
10,27,0.1,42,0.53
10,27,0.1,99,0.63
10,27,0.2,0,0.565
10,27,0.2,42,0.54
10,27,0.2,99,0.59
10,27,0.3,0,0.5466666666666666
10,27,0.3,42,0.5633333333333334
10,27,0.3,99,0.56
10,27,0.4,0,0.5025
10,27,0.4,42,0.5325
10,27,0.4,99,0.5425
10,28,0.1,0,0.58
10,28,0.1,42,0.55
10,28,0.1,99,0.63
10,28,0.2,0,0.55
10,28,0.2,42,0.545
10,28,0.2,99,0.575
10,28,0.3,0,0.53
10,28,0.3,42,0.5566666666666666
10,28,0.3,99,0.5466666666666666
10,28,0.4,0,0.515
10,28,0.4,42,0.53
10,28,0.4,99,0.5425
10,29,0.1,0,0.55
10,29,0.1,42,0.53
10,29,0.1,99,0.61
10,29,0.2,0,0.53
10,29,0.2,42,0.535
10,29,0.2,99,0.59
10,29,0.3,0,0.5266666666666666
10,29,0.3,42,0.5466666666666666
10,29,0.3,99,0.5466666666666666
10,29,0.4,0,0.5
10,29,0.4,42,0.5275
10,29,0.4,99,0.525
10,30,0.1,0,0.57
10,30,0.1,42,0.54
10,30,0.1,99,0.62
10,30,0.2,0,0.535
10,30,0.2,42,0.54
10,30,0.2,99,0.56
10,30,0.3,0,0.52
10,30,0.3,42,0.5533333333333333
10,30,0.3,99,0.5466666666666666
10,30,0.4,0,0.5025
10,30,0.4,42,0.535
10,30,0.4,99,0.515
11,1,0.1,0,0.65
11,1,0.1,42,0.55
11,1,0.1,99,0.58
11,1,0.2,0,0.645
11,1,0.2,42,0.555
11,1,0.2,99,0.6
11,1,0.3,0,0.61
11,1,0.3,42,0.5966666666666667
11,1,0.3,99,0.5833333333333334
11,1,0.4,0,0.6
11,1,0.4,42,0.575
11,1,0.4,99,0.57
11,2,0.1,0,0.55
11,2,0.1,42,0.57
11,2,0.1,99,0.6
11,2,0.2,0,0.55
11,2,0.2,42,0.54
11,2,0.2,99,0.6
11,2,0.3,0,0.5533333333333333
11,2,0.3,42,0.5633333333333334
11,2,0.3,99,0.5466666666666666
11,2,0.4,0,0.555
11,2,0.4,42,0.56
11,2,0.4,99,0.56
11,3,0.1,0,0.61
11,3,0.1,42,0.56
11,3,0.1,99,0.62
11,3,0.2,0,0.6
11,3,0.2,42,0.56
11,3,0.2,99,0.625
11,3,0.3,0,0.5833333333333334
11,3,0.3,42,0.6033333333333334
11,3,0.3,99,0.5766666666666667
11,3,0.4,0,0.5775
11,3,0.4,42,0.5825
11,3,0.4,99,0.57
11,4,0.1,0,0.62
11,4,0.1,42,0.6
11,4,0.1,99,0.59
11,4,0.2,0,0.595
11,4,0.2,42,0.605
11,4,0.2,99,0.615
11,4,0.3,0,0.5566666666666666
11,4,0.3,42,0.6066666666666667
11,4,0.3,99,0.59
11,4,0.4,0,0.57
11,4,0.4,42,0.5875
11,4,0.4,99,0.58
11,5,0.1,0,0.6
11,5,0.1,42,0.57
11,5,0.1,99,0.61
11,5,0.2,0,0.605
11,5,0.2,42,0.61
11,5,0.2,99,0.615
11,5,0.3,0,0.5833333333333334
11,5,0.3,42,0.5866666666666667
11,5,0.3,99,0.5966666666666667
11,5,0.4,0,0.61
11,5,0.4,42,0.58
11,5,0.4,99,0.595
11,6,0.1,0,0.62
11,6,0.1,42,0.62
11,6,0.1,99,0.61
11,6,0.2,0,0.65
11,6,0.2,42,0.635
11,6,0.2,99,0.625
11,6,0.3,0,0.6066666666666667
11,6,0.3,42,0.5966666666666667
11,6,0.3,99,0.6033333333333334
11,6,0.4,0,0.5975
11,6,0.4,42,0.5925
11,6,0.4,99,0.5975
11,7,0.1,0,0.64
11,7,0.1,42,0.63
11,7,0.1,99,0.64
11,7,0.2,0,0.665
11,7,0.2,42,0.615
11,7,0.2,99,0.62
11,7,0.3,0,0.5866666666666667
11,7,0.3,42,0.59
11,7,0.3,99,0.6
11,7,0.4,0,0.5775
11,7,0.4,42,0.5975
11,7,0.4,99,0.61
11,8,0.1,0,0.65
11,8,0.1,42,0.61
11,8,0.1,99,0.63
11,8,0.2,0,0.625
11,8,0.2,42,0.61
11,8,0.2,99,0.63
11,8,0.3,0,0.5933333333333334
11,8,0.3,42,0.5966666666666667
11,8,0.3,99,0.5833333333333334
11,8,0.4,0,0.585
11,8,0.4,42,0.6
11,8,0.4,99,0.5975
11,9,0.1,0,0.66
11,9,0.1,42,0.58
11,9,0.1,99,0.62
11,9,0.2,0,0.64
11,9,0.2,42,0.58
11,9,0.2,99,0.63
11,9,0.3,0,0.59
11,9,0.3,42,0.5866666666666667
11,9,0.3,99,0.5933333333333334
11,9,0.4,0,0.5825
11,9,0.4,42,0.5775
11,9,0.4,99,0.59
11,10,0.1,0,0.63
11,10,0.1,42,0.61
11,10,0.1,99,0.63
11,10,0.2,0,0.63
11,10,0.2,42,0.59
11,10,0.2,99,0.63
11,10,0.3,0,0.6133333333333333
11,10,0.3,42,0.5866666666666667
11,10,0.3,99,0.5766666666666667
11,10,0.4,0,0.5825
11,10,0.4,42,0.5675
11,10,0.4,99,0.585
11,11,0.1,0,0.64
11,11,0.1,42,0.57
11,11,0.1,99,0.65
11,11,0.2,0,0.64
11,11,0.2,42,0.6
11,11,0.2,99,0.615
11,11,0.3,0,0.6
11,11,0.3,42,0.5766666666666667
11,11,0.3,99,0.5866666666666667
11,11,0.4,0,0.595
11,11,0.4,42,0.56
11,11,0.4,99,0.595
11,12,0.1,0,0.61
11,12,0.1,42,0.58
11,12,0.1,99,0.65
11,12,0.2,0,0.645
11,12,0.2,42,0.615
11,12,0.2,99,0.615
11,12,0.3,0,0.6
11,12,0.3,42,0.56
11,12,0.3,99,0.59
11,12,0.4,0,0.5925
11,12,0.4,42,0.555
11,12,0.4,99,0.5925
11,13,0.1,0,0.63
11,13,0.1,42,0.58
11,13,0.1,99,0.66
11,13,0.2,0,0.635
11,13,0.2,42,0.59
11,13,0.2,99,0.625
11,13,0.3,0,0.6033333333333334
11,13,0.3,42,0.55
11,13,0.3,99,0.5866666666666667
11,13,0.4,0,0.5825
11,13,0.4,42,0.56
11,13,0.4,99,0.6025
11,14,0.1,0,0.63
11,14,0.1,42,0.57
11,14,0.1,99,0.65
11,14,0.2,0,0.625
11,14,0.2,42,0.575
11,14,0.2,99,0.64
11,14,0.3,0,0.6166666666666667
11,14,0.3,42,0.55
11,14,0.3,99,0.5966666666666667
11,14,0.4,0,0.5725
11,14,0.4,42,0.57
11,14,0.4,99,0.5825
11,15,0.1,0,0.64
11,15,0.1,42,0.58
11,15,0.1,99,0.64
11,15,0.2,0,0.635
11,15,0.2,42,0.585
11,15,0.2,99,0.65
11,15,0.3,0,0.5966666666666667
11,15,0.3,42,0.5533333333333333
11,15,0.3,99,0.5866666666666667
11,15,0.4,0,0.5675
11,15,0.4,42,0.57
11,15,0.4,99,0.575
11,16,0.1,0,0.63
11,16,0.1,42,0.6
11,16,0.1,99,0.65
11,16,0.2,0,0.645
11,16,0.2,42,0.58
11,16,0.2,99,0.635
11,16,0.3,0,0.6
11,16,0.3,42,0.57
11,16,0.3,99,0.5866666666666667
11,16,0.4,0,0.555
11,16,0.4,42,0.58
11,16,0.4,99,0.57
11,17,0.1,0,0.62
11,17,0.1,42,0.6
11,17,0.1,99,0.65
11,17,0.2,0,0.63
11,17,0.2,42,0.57
11,17,0.2,99,0.63
11,17,0.3,0,0.6
11,17,0.3,42,0.58
11,17,0.3,99,0.5666666666666667
11,17,0.4,0,0.555
11,17,0.4,42,0.5775
11,17,0.4,99,0.5775
11,18,0.1,0,0.61
11,18,0.1,42,0.59
11,18,0.1,99,0.64
11,18,0.2,0,0.63
11,18,0.2,42,0.57
11,18,0.2,99,0.64
11,18,0.3,0,0.59
11,18,0.3,42,0.5866666666666667
11,18,0.3,99,0.57
11,18,0.4,0,0.535
11,18,0.4,42,0.5675
11,18,0.4,99,0.575
11,19,0.1,0,0.63
11,19,0.1,42,0.6
11,19,0.1,99,0.62
11,19,0.2,0,0.63
11,19,0.2,42,0.57
11,19,0.2,99,0.61
11,19,0.3,0,0.57
11,19,0.3,42,0.5866666666666667
11,19,0.3,99,0.58
11,19,0.4,0,0.5325
11,19,0.4,42,0.57
11,19,0.4,99,0.565
11,20,0.1,0,0.64
11,20,0.1,42,0.6
11,20,0.1,99,0.63
11,20,0.2,0,0.62
11,20,0.2,42,0.575
11,20,0.2,99,0.625
11,20,0.3,0,0.5566666666666666
11,20,0.3,42,0.5633333333333334
11,20,0.3,99,0.5766666666666667
11,20,0.4,0,0.5225
11,20,0.4,42,0.57
11,20,0.4,99,0.565
11,21,0.1,0,0.63
11,21,0.1,42,0.56
11,21,0.1,99,0.61
11,21,0.2,0,0.61
11,21,0.2,42,0.575
11,21,0.2,99,0.63
11,21,0.3,0,0.5666666666666667
11,21,0.3,42,0.59
11,21,0.3,99,0.5766666666666667
11,21,0.4,0,0.5225
11,21,0.4,42,0.5625
11,21,0.4,99,0.555
11,22,0.1,0,0.61
11,22,0.1,42,0.57
11,22,0.1,99,0.63
11,22,0.2,0,0.595
11,22,0.2,42,0.565
11,22,0.2,99,0.625
11,22,0.3,0,0.57
11,22,0.3,42,0.5866666666666667
11,22,0.3,99,0.5666666666666667
11,22,0.4,0,0.5075
11,22,0.4,42,0.565
11,22,0.4,99,0.5425
11,23,0.1,0,0.6
11,23,0.1,42,0.56
11,23,0.1,99,0.63
11,23,0.2,0,0.6
11,23,0.2,42,0.55
11,23,0.2,99,0.625
11,23,0.3,0,0.56
11,23,0.3,42,0.5766666666666667
11,23,0.3,99,0.55
11,23,0.4,0,0.5125
11,23,0.4,42,0.5475
11,23,0.4,99,0.54
11,24,0.1,0,0.61
11,24,0.1,42,0.54
11,24,0.1,99,0.63
11,24,0.2,0,0.61
11,24,0.2,42,0.55
11,24,0.2,99,0.595
11,24,0.3,0,0.55
11,24,0.3,42,0.5666666666666667
11,24,0.3,99,0.5566666666666666
11,24,0.4,0,0.5075
11,24,0.4,42,0.5375
11,24,0.4,99,0.5425
11,25,0.1,0,0.63
11,25,0.1,42,0.58
11,25,0.1,99,0.62
11,25,0.2,0,0.6
11,25,0.2,42,0.55
11,25,0.2,99,0.585
11,25,0.3,0,0.56
11,25,0.3,42,0.5633333333333334
11,25,0.3,99,0.55
11,25,0.4,0,0.5175
11,25,0.4,42,0.5425
11,25,0.4,99,0.5475
11,26,0.1,0,0.6
11,26,0.1,42,0.57
11,26,0.1,99,0.62
11,26,0.2,0,0.6
11,26,0.2,42,0.555
11,26,0.2,99,0.58
11,26,0.3,0,0.5466666666666666
11,26,0.3,42,0.5633333333333334
11,26,0.3,99,0.5366666666666666
11,26,0.4,0,0.5125
11,26,0.4,42,0.53
11,26,0.4,99,0.545
11,27,0.1,0,0.6
11,27,0.1,42,0.58
11,27,0.1,99,0.6
11,27,0.2,0,0.595
11,27,0.2,42,0.55
11,27,0.2,99,0.575
11,27,0.3,0,0.5466666666666666
11,27,0.3,42,0.5566666666666666
11,27,0.3,99,0.5433333333333333
11,27,0.4,0,0.51
11,27,0.4,42,0.5325
11,27,0.4,99,0.53
11,28,0.1,0,0.61
11,28,0.1,42,0.56
11,28,0.1,99,0.58
11,28,0.2,0,0.595
11,28,0.2,42,0.545
11,28,0.2,99,0.595
11,28,0.3,0,0.5433333333333333
11,28,0.3,42,0.56
11,28,0.3,99,0.54
11,28,0.4,0,0.5175
11,28,0.4,42,0.535
11,28,0.4,99,0.5275
11,29,0.1,0,0.58
11,29,0.1,42,0.55
11,29,0.1,99,0.59
11,29,0.2,0,0.575
11,29,0.2,42,0.56
11,29,0.2,99,0.575
11,29,0.3,0,0.54
11,29,0.3,42,0.5566666666666666
11,29,0.3,99,0.5333333333333333
11,29,0.4,0,0.515
11,29,0.4,42,0.5275
11,29,0.4,99,0.52
11,30,0.1,0,0.6
11,30,0.1,42,0.56
11,30,0.1,99,0.59
11,30,0.2,0,0.57
11,30,0.2,42,0.555
11,30,0.2,99,0.565
11,30,0.3,0,0.54
11,30,0.3,42,0.5533333333333333
11,30,0.3,99,0.54
11,30,0.4,0,0.505
11,30,0.4,42,0.535
11,30,0.4,99,0.5125
12,1,0.1,0,0.62
12,1,0.1,42,0.57
12,1,0.1,99,0.58
12,1,0.2,0,0.62
12,1,0.2,42,0.535
12,1,0.2,99,0.585
12,1,0.3,0,0.5866666666666667
12,1,0.3,42,0.5566666666666666
12,1,0.3,99,0.5766666666666667
12,1,0.4,0,0.585
12,1,0.4,42,0.56
12,1,0.4,99,0.59
12,2,0.1,0,0.52
12,2,0.1,42,0.52
12,2,0.1,99,0.64
12,2,0.2,0,0.55
12,2,0.2,42,0.52
12,2,0.2,99,0.605
12,2,0.3,0,0.53
12,2,0.3,42,0.5566666666666666
12,2,0.3,99,0.56
12,2,0.4,0,0.5275
12,2,0.4,42,0.5625
12,2,0.4,99,0.58
12,3,0.1,0,0.63
12,3,0.1,42,0.54
12,3,0.1,99,0.59
12,3,0.2,0,0.6
12,3,0.2,42,0.565
12,3,0.2,99,0.61
12,3,0.3,0,0.5633333333333334
12,3,0.3,42,0.6033333333333334
12,3,0.3,99,0.5666666666666667
12,3,0.4,0,0.5725
12,3,0.4,42,0.5975
12,3,0.4,99,0.585
12,4,0.1,0,0.65
12,4,0.1,42,0.58
12,4,0.1,99,0.6
12,4,0.2,0,0.595
12,4,0.2,42,0.605
12,4,0.2,99,0.605
12,4,0.3,0,0.5933333333333334
12,4,0.3,42,0.6033333333333334
12,4,0.3,99,0.5966666666666667
12,4,0.4,0,0.58
12,4,0.4,42,0.6025
12,4,0.4,99,0.59
12,5,0.1,0,0.62
12,5,0.1,42,0.55
12,5,0.1,99,0.58
12,5,0.2,0,0.615
12,5,0.2,42,0.595
12,5,0.2,99,0.63
12,5,0.3,0,0.5933333333333334
12,5,0.3,42,0.6
12,5,0.3,99,0.5933333333333334
12,5,0.4,0,0.595
12,5,0.4,42,0.605
12,5,0.4,99,0.585
12,6,0.1,0,0.63
12,6,0.1,42,0.59
12,6,0.1,99,0.63
12,6,0.2,0,0.635
12,6,0.2,42,0.62
12,6,0.2,99,0.625
12,6,0.3,0,0.61
12,6,0.3,42,0.5733333333333334
12,6,0.3,99,0.59
12,6,0.4,0,0.6075
12,6,0.4,42,0.5775
12,6,0.4,99,0.605
12,7,0.1,0,0.63
12,7,0.1,42,0.59
12,7,0.1,99,0.62
12,7,0.2,0,0.63
12,7,0.2,42,0.625
12,7,0.2,99,0.605
12,7,0.3,0,0.58
12,7,0.3,42,0.5833333333333334
12,7,0.3,99,0.59
12,7,0.4,0,0.575
12,7,0.4,42,0.5875
12,7,0.4,99,0.5975
12,8,0.1,0,0.62
12,8,0.1,42,0.58
12,8,0.1,99,0.63
12,8,0.2,0,0.61
12,8,0.2,42,0.6
12,8,0.2,99,0.6
12,8,0.3,0,0.5766666666666667
12,8,0.3,42,0.6
12,8,0.3,99,0.5733333333333334
12,8,0.4,0,0.57
12,8,0.4,42,0.6025
12,8,0.4,99,0.595
12,9,0.1,0,0.59
12,9,0.1,42,0.58
12,9,0.1,99,0.62
12,9,0.2,0,0.62
12,9,0.2,42,0.58
12,9,0.2,99,0.58
12,9,0.3,0,0.59
12,9,0.3,42,0.59
12,9,0.3,99,0.5866666666666667
12,9,0.4,0,0.595
12,9,0.4,42,0.5625
12,9,0.4,99,0.595
12,10,0.1,0,0.59
12,10,0.1,42,0.57
12,10,0.1,99,0.61
12,10,0.2,0,0.61
12,10,0.2,42,0.595
12,10,0.2,99,0.6
12,10,0.3,0,0.5866666666666667
12,10,0.3,42,0.6
12,10,0.3,99,0.5966666666666667
12,10,0.4,0,0.595
12,10,0.4,42,0.5725
12,10,0.4,99,0.585
12,11,0.1,0,0.59
12,11,0.1,42,0.59
12,11,0.1,99,0.6
12,11,0.2,0,0.62
12,11,0.2,42,0.605
12,11,0.2,99,0.61
12,11,0.3,0,0.6133333333333333
12,11,0.3,42,0.5666666666666667
12,11,0.3,99,0.59
12,11,0.4,0,0.59
12,11,0.4,42,0.575
12,11,0.4,99,0.5925
12,12,0.1,0,0.61
12,12,0.1,42,0.58
12,12,0.1,99,0.62
12,12,0.2,0,0.63
12,12,0.2,42,0.615
12,12,0.2,99,0.63
12,12,0.3,0,0.6066666666666667
12,12,0.3,42,0.5533333333333333
12,12,0.3,99,0.5866666666666667
12,12,0.4,0,0.59
12,12,0.4,42,0.58
12,12,0.4,99,0.6025
12,13,0.1,0,0.64
12,13,0.1,42,0.59
12,13,0.1,99,0.66
12,13,0.2,0,0.63
12,13,0.2,42,0.59
12,13,0.2,99,0.65
12,13,0.3,0,0.6066666666666667
12,13,0.3,42,0.5566666666666666
12,13,0.3,99,0.59
12,13,0.4,0,0.575
12,13,0.4,42,0.5825
12,13,0.4,99,0.5875
12,14,0.1,0,0.64
12,14,0.1,42,0.57
12,14,0.1,99,0.61
12,14,0.2,0,0.625
12,14,0.2,42,0.58
12,14,0.2,99,0.645
12,14,0.3,0,0.61
12,14,0.3,42,0.5666666666666667
12,14,0.3,99,0.6
12,14,0.4,0,0.565
12,14,0.4,42,0.57
12,14,0.4,99,0.5925
12,15,0.1,0,0.63
12,15,0.1,42,0.62
12,15,0.1,99,0.63
12,15,0.2,0,0.625
12,15,0.2,42,0.58
12,15,0.2,99,0.63
12,15,0.3,0,0.6133333333333333
12,15,0.3,42,0.5733333333333334
12,15,0.3,99,0.5966666666666667
12,15,0.4,0,0.5525
12,15,0.4,42,0.5725
12,15,0.4,99,0.5875
12,16,0.1,0,0.6
12,16,0.1,42,0.6
12,16,0.1,99,0.64
12,16,0.2,0,0.625
12,16,0.2,42,0.58
12,16,0.2,99,0.64
12,16,0.3,0,0.5866666666666667
12,16,0.3,42,0.5633333333333334
12,16,0.3,99,0.5766666666666667
12,16,0.4,0,0.5475
12,16,0.4,42,0.575
12,16,0.4,99,0.5775
12,17,0.1,0,0.6
12,17,0.1,42,0.56
12,17,0.1,99,0.62
12,17,0.2,0,0.635
12,17,0.2,42,0.565
12,17,0.2,99,0.62
12,17,0.3,0,0.58
12,17,0.3,42,0.5833333333333334
12,17,0.3,99,0.5666666666666667
12,17,0.4,0,0.545
12,17,0.4,42,0.56
12,17,0.4,99,0.565
12,18,0.1,0,0.61
12,18,0.1,42,0.56
12,18,0.1,99,0.64
12,18,0.2,0,0.63
12,18,0.2,42,0.565
12,18,0.2,99,0.62
12,18,0.3,0,0.5766666666666667
12,18,0.3,42,0.57
12,18,0.3,99,0.5733333333333334
12,18,0.4,0,0.5175
12,18,0.4,42,0.57
12,18,0.4,99,0.5575
12,19,0.1,0,0.62
12,19,0.1,42,0.57
12,19,0.1,99,0.64
12,19,0.2,0,0.64
12,19,0.2,42,0.555
12,19,0.2,99,0.635
12,19,0.3,0,0.5766666666666667
12,19,0.3,42,0.5633333333333334
12,19,0.3,99,0.5733333333333334
12,19,0.4,0,0.5175
12,19,0.4,42,0.5525
12,19,0.4,99,0.565
12,20,0.1,0,0.59
12,20,0.1,42,0.55
12,20,0.1,99,0.66
12,20,0.2,0,0.6
12,20,0.2,42,0.56
12,20,0.2,99,0.63
12,20,0.3,0,0.5666666666666667
12,20,0.3,42,0.5666666666666667
12,20,0.3,99,0.57
12,20,0.4,0,0.525
12,20,0.4,42,0.545
12,20,0.4,99,0.5575
12,21,0.1,0,0.59
12,21,0.1,42,0.54
12,21,0.1,99,0.65
12,21,0.2,0,0.61
12,21,0.2,42,0.555
12,21,0.2,99,0.625
12,21,0.3,0,0.5633333333333334
12,21,0.3,42,0.5533333333333333
12,21,0.3,99,0.55
12,21,0.4,0,0.515
12,21,0.4,42,0.55
12,21,0.4,99,0.555
12,22,0.1,0,0.61
12,22,0.1,42,0.54
12,22,0.1,99,0.64
12,22,0.2,0,0.61
12,22,0.2,42,0.555
12,22,0.2,99,0.625
12,22,0.3,0,0.55
12,22,0.3,42,0.54
12,22,0.3,99,0.5433333333333333
12,22,0.4,0,0.5125
12,22,0.4,42,0.5525
12,22,0.4,99,0.5375
12,23,0.1,0,0.61
12,23,0.1,42,0.56
12,23,0.1,99,0.65
12,23,0.2,0,0.605
12,23,0.2,42,0.565
12,23,0.2,99,0.605
12,23,0.3,0,0.55
12,23,0.3,42,0.5566666666666666
12,23,0.3,99,0.5466666666666666
12,23,0.4,0,0.515
12,23,0.4,42,0.545
12,23,0.4,99,0.5425
12,24,0.1,0,0.6
12,24,0.1,42,0.53
12,24,0.1,99,0.64
12,24,0.2,0,0.595
12,24,0.2,42,0.56
12,24,0.2,99,0.575
12,24,0.3,0,0.5366666666666666
12,24,0.3,42,0.5533333333333333
12,24,0.3,99,0.5533333333333333
12,24,0.4,0,0.5125
12,24,0.4,42,0.5475
12,24,0.4,99,0.5475
12,25,0.1,0,0.63
12,25,0.1,42,0.55
12,25,0.1,99,0.63
12,25,0.2,0,0.595
12,25,0.2,42,0.545
12,25,0.2,99,0.585
12,25,0.3,0,0.53
12,25,0.3,42,0.54
12,25,0.3,99,0.5433333333333333
12,25,0.4,0,0.52
12,25,0.4,42,0.5525
12,25,0.4,99,0.53
12,26,0.1,0,0.61
12,26,0.1,42,0.53
12,26,0.1,99,0.63
12,26,0.2,0,0.605
12,26,0.2,42,0.54
12,26,0.2,99,0.585
12,26,0.3,0,0.55
12,26,0.3,42,0.55
12,26,0.3,99,0.54
12,26,0.4,0,0.515
12,26,0.4,42,0.535
12,26,0.4,99,0.5275
12,27,0.1,0,0.62
12,27,0.1,42,0.49
12,27,0.1,99,0.61
12,27,0.2,0,0.59
12,27,0.2,42,0.54
12,27,0.2,99,0.59
12,27,0.3,0,0.56
12,27,0.3,42,0.54
12,27,0.3,99,0.5533333333333333
12,27,0.4,0,0.5075
12,27,0.4,42,0.535
12,27,0.4,99,0.5225
12,28,0.1,0,0.61
12,28,0.1,42,0.5
12,28,0.1,99,0.59
12,28,0.2,0,0.58
12,28,0.2,42,0.545
12,28,0.2,99,0.58
12,28,0.3,0,0.53
12,28,0.3,42,0.5266666666666666
12,28,0.3,99,0.54
12,28,0.4,0,0.505
12,28,0.4,42,0.5325
12,28,0.4,99,0.515
12,29,0.1,0,0.59
12,29,0.1,42,0.48
12,29,0.1,99,0.59
12,29,0.2,0,0.57
12,29,0.2,42,0.555
12,29,0.2,99,0.58
12,29,0.3,0,0.5366666666666666
12,29,0.3,42,0.5433333333333333
12,29,0.3,99,0.5433333333333333
12,29,0.4,0,0.5125
12,29,0.4,42,0.5325
12,29,0.4,99,0.51
12,30,0.1,0,0.58
12,30,0.1,42,0.5
12,30,0.1,99,0.61
12,30,0.2,0,0.58
12,30,0.2,42,0.55
12,30,0.2,99,0.565
12,30,0.3,0,0.53
12,30,0.3,42,0.5433333333333333
12,30,0.3,99,0.5366666666666666
12,30,0.4,0,0.4875
12,30,0.4,42,0.5275
12,30,0.4,99,0.5175
13,1,0.1,0,0.6
13,1,0.1,42,0.54
13,1,0.1,99,0.61
13,1,0.2,0,0.605
13,1,0.2,42,0.52
13,1,0.2,99,0.6
13,1,0.3,0,0.5666666666666667
13,1,0.3,42,0.5766666666666667
13,1,0.3,99,0.5833333333333334
13,1,0.4,0,0.5575
13,1,0.4,42,0.565
13,1,0.4,99,0.585
13,2,0.1,0,0.51
13,2,0.1,42,0.56
13,2,0.1,99,0.63
13,2,0.2,0,0.515
13,2,0.2,42,0.525
13,2,0.2,99,0.6
13,2,0.3,0,0.5166666666666667
13,2,0.3,42,0.5866666666666667
13,2,0.3,99,0.5766666666666667
13,2,0.4,0,0.515
13,2,0.4,42,0.5775
13,2,0.4,99,0.5925
13,3,0.1,0,0.61
13,3,0.1,42,0.59
13,3,0.1,99,0.63
13,3,0.2,0,0.595
13,3,0.2,42,0.575
13,3,0.2,99,0.625
13,3,0.3,0,0.56
13,3,0.3,42,0.5933333333333334
13,3,0.3,99,0.59
13,3,0.4,0,0.57
13,3,0.4,42,0.5725
13,3,0.4,99,0.595
13,4,0.1,0,0.63
13,4,0.1,42,0.6
13,4,0.1,99,0.61
13,4,0.2,0,0.6
13,4,0.2,42,0.585
13,4,0.2,99,0.615
13,4,0.3,0,0.58
13,4,0.3,42,0.5933333333333334
13,4,0.3,99,0.5866666666666667
13,4,0.4,0,0.585
13,4,0.4,42,0.595
13,4,0.4,99,0.6
13,5,0.1,0,0.62
13,5,0.1,42,0.57
13,5,0.1,99,0.58
13,5,0.2,0,0.63
13,5,0.2,42,0.585
13,5,0.2,99,0.595
13,5,0.3,0,0.6066666666666667
13,5,0.3,42,0.5633333333333334
13,5,0.3,99,0.5966666666666667
13,5,0.4,0,0.5975
13,5,0.4,42,0.59
13,5,0.4,99,0.62
13,6,0.1,0,0.62
13,6,0.1,42,0.58
13,6,0.1,99,0.61
13,6,0.2,0,0.615
13,6,0.2,42,0.58
13,6,0.2,99,0.62
13,6,0.3,0,0.61
13,6,0.3,42,0.5666666666666667
13,6,0.3,99,0.5933333333333334
13,6,0.4,0,0.6025
13,6,0.4,42,0.5925
13,6,0.4,99,0.6175
13,7,0.1,0,0.64
13,7,0.1,42,0.62
13,7,0.1,99,0.63
13,7,0.2,0,0.645
13,7,0.2,42,0.585
13,7,0.2,99,0.625
13,7,0.3,0,0.6033333333333334
13,7,0.3,42,0.6066666666666667
13,7,0.3,99,0.6
13,7,0.4,0,0.6075
13,7,0.4,42,0.6125
13,7,0.4,99,0.62
13,8,0.1,0,0.58
13,8,0.1,42,0.6
13,8,0.1,99,0.61
13,8,0.2,0,0.65
13,8,0.2,42,0.575
13,8,0.2,99,0.635
13,8,0.3,0,0.6133333333333333
13,8,0.3,42,0.5966666666666667
13,8,0.3,99,0.6033333333333334
13,8,0.4,0,0.59
13,8,0.4,42,0.605
13,8,0.4,99,0.6075
13,9,0.1,0,0.61
13,9,0.1,42,0.56
13,9,0.1,99,0.63
13,9,0.2,0,0.645
13,9,0.2,42,0.57
13,9,0.2,99,0.63
13,9,0.3,0,0.62
13,9,0.3,42,0.5933333333333334
13,9,0.3,99,0.6233333333333333
13,9,0.4,0,0.595
13,9,0.4,42,0.575
13,9,0.4,99,0.6125
13,10,0.1,0,0.65
13,10,0.1,42,0.58
13,10,0.1,99,0.6
13,10,0.2,0,0.66
13,10,0.2,42,0.6
13,10,0.2,99,0.65
13,10,0.3,0,0.6033333333333334
13,10,0.3,42,0.5966666666666667
13,10,0.3,99,0.6266666666666667
13,10,0.4,0,0.6025
13,10,0.4,42,0.5875
13,10,0.4,99,0.61
13,11,0.1,0,0.63
13,11,0.1,42,0.58
13,11,0.1,99,0.62
13,11,0.2,0,0.655
13,11,0.2,42,0.595
13,11,0.2,99,0.645
13,11,0.3,0,0.63
13,11,0.3,42,0.61
13,11,0.3,99,0.6066666666666667
13,11,0.4,0,0.5925
13,11,0.4,42,0.58
13,11,0.4,99,0.5925
13,12,0.1,0,0.67
13,12,0.1,42,0.58
13,12,0.1,99,0.63
13,12,0.2,0,0.635
13,12,0.2,42,0.595
13,12,0.2,99,0.655
13,12,0.3,0,0.62
13,12,0.3,42,0.5933333333333334
13,12,0.3,99,0.5833333333333334
13,12,0.4,0,0.56
13,12,0.4,42,0.5825
13,12,0.4,99,0.59
13,13,0.1,0,0.68
13,13,0.1,42,0.59
13,13,0.1,99,0.66
13,13,0.2,0,0.635
13,13,0.2,42,0.595
13,13,0.2,99,0.66
13,13,0.3,0,0.6166666666666667
13,13,0.3,42,0.6
13,13,0.3,99,0.5833333333333334
13,13,0.4,0,0.565
13,13,0.4,42,0.575
13,13,0.4,99,0.5875
13,14,0.1,0,0.65
13,14,0.1,42,0.59
13,14,0.1,99,0.66
13,14,0.2,0,0.635
13,14,0.2,42,0.575
13,14,0.2,99,0.64
13,14,0.3,0,0.6233333333333333
13,14,0.3,42,0.57
13,14,0.3,99,0.59
13,14,0.4,0,0.575
13,14,0.4,42,0.58
13,14,0.4,99,0.595
13,15,0.1,0,0.63
13,15,0.1,42,0.58
13,15,0.1,99,0.68
13,15,0.2,0,0.635
13,15,0.2,42,0.59
13,15,0.2,99,0.64
13,15,0.3,0,0.6
13,15,0.3,42,0.56
13,15,0.3,99,0.5933333333333334
13,15,0.4,0,0.5525
13,15,0.4,42,0.5875
13,15,0.4,99,0.5925
13,16,0.1,0,0.63
13,16,0.1,42,0.58
13,16,0.1,99,0.67
13,16,0.2,0,0.645
13,16,0.2,42,0.58
13,16,0.2,99,0.63
13,16,0.3,0,0.59
13,16,0.3,42,0.56
13,16,0.3,99,0.58
13,16,0.4,0,0.55
13,16,0.4,42,0.575
13,16,0.4,99,0.5975
13,17,0.1,0,0.61
13,17,0.1,42,0.58
13,17,0.1,99,0.67
13,17,0.2,0,0.625
13,17,0.2,42,0.58
13,17,0.2,99,0.615
13,17,0.3,0,0.5766666666666667
13,17,0.3,42,0.5833333333333334
13,17,0.3,99,0.5633333333333334
13,17,0.4,0,0.5275
13,17,0.4,42,0.57
13,17,0.4,99,0.58
13,18,0.1,0,0.63
13,18,0.1,42,0.55
13,18,0.1,99,0.68
13,18,0.2,0,0.61
13,18,0.2,42,0.565
13,18,0.2,99,0.635
13,18,0.3,0,0.5733333333333334
13,18,0.3,42,0.56
13,18,0.3,99,0.57
13,18,0.4,0,0.5425
13,18,0.4,42,0.5575
13,18,0.4,99,0.5725
13,19,0.1,0,0.62
13,19,0.1,42,0.54
13,19,0.1,99,0.65
13,19,0.2,0,0.61
13,19,0.2,42,0.585
13,19,0.2,99,0.635
13,19,0.3,0,0.5766666666666667
13,19,0.3,42,0.56
13,19,0.3,99,0.5766666666666667
13,19,0.4,0,0.5175
13,19,0.4,42,0.5575
13,19,0.4,99,0.5675
13,20,0.1,0,0.64
13,20,0.1,42,0.54
13,20,0.1,99,0.67
13,20,0.2,0,0.62
13,20,0.2,42,0.585
13,20,0.2,99,0.615
13,20,0.3,0,0.5633333333333334
13,20,0.3,42,0.5633333333333334
13,20,0.3,99,0.5833333333333334
13,20,0.4,0,0.5225
13,20,0.4,42,0.56
13,20,0.4,99,0.585
13,21,0.1,0,0.63
13,21,0.1,42,0.53
13,21,0.1,99,0.68
13,21,0.2,0,0.6
13,21,0.2,42,0.57
13,21,0.2,99,0.6
13,21,0.3,0,0.5533333333333333
13,21,0.3,42,0.5733333333333334
13,21,0.3,99,0.57
13,21,0.4,0,0.5175
13,21,0.4,42,0.555
13,21,0.4,99,0.57
13,22,0.1,0,0.62
13,22,0.1,42,0.5
13,22,0.1,99,0.67
13,22,0.2,0,0.595
13,22,0.2,42,0.54
13,22,0.2,99,0.615
13,22,0.3,0,0.5566666666666666
13,22,0.3,42,0.57
13,22,0.3,99,0.5766666666666667
13,22,0.4,0,0.53
13,22,0.4,42,0.545
13,22,0.4,99,0.565
13,23,0.1,0,0.61
13,23,0.1,42,0.51
13,23,0.1,99,0.66
13,23,0.2,0,0.595
13,23,0.2,42,0.55
13,23,0.2,99,0.595
13,23,0.3,0,0.5566666666666666
13,23,0.3,42,0.57
13,23,0.3,99,0.5766666666666667
13,23,0.4,0,0.53
13,23,0.4,42,0.545
13,23,0.4,99,0.5475
13,24,0.1,0,0.59
13,24,0.1,42,0.5
13,24,0.1,99,0.63
13,24,0.2,0,0.59
13,24,0.2,42,0.55
13,24,0.2,99,0.605
13,24,0.3,0,0.56
13,24,0.3,42,0.5666666666666667
13,24,0.3,99,0.56
13,24,0.4,0,0.5275
13,24,0.4,42,0.5525
13,24,0.4,99,0.5575
13,25,0.1,0,0.59
13,25,0.1,42,0.54
13,25,0.1,99,0.62
13,25,0.2,0,0.585
13,25,0.2,42,0.57
13,25,0.2,99,0.61
13,25,0.3,0,0.5566666666666666
13,25,0.3,42,0.5733333333333334
13,25,0.3,99,0.5666666666666667
13,25,0.4,0,0.5175
13,25,0.4,42,0.545
13,25,0.4,99,0.545
13,26,0.1,0,0.58
13,26,0.1,42,0.49
13,26,0.1,99,0.65
13,26,0.2,0,0.59
13,26,0.2,42,0.545
13,26,0.2,99,0.595
13,26,0.3,0,0.5533333333333333
13,26,0.3,42,0.5533333333333333
13,26,0.3,99,0.5633333333333334
13,26,0.4,0,0.51
13,26,0.4,42,0.5275
13,26,0.4,99,0.54
13,27,0.1,0,0.59
13,27,0.1,42,0.51
13,27,0.1,99,0.65
13,27,0.2,0,0.58
13,27,0.2,42,0.53
13,27,0.2,99,0.605
13,27,0.3,0,0.5666666666666667
13,27,0.3,42,0.56
13,27,0.3,99,0.55
13,27,0.4,0,0.51
13,27,0.4,42,0.5325
13,27,0.4,99,0.535
13,28,0.1,0,0.6
13,28,0.1,42,0.49
13,28,0.1,99,0.63
13,28,0.2,0,0.575
13,28,0.2,42,0.545
13,28,0.2,99,0.6
13,28,0.3,0,0.56
13,28,0.3,42,0.5533333333333333
13,28,0.3,99,0.5566666666666666
13,28,0.4,0,0.515
13,28,0.4,42,0.5375
13,28,0.4,99,0.5225
13,29,0.1,0,0.58
13,29,0.1,42,0.47
13,29,0.1,99,0.61
13,29,0.2,0,0.58
13,29,0.2,42,0.535
13,29,0.2,99,0.595
13,29,0.3,0,0.5466666666666666
13,29,0.3,42,0.5666666666666667
13,29,0.3,99,0.5566666666666666
13,29,0.4,0,0.505
13,29,0.4,42,0.535
13,29,0.4,99,0.53
13,30,0.1,0,0.55
13,30,0.1,42,0.51
13,30,0.1,99,0.62
13,30,0.2,0,0.575
13,30,0.2,42,0.54
13,30,0.2,99,0.575
13,30,0.3,0,0.54
13,30,0.3,42,0.5566666666666666
13,30,0.3,99,0.5533333333333333
13,30,0.4,0,0.5025
13,30,0.4,42,0.54
13,30,0.4,99,0.545
14,1,0.1,0,0.62
14,1,0.1,42,0.55
14,1,0.1,99,0.65
14,1,0.2,0,0.635
14,1,0.2,42,0.545
14,1,0.2,99,0.62
14,1,0.3,0,0.5833333333333334
14,1,0.3,42,0.58
14,1,0.3,99,0.5833333333333334
14,1,0.4,0,0.565
14,1,0.4,42,0.585
14,1,0.4,99,0.6025
14,2,0.1,0,0.58
14,2,0.1,42,0.52
14,2,0.1,99,0.62
14,2,0.2,0,0.545
14,2,0.2,42,0.53
14,2,0.2,99,0.58
14,2,0.3,0,0.54
14,2,0.3,42,0.56
14,2,0.3,99,0.58
14,2,0.4,0,0.53
14,2,0.4,42,0.5725
14,2,0.4,99,0.5925
14,3,0.1,0,0.66
14,3,0.1,42,0.49
14,3,0.1,99,0.64
14,3,0.2,0,0.615
14,3,0.2,42,0.565
14,3,0.2,99,0.605
14,3,0.3,0,0.5933333333333334
14,3,0.3,42,0.5766666666666667
14,3,0.3,99,0.5766666666666667
14,3,0.4,0,0.5925
14,3,0.4,42,0.59
14,3,0.4,99,0.595
14,4,0.1,0,0.68
14,4,0.1,42,0.55
14,4,0.1,99,0.61
14,4,0.2,0,0.625
14,4,0.2,42,0.57
14,4,0.2,99,0.595
14,4,0.3,0,0.5966666666666667
14,4,0.3,42,0.5833333333333334
14,4,0.3,99,0.61
14,4,0.4,0,0.605
14,4,0.4,42,0.595
14,4,0.4,99,0.605
14,5,0.1,0,0.65
14,5,0.1,42,0.58
14,5,0.1,99,0.62
14,5,0.2,0,0.61
14,5,0.2,42,0.585
14,5,0.2,99,0.605
14,5,0.3,0,0.59
14,5,0.3,42,0.5766666666666667
14,5,0.3,99,0.5966666666666667
14,5,0.4,0,0.6025
14,5,0.4,42,0.6
14,5,0.4,99,0.6325
14,6,0.1,0,0.64
14,6,0.1,42,0.58
14,6,0.1,99,0.61
14,6,0.2,0,0.625
14,6,0.2,42,0.585
14,6,0.2,99,0.635
14,6,0.3,0,0.61
14,6,0.3,42,0.5866666666666667
14,6,0.3,99,0.5966666666666667
14,6,0.4,0,0.6025
14,6,0.4,42,0.5925
14,6,0.4,99,0.62
14,7,0.1,0,0.59
14,7,0.1,42,0.57
14,7,0.1,99,0.64
14,7,0.2,0,0.62
14,7,0.2,42,0.585
14,7,0.2,99,0.64
14,7,0.3,0,0.6233333333333333
14,7,0.3,42,0.59
14,7,0.3,99,0.5966666666666667
14,7,0.4,0,0.6
14,7,0.4,42,0.605
14,7,0.4,99,0.63
14,8,0.1,0,0.58
14,8,0.1,42,0.55
14,8,0.1,99,0.64
14,8,0.2,0,0.63
14,8,0.2,42,0.585
14,8,0.2,99,0.645
14,8,0.3,0,0.6033333333333334
14,8,0.3,42,0.6066666666666667
14,8,0.3,99,0.58
14,8,0.4,0,0.605
14,8,0.4,42,0.6025
14,8,0.4,99,0.6275
14,9,0.1,0,0.66
14,9,0.1,42,0.55
14,9,0.1,99,0.62
14,9,0.2,0,0.65
14,9,0.2,42,0.595
14,9,0.2,99,0.64
14,9,0.3,0,0.6166666666666667
14,9,0.3,42,0.5966666666666667
14,9,0.3,99,0.5966666666666667
14,9,0.4,0,0.615
14,9,0.4,42,0.585
14,9,0.4,99,0.6175
14,10,0.1,0,0.67
14,10,0.1,42,0.57
14,10,0.1,99,0.65
14,10,0.2,0,0.66
14,10,0.2,42,0.58
14,10,0.2,99,0.64
14,10,0.3,0,0.6233333333333333
14,10,0.3,42,0.5933333333333334
14,10,0.3,99,0.59
14,10,0.4,0,0.5925
14,10,0.4,42,0.585
14,10,0.4,99,0.6125
14,11,0.1,0,0.66
14,11,0.1,42,0.54
14,11,0.1,99,0.66
14,11,0.2,0,0.65
14,11,0.2,42,0.585
14,11,0.2,99,0.63
14,11,0.3,0,0.61
14,11,0.3,42,0.5933333333333334
14,11,0.3,99,0.5733333333333334
14,11,0.4,0,0.585
14,11,0.4,42,0.585
14,11,0.4,99,0.5875
14,12,0.1,0,0.69
14,12,0.1,42,0.59
14,12,0.1,99,0.64
14,12,0.2,0,0.645
14,12,0.2,42,0.585
14,12,0.2,99,0.64
14,12,0.3,0,0.61
14,12,0.3,42,0.5833333333333334
14,12,0.3,99,0.5933333333333334
14,12,0.4,0,0.5775
14,12,0.4,42,0.5825
14,12,0.4,99,0.605
14,13,0.1,0,0.7
14,13,0.1,42,0.57
14,13,0.1,99,0.64
14,13,0.2,0,0.645
14,13,0.2,42,0.585
14,13,0.2,99,0.635
14,13,0.3,0,0.5966666666666667
14,13,0.3,42,0.5833333333333334
14,13,0.3,99,0.6033333333333334
14,13,0.4,0,0.5575
14,13,0.4,42,0.5875
14,13,0.4,99,0.6
14,14,0.1,0,0.66
14,14,0.1,42,0.54
14,14,0.1,99,0.66
14,14,0.2,0,0.63
14,14,0.2,42,0.56
14,14,0.2,99,0.63
14,14,0.3,0,0.5966666666666667
14,14,0.3,42,0.5833333333333334
14,14,0.3,99,0.59
14,14,0.4,0,0.555
14,14,0.4,42,0.58
14,14,0.4,99,0.5925
14,15,0.1,0,0.67
14,15,0.1,42,0.52
14,15,0.1,99,0.69
14,15,0.2,0,0.615
14,15,0.2,42,0.585
14,15,0.2,99,0.65
14,15,0.3,0,0.6
14,15,0.3,42,0.57
14,15,0.3,99,0.5666666666666667
14,15,0.4,0,0.5475
14,15,0.4,42,0.5725
14,15,0.4,99,0.5825
14,16,0.1,0,0.64
14,16,0.1,42,0.53
14,16,0.1,99,0.65
14,16,0.2,0,0.605
14,16,0.2,42,0.58
14,16,0.2,99,0.64
14,16,0.3,0,0.5933333333333334
14,16,0.3,42,0.5533333333333333
14,16,0.3,99,0.55
14,16,0.4,0,0.535
14,16,0.4,42,0.575
14,16,0.4,99,0.59
14,17,0.1,0,0.62
14,17,0.1,42,0.54
14,17,0.1,99,0.65
14,17,0.2,0,0.605
14,17,0.2,42,0.57
14,17,0.2,99,0.625
14,17,0.3,0,0.61
14,17,0.3,42,0.5666666666666667
14,17,0.3,99,0.5666666666666667
14,17,0.4,0,0.5525
14,17,0.4,42,0.585
14,17,0.4,99,0.5875
14,18,0.1,0,0.61
14,18,0.1,42,0.54
14,18,0.1,99,0.62
14,18,0.2,0,0.605
14,18,0.2,42,0.56
14,18,0.2,99,0.61
14,18,0.3,0,0.5866666666666667
14,18,0.3,42,0.5633333333333334
14,18,0.3,99,0.5666666666666667
14,18,0.4,0,0.545
14,18,0.4,42,0.5625
14,18,0.4,99,0.575
14,19,0.1,0,0.61
14,19,0.1,42,0.51
14,19,0.1,99,0.62
14,19,0.2,0,0.585
14,19,0.2,42,0.55
14,19,0.2,99,0.61
14,19,0.3,0,0.5866666666666667
14,19,0.3,42,0.5666666666666667
14,19,0.3,99,0.57
14,19,0.4,0,0.545
14,19,0.4,42,0.56
14,19,0.4,99,0.5675
14,20,0.1,0,0.6
14,20,0.1,42,0.55
14,20,0.1,99,0.65
14,20,0.2,0,0.58
14,20,0.2,42,0.545
14,20,0.2,99,0.595
14,20,0.3,0,0.57
14,20,0.3,42,0.57
14,20,0.3,99,0.5566666666666666
14,20,0.4,0,0.525
14,20,0.4,42,0.5475
14,20,0.4,99,0.5725
14,21,0.1,0,0.59
14,21,0.1,42,0.52
14,21,0.1,99,0.65
14,21,0.2,0,0.595
14,21,0.2,42,0.535
14,21,0.2,99,0.58
14,21,0.3,0,0.5666666666666667
14,21,0.3,42,0.5766666666666667
14,21,0.3,99,0.5533333333333333
14,21,0.4,0,0.5325
14,21,0.4,42,0.555
14,21,0.4,99,0.57
14,22,0.1,0,0.61
14,22,0.1,42,0.52
14,22,0.1,99,0.62
14,22,0.2,0,0.58
14,22,0.2,42,0.56
14,22,0.2,99,0.595
14,22,0.3,0,0.5666666666666667
14,22,0.3,42,0.5766666666666667
14,22,0.3,99,0.56
14,22,0.4,0,0.5325
14,22,0.4,42,0.55
14,22,0.4,99,0.565
14,23,0.1,0,0.59
14,23,0.1,42,0.51
14,23,0.1,99,0.62
14,23,0.2,0,0.58
14,23,0.2,42,0.555
14,23,0.2,99,0.58
14,23,0.3,0,0.5633333333333334
14,23,0.3,42,0.5866666666666667
14,23,0.3,99,0.5533333333333333
14,23,0.4,0,0.5125
14,23,0.4,42,0.55
14,23,0.4,99,0.5575
14,24,0.1,0,0.6
14,24,0.1,42,0.55
14,24,0.1,99,0.61
14,24,0.2,0,0.585
14,24,0.2,42,0.56
14,24,0.2,99,0.585
14,24,0.3,0,0.5766666666666667
14,24,0.3,42,0.5766666666666667
14,24,0.3,99,0.55
14,24,0.4,0,0.5075
14,24,0.4,42,0.5425
14,24,0.4,99,0.54
14,25,0.1,0,0.58
14,25,0.1,42,0.52
14,25,0.1,99,0.6
14,25,0.2,0,0.59
14,25,0.2,42,0.56
14,25,0.2,99,0.57
14,25,0.3,0,0.5666666666666667
14,25,0.3,42,0.5633333333333334
14,25,0.3,99,0.5466666666666666
14,25,0.4,0,0.51
14,25,0.4,42,0.5375
14,25,0.4,99,0.5325
14,26,0.1,0,0.59
14,26,0.1,42,0.52
14,26,0.1,99,0.61
14,26,0.2,0,0.6
14,26,0.2,42,0.555
14,26,0.2,99,0.57
14,26,0.3,0,0.5666666666666667
14,26,0.3,42,0.5733333333333334
14,26,0.3,99,0.5466666666666666
14,26,0.4,0,0.505
14,26,0.4,42,0.54
14,26,0.4,99,0.535
14,27,0.1,0,0.61
14,27,0.1,42,0.53
14,27,0.1,99,0.6
14,27,0.2,0,0.585
14,27,0.2,42,0.535
14,27,0.2,99,0.575
14,27,0.3,0,0.5566666666666666
14,27,0.3,42,0.5633333333333334
14,27,0.3,99,0.5433333333333333
14,27,0.4,0,0.5175
14,27,0.4,42,0.535
14,27,0.4,99,0.5325
14,28,0.1,0,0.6
14,28,0.1,42,0.48
14,28,0.1,99,0.61
14,28,0.2,0,0.6
14,28,0.2,42,0.55
14,28,0.2,99,0.565
14,28,0.3,0,0.5533333333333333
14,28,0.3,42,0.5566666666666666
14,28,0.3,99,0.5466666666666666
14,28,0.4,0,0.5275
14,28,0.4,42,0.5325
14,28,0.4,99,0.5275
14,29,0.1,0,0.62
14,29,0.1,42,0.46
14,29,0.1,99,0.59
14,29,0.2,0,0.6
14,29,0.2,42,0.53
14,29,0.2,99,0.57
14,29,0.3,0,0.5533333333333333
14,29,0.3,42,0.5466666666666666
14,29,0.3,99,0.5466666666666666
14,29,0.4,0,0.5175
14,29,0.4,42,0.53
14,29,0.4,99,0.5275
14,30,0.1,0,0.61
14,30,0.1,42,0.48
14,30,0.1,99,0.58
14,30,0.2,0,0.585
14,30,0.2,42,0.52
14,30,0.2,99,0.565
14,30,0.3,0,0.5466666666666666
14,30,0.3,42,0.5566666666666666
14,30,0.3,99,0.54
14,30,0.4,0,0.52
14,30,0.4,42,0.53
14,30,0.4,99,0.535
15,1,0.1,0,0.63
15,1,0.1,42,0.49
15,1,0.1,99,0.6
15,1,0.2,0,0.625
15,1,0.2,42,0.535
15,1,0.2,99,0.595
15,1,0.3,0,0.6
15,1,0.3,42,0.5566666666666666
15,1,0.3,99,0.56
15,1,0.4,0,0.5725
15,1,0.4,42,0.5775
15,1,0.4,99,0.5925
15,2,0.1,0,0.58
15,2,0.1,42,0.52
15,2,0.1,99,0.62
15,2,0.2,0,0.57
15,2,0.2,42,0.535
15,2,0.2,99,0.595
15,2,0.3,0,0.55
15,2,0.3,42,0.5633333333333334
15,2,0.3,99,0.5866666666666667
15,2,0.4,0,0.5375
15,2,0.4,42,0.585
15,2,0.4,99,0.6
15,3,0.1,0,0.66
15,3,0.1,42,0.55
15,3,0.1,99,0.63
15,3,0.2,0,0.61
15,3,0.2,42,0.575
15,3,0.2,99,0.635
15,3,0.3,0,0.5933333333333334
15,3,0.3,42,0.58
15,3,0.3,99,0.5866666666666667
15,3,0.4,0,0.57
15,3,0.4,42,0.5875
15,3,0.4,99,0.61
15,4,0.1,0,0.63
15,4,0.1,42,0.54
15,4,0.1,99,0.63
15,4,0.2,0,0.615
15,4,0.2,42,0.555
15,4,0.2,99,0.62
15,4,0.3,0,0.62
15,4,0.3,42,0.5866666666666667
15,4,0.3,99,0.59
15,4,0.4,0,0.6025
15,4,0.4,42,0.6025
15,4,0.4,99,0.59
15,5,0.1,0,0.63
15,5,0.1,42,0.55
15,5,0.1,99,0.61
15,5,0.2,0,0.62
15,5,0.2,42,0.56
15,5,0.2,99,0.62
15,5,0.3,0,0.64
15,5,0.3,42,0.5833333333333334
15,5,0.3,99,0.59
15,5,0.4,0,0.605
15,5,0.4,42,0.61
15,5,0.4,99,0.61
15,6,0.1,0,0.61
15,6,0.1,42,0.53
15,6,0.1,99,0.63
15,6,0.2,0,0.64
15,6,0.2,42,0.57
15,6,0.2,99,0.62
15,6,0.3,0,0.6366666666666667
15,6,0.3,42,0.57
15,6,0.3,99,0.58
15,6,0.4,0,0.605
15,6,0.4,42,0.6
15,6,0.4,99,0.6075
15,7,0.1,0,0.61
15,7,0.1,42,0.56
15,7,0.1,99,0.68
15,7,0.2,0,0.635
15,7,0.2,42,0.61
15,7,0.2,99,0.63
15,7,0.3,0,0.6233333333333333
15,7,0.3,42,0.58
15,7,0.3,99,0.5966666666666667
15,7,0.4,0,0.585
15,7,0.4,42,0.6125
15,7,0.4,99,0.615
15,8,0.1,0,0.6
15,8,0.1,42,0.56
15,8,0.1,99,0.62
15,8,0.2,0,0.66
15,8,0.2,42,0.585
15,8,0.2,99,0.625
15,8,0.3,0,0.6233333333333333
15,8,0.3,42,0.6066666666666667
15,8,0.3,99,0.6
15,8,0.4,0,0.6125
15,8,0.4,42,0.615
15,8,0.4,99,0.6
15,9,0.1,0,0.63
15,9,0.1,42,0.58
15,9,0.1,99,0.62
15,9,0.2,0,0.66
15,9,0.2,42,0.595
15,9,0.2,99,0.62
15,9,0.3,0,0.62
15,9,0.3,42,0.61
15,9,0.3,99,0.6
15,9,0.4,0,0.6075
15,9,0.4,42,0.5925
15,9,0.4,99,0.6075
15,10,0.1,0,0.65
15,10,0.1,42,0.6
15,10,0.1,99,0.63
15,10,0.2,0,0.65
15,10,0.2,42,0.595
15,10,0.2,99,0.635
15,10,0.3,0,0.61
15,10,0.3,42,0.6033333333333334
15,10,0.3,99,0.5933333333333334
15,10,0.4,0,0.5975
15,10,0.4,42,0.5825
15,10,0.4,99,0.58
15,11,0.1,0,0.67
15,11,0.1,42,0.59
15,11,0.1,99,0.63
15,11,0.2,0,0.63
15,11,0.2,42,0.58
15,11,0.2,99,0.63
15,11,0.3,0,0.6133333333333333
15,11,0.3,42,0.5833333333333334
15,11,0.3,99,0.57
15,11,0.4,0,0.5875
15,11,0.4,42,0.5775
15,11,0.4,99,0.6
15,12,0.1,0,0.65
15,12,0.1,42,0.56
15,12,0.1,99,0.61
15,12,0.2,0,0.625
15,12,0.2,42,0.575
15,12,0.2,99,0.63
15,12,0.3,0,0.5966666666666667
15,12,0.3,42,0.5933333333333334
15,12,0.3,99,0.57
15,12,0.4,0,0.5825
15,12,0.4,42,0.5875
15,12,0.4,99,0.5925
15,13,0.1,0,0.63
15,13,0.1,42,0.56
15,13,0.1,99,0.65
15,13,0.2,0,0.61
15,13,0.2,42,0.575
15,13,0.2,99,0.63
15,13,0.3,0,0.5933333333333334
15,13,0.3,42,0.6
15,13,0.3,99,0.5866666666666667
15,13,0.4,0,0.5675
15,13,0.4,42,0.5875
15,13,0.4,99,0.5825
15,14,0.1,0,0.56
15,14,0.1,42,0.55
15,14,0.1,99,0.65
15,14,0.2,0,0.625
15,14,0.2,42,0.57
15,14,0.2,99,0.605
15,14,0.3,0,0.61
15,14,0.3,42,0.5866666666666667
15,14,0.3,99,0.58
15,14,0.4,0,0.5525
15,14,0.4,42,0.585
15,14,0.4,99,0.59
15,15,0.1,0,0.58
15,15,0.1,42,0.54
15,15,0.1,99,0.65
15,15,0.2,0,0.615
15,15,0.2,42,0.57
15,15,0.2,99,0.61
15,15,0.3,0,0.6033333333333334
15,15,0.3,42,0.5766666666666667
15,15,0.3,99,0.5666666666666667
15,15,0.4,0,0.545
15,15,0.4,42,0.5925
15,15,0.4,99,0.585
15,16,0.1,0,0.6
15,16,0.1,42,0.54
15,16,0.1,99,0.66
15,16,0.2,0,0.625
15,16,0.2,42,0.575
15,16,0.2,99,0.625
15,16,0.3,0,0.5966666666666667
15,16,0.3,42,0.5766666666666667
15,16,0.3,99,0.5766666666666667
15,16,0.4,0,0.5425
15,16,0.4,42,0.59
15,16,0.4,99,0.575
15,17,0.1,0,0.6
15,17,0.1,42,0.55
15,17,0.1,99,0.63
15,17,0.2,0,0.625
15,17,0.2,42,0.56
15,17,0.2,99,0.63
15,17,0.3,0,0.5933333333333334
15,17,0.3,42,0.58
15,17,0.3,99,0.5666666666666667
15,17,0.4,0,0.57
15,17,0.4,42,0.5975
15,17,0.4,99,0.58
15,18,0.1,0,0.58
15,18,0.1,42,0.56
15,18,0.1,99,0.63
15,18,0.2,0,0.595
15,18,0.2,42,0.565
15,18,0.2,99,0.615
15,18,0.3,0,0.6
15,18,0.3,42,0.5766666666666667
15,18,0.3,99,0.5666666666666667
15,18,0.4,0,0.565
15,18,0.4,42,0.595
15,18,0.4,99,0.57
15,19,0.1,0,0.59
15,19,0.1,42,0.56
15,19,0.1,99,0.65
15,19,0.2,0,0.61
15,19,0.2,42,0.555
15,19,0.2,99,0.615
15,19,0.3,0,0.5933333333333334
15,19,0.3,42,0.57
15,19,0.3,99,0.5833333333333334
15,19,0.4,0,0.55
15,19,0.4,42,0.585
15,19,0.4,99,0.57
15,20,0.1,0,0.59
15,20,0.1,42,0.52
15,20,0.1,99,0.6
15,20,0.2,0,0.61
15,20,0.2,42,0.59
15,20,0.2,99,0.61
15,20,0.3,0,0.59
15,20,0.3,42,0.5766666666666667
15,20,0.3,99,0.56
15,20,0.4,0,0.545
15,20,0.4,42,0.5875
15,20,0.4,99,0.57
15,21,0.1,0,0.6
15,21,0.1,42,0.54
15,21,0.1,99,0.6
15,21,0.2,0,0.605
15,21,0.2,42,0.55
15,21,0.2,99,0.615
15,21,0.3,0,0.5966666666666667
15,21,0.3,42,0.58
15,21,0.3,99,0.5633333333333334
15,21,0.4,0,0.54
15,21,0.4,42,0.58
15,21,0.4,99,0.57
15,22,0.1,0,0.59
15,22,0.1,42,0.57
15,22,0.1,99,0.61
15,22,0.2,0,0.61
15,22,0.2,42,0.555
15,22,0.2,99,0.63
15,22,0.3,0,0.59
15,22,0.3,42,0.5766666666666667
15,22,0.3,99,0.5633333333333334
15,22,0.4,0,0.535
15,22,0.4,42,0.5775
15,22,0.4,99,0.5625
15,23,0.1,0,0.6
15,23,0.1,42,0.54
15,23,0.1,99,0.62
15,23,0.2,0,0.61
15,23,0.2,42,0.545
15,23,0.2,99,0.61
15,23,0.3,0,0.58
15,23,0.3,42,0.58
15,23,0.3,99,0.55
15,23,0.4,0,0.535
15,23,0.4,42,0.5725
15,23,0.4,99,0.5525
15,24,0.1,0,0.6
15,24,0.1,42,0.55
15,24,0.1,99,0.62
15,24,0.2,0,0.61
15,24,0.2,42,0.555
15,24,0.2,99,0.62
15,24,0.3,0,0.5733333333333334
15,24,0.3,42,0.57
15,24,0.3,99,0.5533333333333333
15,24,0.4,0,0.53
15,24,0.4,42,0.5725
15,24,0.4,99,0.5475
15,25,0.1,0,0.61
15,25,0.1,42,0.51
15,25,0.1,99,0.63
15,25,0.2,0,0.61
15,25,0.2,42,0.545
15,25,0.2,99,0.615
15,25,0.3,0,0.5733333333333334
15,25,0.3,42,0.57
15,25,0.3,99,0.5466666666666666
15,25,0.4,0,0.5325
15,25,0.4,42,0.555
15,25,0.4,99,0.54
15,26,0.1,0,0.62
15,26,0.1,42,0.52
15,26,0.1,99,0.64
15,26,0.2,0,0.61
15,26,0.2,42,0.555
15,26,0.2,99,0.595
15,26,0.3,0,0.5733333333333334
15,26,0.3,42,0.5666666666666667
15,26,0.3,99,0.5566666666666666
15,26,0.4,0,0.5375
15,26,0.4,42,0.5575
15,26,0.4,99,0.54
15,27,0.1,0,0.62
15,27,0.1,42,0.53
15,27,0.1,99,0.61
15,27,0.2,0,0.62
15,27,0.2,42,0.56
15,27,0.2,99,0.58
15,27,0.3,0,0.5733333333333334
15,27,0.3,42,0.57
15,27,0.3,99,0.5333333333333333
15,27,0.4,0,0.5375
15,27,0.4,42,0.57
15,27,0.4,99,0.5325
15,28,0.1,0,0.63
15,28,0.1,42,0.55
15,28,0.1,99,0.61
15,28,0.2,0,0.62
15,28,0.2,42,0.55
15,28,0.2,99,0.59
15,28,0.3,0,0.56
15,28,0.3,42,0.5566666666666666
15,28,0.3,99,0.5233333333333333
15,28,0.4,0,0.5375
15,28,0.4,42,0.5575
15,28,0.4,99,0.5275
15,29,0.1,0,0.62
15,29,0.1,42,0.53
15,29,0.1,99,0.63
15,29,0.2,0,0.61
15,29,0.2,42,0.545
15,29,0.2,99,0.58
15,29,0.3,0,0.5666666666666667
15,29,0.3,42,0.5666666666666667
15,29,0.3,99,0.52
15,29,0.4,0,0.5375
15,29,0.4,42,0.5475
15,29,0.4,99,0.5375
15,30,0.1,0,0.61
15,30,0.1,42,0.52
15,30,0.1,99,0.6
15,30,0.2,0,0.6
15,30,0.2,42,0.535
15,30,0.2,99,0.585
15,30,0.3,0,0.5733333333333334
15,30,0.3,42,0.5566666666666666
15,30,0.3,99,0.5233333333333333
15,30,0.4,0,0.5275
15,30,0.4,42,0.5425
15,30,0.4,99,0.5275
16,1,0.1,0,0.66
16,1,0.1,42,0.54
16,1,0.1,99,0.62
16,1,0.2,0,0.64
16,1,0.2,42,0.56
16,1,0.2,99,0.64
16,1,0.3,0,0.62
16,1,0.3,42,0.57
16,1,0.3,99,0.5966666666666667
16,1,0.4,0,0.595
16,1,0.4,42,0.5875
16,1,0.4,99,0.6175
16,2,0.1,0,0.6
16,2,0.1,42,0.5
16,2,0.1,99,0.62
16,2,0.2,0,0.585
16,2,0.2,42,0.54
16,2,0.2,99,0.61
16,2,0.3,0,0.5833333333333334
16,2,0.3,42,0.5466666666666666
16,2,0.3,99,0.5766666666666667
16,2,0.4,0,0.5575
16,2,0.4,42,0.5675
16,2,0.4,99,0.5875
16,3,0.1,0,0.64
16,3,0.1,42,0.55
16,3,0.1,99,0.64
16,3,0.2,0,0.635
16,3,0.2,42,0.555
16,3,0.2,99,0.64
16,3,0.3,0,0.6133333333333333
16,3,0.3,42,0.57
16,3,0.3,99,0.5933333333333334
16,3,0.4,0,0.6
16,3,0.4,42,0.58
16,3,0.4,99,0.615
16,4,0.1,0,0.61
16,4,0.1,42,0.54
16,4,0.1,99,0.65
16,4,0.2,0,0.615
16,4,0.2,42,0.565
16,4,0.2,99,0.635
16,4,0.3,0,0.6233333333333333
16,4,0.3,42,0.5866666666666667
16,4,0.3,99,0.62
16,4,0.4,0,0.605
16,4,0.4,42,0.59
16,4,0.4,99,0.6175
16,5,0.1,0,0.64
16,5,0.1,42,0.59
16,5,0.1,99,0.61
16,5,0.2,0,0.655
16,5,0.2,42,0.58
16,5,0.2,99,0.63
16,5,0.3,0,0.6633333333333333
16,5,0.3,42,0.5966666666666667
16,5,0.3,99,0.6033333333333334
16,5,0.4,0,0.64
16,5,0.4,42,0.5925
16,5,0.4,99,0.64
16,6,0.1,0,0.61
16,6,0.1,42,0.55
16,6,0.1,99,0.62
16,6,0.2,0,0.665
16,6,0.2,42,0.58
16,6,0.2,99,0.645
16,6,0.3,0,0.6533333333333333
16,6,0.3,42,0.5766666666666667
16,6,0.3,99,0.5966666666666667
16,6,0.4,0,0.605
16,6,0.4,42,0.595
16,6,0.4,99,0.6125
16,7,0.1,0,0.64
16,7,0.1,42,0.59
16,7,0.1,99,0.64
16,7,0.2,0,0.665
16,7,0.2,42,0.595
16,7,0.2,99,0.65
16,7,0.3,0,0.65
16,7,0.3,42,0.5733333333333334
16,7,0.3,99,0.5866666666666667
16,7,0.4,0,0.6225
16,7,0.4,42,0.605
16,7,0.4,99,0.62
16,8,0.1,0,0.65
16,8,0.1,42,0.59
16,8,0.1,99,0.66
16,8,0.2,0,0.695
16,8,0.2,42,0.585
16,8,0.2,99,0.645
16,8,0.3,0,0.6366666666666667
16,8,0.3,42,0.5866666666666667
16,8,0.3,99,0.5966666666666667
16,8,0.4,0,0.62
16,8,0.4,42,0.6025
16,8,0.4,99,0.6125
16,9,0.1,0,0.66
16,9,0.1,42,0.57
16,9,0.1,99,0.67
16,9,0.2,0,0.685
16,9,0.2,42,0.58
16,9,0.2,99,0.64
16,9,0.3,0,0.6333333333333333
16,9,0.3,42,0.5933333333333334
16,9,0.3,99,0.6
16,9,0.4,0,0.605
16,9,0.4,42,0.59
16,9,0.4,99,0.605
16,10,0.1,0,0.65
16,10,0.1,42,0.59
16,10,0.1,99,0.62
16,10,0.2,0,0.66
16,10,0.2,42,0.59
16,10,0.2,99,0.635
16,10,0.3,0,0.6166666666666667
16,10,0.3,42,0.6
16,10,0.3,99,0.58
16,10,0.4,0,0.595
16,10,0.4,42,0.5875
16,10,0.4,99,0.5925
16,11,0.1,0,0.64
16,11,0.1,42,0.59
16,11,0.1,99,0.66
16,11,0.2,0,0.645
16,11,0.2,42,0.605
16,11,0.2,99,0.62
16,11,0.3,0,0.6
16,11,0.3,42,0.5933333333333334
16,11,0.3,99,0.57
16,11,0.4,0,0.595
16,11,0.4,42,0.5775
16,11,0.4,99,0.5925
16,12,0.1,0,0.59
16,12,0.1,42,0.55
16,12,0.1,99,0.62
16,12,0.2,0,0.625
16,12,0.2,42,0.58
16,12,0.2,99,0.61
16,12,0.3,0,0.6033333333333334
16,12,0.3,42,0.58
16,12,0.3,99,0.56
16,12,0.4,0,0.57
16,12,0.4,42,0.5775
16,12,0.4,99,0.5825
16,13,0.1,0,0.61
16,13,0.1,42,0.56
16,13,0.1,99,0.63
16,13,0.2,0,0.625
16,13,0.2,42,0.575
16,13,0.2,99,0.6
16,13,0.3,0,0.6133333333333333
16,13,0.3,42,0.5866666666666667
16,13,0.3,99,0.5633333333333334
16,13,0.4,0,0.5625
16,13,0.4,42,0.5825
16,13,0.4,99,0.5725
16,14,0.1,0,0.58
16,14,0.1,42,0.56
16,14,0.1,99,0.64
16,14,0.2,0,0.62
16,14,0.2,42,0.57
16,14,0.2,99,0.6
16,14,0.3,0,0.62
16,14,0.3,42,0.5666666666666667
16,14,0.3,99,0.5566666666666666
16,14,0.4,0,0.565
16,14,0.4,42,0.5975
16,14,0.4,99,0.565
16,15,0.1,0,0.59
16,15,0.1,42,0.56
16,15,0.1,99,0.64
16,15,0.2,0,0.6
16,15,0.2,42,0.595
16,15,0.2,99,0.615
16,15,0.3,0,0.6166666666666667
16,15,0.3,42,0.58
16,15,0.3,99,0.55
16,15,0.4,0,0.565
16,15,0.4,42,0.5775
16,15,0.4,99,0.58
16,16,0.1,0,0.61
16,16,0.1,42,0.54
16,16,0.1,99,0.62
16,16,0.2,0,0.615
16,16,0.2,42,0.58
16,16,0.2,99,0.615
16,16,0.3,0,0.5966666666666667
16,16,0.3,42,0.5733333333333334
16,16,0.3,99,0.5566666666666666
16,16,0.4,0,0.5625
16,16,0.4,42,0.585
16,16,0.4,99,0.575
16,17,0.1,0,0.6
16,17,0.1,42,0.53
16,17,0.1,99,0.6
16,17,0.2,0,0.6
16,17,0.2,42,0.6
16,17,0.2,99,0.625
16,17,0.3,0,0.6066666666666667
16,17,0.3,42,0.5833333333333334
16,17,0.3,99,0.5833333333333334
16,17,0.4,0,0.5525
16,17,0.4,42,0.5625
16,17,0.4,99,0.57
16,18,0.1,0,0.58
16,18,0.1,42,0.55
16,18,0.1,99,0.63
16,18,0.2,0,0.59
16,18,0.2,42,0.6
16,18,0.2,99,0.6
16,18,0.3,0,0.6033333333333334
16,18,0.3,42,0.57
16,18,0.3,99,0.5666666666666667
16,18,0.4,0,0.57
16,18,0.4,42,0.5625
16,18,0.4,99,0.555
16,19,0.1,0,0.61
16,19,0.1,42,0.54
16,19,0.1,99,0.6
16,19,0.2,0,0.59
16,19,0.2,42,0.575
16,19,0.2,99,0.59
16,19,0.3,0,0.6
16,19,0.3,42,0.5733333333333334
16,19,0.3,99,0.5733333333333334
16,19,0.4,0,0.5675
16,19,0.4,42,0.56
16,19,0.4,99,0.5375
16,20,0.1,0,0.6
16,20,0.1,42,0.53
16,20,0.1,99,0.62
16,20,0.2,0,0.6
16,20,0.2,42,0.565
16,20,0.2,99,0.62
16,20,0.3,0,0.59
16,20,0.3,42,0.5666666666666667
16,20,0.3,99,0.5533333333333333
16,20,0.4,0,0.5475
16,20,0.4,42,0.5675
16,20,0.4,99,0.5475
16,21,0.1,0,0.59
16,21,0.1,42,0.57
16,21,0.1,99,0.6
16,21,0.2,0,0.575
16,21,0.2,42,0.565
16,21,0.2,99,0.61
16,21,0.3,0,0.5933333333333334
16,21,0.3,42,0.5633333333333334
16,21,0.3,99,0.5533333333333333
16,21,0.4,0,0.55
16,21,0.4,42,0.5675
16,21,0.4,99,0.5525
16,22,0.1,0,0.58
16,22,0.1,42,0.55
16,22,0.1,99,0.64
16,22,0.2,0,0.58
16,22,0.2,42,0.55
16,22,0.2,99,0.595
16,22,0.3,0,0.5733333333333334
16,22,0.3,42,0.5666666666666667
16,22,0.3,99,0.53
16,22,0.4,0,0.5425
16,22,0.4,42,0.5625
16,22,0.4,99,0.55
16,23,0.1,0,0.61
16,23,0.1,42,0.54
16,23,0.1,99,0.65
16,23,0.2,0,0.575
16,23,0.2,42,0.555
16,23,0.2,99,0.58
16,23,0.3,0,0.57
16,23,0.3,42,0.56
16,23,0.3,99,0.53
16,23,0.4,0,0.545
16,23,0.4,42,0.555
16,23,0.4,99,0.5475
16,24,0.1,0,0.6
16,24,0.1,42,0.56
16,24,0.1,99,0.65
16,24,0.2,0,0.585
16,24,0.2,42,0.55
16,24,0.2,99,0.585
16,24,0.3,0,0.58
16,24,0.3,42,0.5666666666666667
16,24,0.3,99,0.5266666666666666
16,24,0.4,0,0.54
16,24,0.4,42,0.555
16,24,0.4,99,0.565
16,25,0.1,0,0.6
16,25,0.1,42,0.54
16,25,0.1,99,0.66
16,25,0.2,0,0.58
16,25,0.2,42,0.54
16,25,0.2,99,0.58
16,25,0.3,0,0.5766666666666667
16,25,0.3,42,0.5533333333333333
16,25,0.3,99,0.53
16,25,0.4,0,0.5425
16,25,0.4,42,0.54
16,25,0.4,99,0.56
16,26,0.1,0,0.6
16,26,0.1,42,0.5
16,26,0.1,99,0.62
16,26,0.2,0,0.59
16,26,0.2,42,0.55
16,26,0.2,99,0.565
16,26,0.3,0,0.59
16,26,0.3,42,0.55
16,26,0.3,99,0.5266666666666666
16,26,0.4,0,0.5475
16,26,0.4,42,0.55
16,26,0.4,99,0.5425
16,27,0.1,0,0.59
16,27,0.1,42,0.49
16,27,0.1,99,0.59
16,27,0.2,0,0.61
16,27,0.2,42,0.55
16,27,0.2,99,0.565
16,27,0.3,0,0.5733333333333334
16,27,0.3,42,0.54
16,27,0.3,99,0.5066666666666667
16,27,0.4,0,0.56
16,27,0.4,42,0.545
16,27,0.4,99,0.555
16,28,0.1,0,0.59
16,28,0.1,42,0.49
16,28,0.1,99,0.58
16,28,0.2,0,0.6
16,28,0.2,42,0.54
16,28,0.2,99,0.555
16,28,0.3,0,0.5666666666666667
16,28,0.3,42,0.54
16,28,0.3,99,0.5133333333333333
16,28,0.4,0,0.55
16,28,0.4,42,0.5375
16,28,0.4,99,0.5425
16,29,0.1,0,0.59
16,29,0.1,42,0.44
16,29,0.1,99,0.58
16,29,0.2,0,0.6
16,29,0.2,42,0.51
16,29,0.2,99,0.545
16,29,0.3,0,0.57
16,29,0.3,42,0.5333333333333333
16,29,0.3,99,0.5133333333333333
16,29,0.4,0,0.54
16,29,0.4,42,0.5475
16,29,0.4,99,0.53
16,30,0.1,0,0.6
16,30,0.1,42,0.44
16,30,0.1,99,0.56
16,30,0.2,0,0.61
16,30,0.2,42,0.505
16,30,0.2,99,0.52
16,30,0.3,0,0.5633333333333334
16,30,0.3,42,0.54
16,30,0.3,99,0.5133333333333333
16,30,0.4,0,0.535
16,30,0.4,42,0.5325
16,30,0.4,99,0.515
17,1,0.1,0,0.65
17,1,0.1,42,0.52
17,1,0.1,99,0.67
17,1,0.2,0,0.645
17,1,0.2,42,0.575
17,1,0.2,99,0.645
17,1,0.3,0,0.6033333333333334
17,1,0.3,42,0.5733333333333334
17,1,0.3,99,0.6033333333333334
17,1,0.4,0,0.5875
17,1,0.4,42,0.58
17,1,0.4,99,0.62
17,2,0.1,0,0.6
17,2,0.1,42,0.49
17,2,0.1,99,0.61
17,2,0.2,0,0.575
17,2,0.2,42,0.54
17,2,0.2,99,0.62
17,2,0.3,0,0.5833333333333334
17,2,0.3,42,0.56
17,2,0.3,99,0.5966666666666667
17,2,0.4,0,0.555
17,2,0.4,42,0.5625
17,2,0.4,99,0.615
17,3,0.1,0,0.63
17,3,0.1,42,0.55
17,3,0.1,99,0.64
17,3,0.2,0,0.635
17,3,0.2,42,0.595
17,3,0.2,99,0.665
17,3,0.3,0,0.6166666666666667
17,3,0.3,42,0.59
17,3,0.3,99,0.62
17,3,0.4,0,0.615
17,3,0.4,42,0.58
17,3,0.4,99,0.62
17,4,0.1,0,0.61
17,4,0.1,42,0.54
17,4,0.1,99,0.68
17,4,0.2,0,0.635
17,4,0.2,42,0.555
17,4,0.2,99,0.66
17,4,0.3,0,0.65
17,4,0.3,42,0.5666666666666667
17,4,0.3,99,0.6233333333333333
17,4,0.4,0,0.615
17,4,0.4,42,0.565
17,4,0.4,99,0.6225
17,5,0.1,0,0.65
17,5,0.1,42,0.56
17,5,0.1,99,0.67
17,5,0.2,0,0.68
17,5,0.2,42,0.6
17,5,0.2,99,0.66
17,5,0.3,0,0.6633333333333333
17,5,0.3,42,0.6033333333333334
17,5,0.3,99,0.6166666666666667
17,5,0.4,0,0.6425
17,5,0.4,42,0.5975
17,5,0.4,99,0.6125
17,6,0.1,0,0.62
17,6,0.1,42,0.54
17,6,0.1,99,0.67
17,6,0.2,0,0.675
17,6,0.2,42,0.585
17,6,0.2,99,0.65
17,6,0.3,0,0.6733333333333333
17,6,0.3,42,0.5866666666666667
17,6,0.3,99,0.6266666666666667
17,6,0.4,0,0.6275
17,6,0.4,42,0.595
17,6,0.4,99,0.6225
17,7,0.1,0,0.63
17,7,0.1,42,0.59
17,7,0.1,99,0.67
17,7,0.2,0,0.665
17,7,0.2,42,0.59
17,7,0.2,99,0.655
17,7,0.3,0,0.6333333333333333
17,7,0.3,42,0.59
17,7,0.3,99,0.6066666666666667
17,7,0.4,0,0.61
17,7,0.4,42,0.5825
17,7,0.4,99,0.63
17,8,0.1,0,0.63
17,8,0.1,42,0.58
17,8,0.1,99,0.64
17,8,0.2,0,0.64
17,8,0.2,42,0.59
17,8,0.2,99,0.625
17,8,0.3,0,0.6233333333333333
17,8,0.3,42,0.5733333333333334
17,8,0.3,99,0.5966666666666667
17,8,0.4,0,0.61
17,8,0.4,42,0.575
17,8,0.4,99,0.6025
17,9,0.1,0,0.63
17,9,0.1,42,0.58
17,9,0.1,99,0.65
17,9,0.2,0,0.65
17,9,0.2,42,0.575
17,9,0.2,99,0.645
17,9,0.3,0,0.6533333333333333
17,9,0.3,42,0.5833333333333334
17,9,0.3,99,0.5933333333333334
17,9,0.4,0,0.615
17,9,0.4,42,0.5825
17,9,0.4,99,0.5925
17,10,0.1,0,0.63
17,10,0.1,42,0.54
17,10,0.1,99,0.66
17,10,0.2,0,0.66
17,10,0.2,42,0.585
17,10,0.2,99,0.64
17,10,0.3,0,0.63
17,10,0.3,42,0.6
17,10,0.3,99,0.58
17,10,0.4,0,0.6075
17,10,0.4,42,0.5975
17,10,0.4,99,0.5975
17,11,0.1,0,0.6
17,11,0.1,42,0.56
17,11,0.1,99,0.65
17,11,0.2,0,0.64
17,11,0.2,42,0.615
17,11,0.2,99,0.64
17,11,0.3,0,0.63
17,11,0.3,42,0.5933333333333334
17,11,0.3,99,0.5766666666666667
17,11,0.4,0,0.5825
17,11,0.4,42,0.5825
17,11,0.4,99,0.585
17,12,0.1,0,0.62
17,12,0.1,42,0.54
17,12,0.1,99,0.67
17,12,0.2,0,0.64
17,12,0.2,42,0.575
17,12,0.2,99,0.635
17,12,0.3,0,0.6333333333333333
17,12,0.3,42,0.5833333333333334
17,12,0.3,99,0.5766666666666667
17,12,0.4,0,0.5775
17,12,0.4,42,0.595
17,12,0.4,99,0.5825
17,13,0.1,0,0.62
17,13,0.1,42,0.54
17,13,0.1,99,0.64
17,13,0.2,0,0.635
17,13,0.2,42,0.57
17,13,0.2,99,0.625
17,13,0.3,0,0.6233333333333333
17,13,0.3,42,0.5833333333333334
17,13,0.3,99,0.5666666666666667
17,13,0.4,0,0.5825
17,13,0.4,42,0.58
17,13,0.4,99,0.59
17,14,0.1,0,0.61
17,14,0.1,42,0.52
17,14,0.1,99,0.65
17,14,0.2,0,0.615
17,14,0.2,42,0.585
17,14,0.2,99,0.64
17,14,0.3,0,0.61
17,14,0.3,42,0.6066666666666667
17,14,0.3,99,0.58
17,14,0.4,0,0.5625
17,14,0.4,42,0.5925
17,14,0.4,99,0.5975
17,15,0.1,0,0.62
17,15,0.1,42,0.52
17,15,0.1,99,0.63
17,15,0.2,0,0.63
17,15,0.2,42,0.605
17,15,0.2,99,0.655
17,15,0.3,0,0.61
17,15,0.3,42,0.5866666666666667
17,15,0.3,99,0.57
17,15,0.4,0,0.5775
17,15,0.4,42,0.5675
17,15,0.4,99,0.59
17,16,0.1,0,0.63
17,16,0.1,42,0.51
17,16,0.1,99,0.61
17,16,0.2,0,0.625
17,16,0.2,42,0.595
17,16,0.2,99,0.645
17,16,0.3,0,0.59
17,16,0.3,42,0.59
17,16,0.3,99,0.5766666666666667
17,16,0.4,0,0.5625
17,16,0.4,42,0.5725
17,16,0.4,99,0.5925
17,17,0.1,0,0.59
17,17,0.1,42,0.51
17,17,0.1,99,0.62
17,17,0.2,0,0.59
17,17,0.2,42,0.595
17,17,0.2,99,0.625
17,17,0.3,0,0.6033333333333334
17,17,0.3,42,0.5733333333333334
17,17,0.3,99,0.56
17,17,0.4,0,0.57
17,17,0.4,42,0.58
17,17,0.4,99,0.56
17,18,0.1,0,0.62
17,18,0.1,42,0.5
17,18,0.1,99,0.65
17,18,0.2,0,0.58
17,18,0.2,42,0.56
17,18,0.2,99,0.615
17,18,0.3,0,0.6133333333333333
17,18,0.3,42,0.5733333333333334
17,18,0.3,99,0.57
17,18,0.4,0,0.5625
17,18,0.4,42,0.5725
17,18,0.4,99,0.56
17,19,0.1,0,0.59
17,19,0.1,42,0.51
17,19,0.1,99,0.65
17,19,0.2,0,0.58
17,19,0.2,42,0.56
17,19,0.2,99,0.605
17,19,0.3,0,0.61
17,19,0.3,42,0.58
17,19,0.3,99,0.5666666666666667
17,19,0.4,0,0.555
17,19,0.4,42,0.5725
17,19,0.4,99,0.5475
17,20,0.1,0,0.58
17,20,0.1,42,0.53
17,20,0.1,99,0.65
17,20,0.2,0,0.6
17,20,0.2,42,0.56
17,20,0.2,99,0.605
17,20,0.3,0,0.5966666666666667
17,20,0.3,42,0.5766666666666667
17,20,0.3,99,0.56
17,20,0.4,0,0.555
17,20,0.4,42,0.5725
17,20,0.4,99,0.5375
17,21,0.1,0,0.59
17,21,0.1,42,0.53
17,21,0.1,99,0.63
17,21,0.2,0,0.6
17,21,0.2,42,0.57
17,21,0.2,99,0.605
17,21,0.3,0,0.6066666666666667
17,21,0.3,42,0.5833333333333334
17,21,0.3,99,0.5666666666666667
17,21,0.4,0,0.5575
17,21,0.4,42,0.565
17,21,0.4,99,0.555
17,22,0.1,0,0.59
17,22,0.1,42,0.52
17,22,0.1,99,0.6
17,22,0.2,0,0.625
17,22,0.2,42,0.565
17,22,0.2,99,0.595
17,22,0.3,0,0.6
17,22,0.3,42,0.57
17,22,0.3,99,0.57
17,22,0.4,0,0.5625
17,22,0.4,42,0.565
17,22,0.4,99,0.56
17,23,0.1,0,0.61
17,23,0.1,42,0.52
17,23,0.1,99,0.6
17,23,0.2,0,0.63
17,23,0.2,42,0.57
17,23,0.2,99,0.59
17,23,0.3,0,0.6
17,23,0.3,42,0.56
17,23,0.3,99,0.5633333333333334
17,23,0.4,0,0.5625
17,23,0.4,42,0.5725
17,23,0.4,99,0.5475
17,24,0.1,0,0.63
17,24,0.1,42,0.51
17,24,0.1,99,0.57
17,24,0.2,0,0.635
17,24,0.2,42,0.555
17,24,0.2,99,0.59
17,24,0.3,0,0.5966666666666667
17,24,0.3,42,0.5566666666666666
17,24,0.3,99,0.55
17,24,0.4,0,0.5775
17,24,0.4,42,0.5775
17,24,0.4,99,0.555
17,25,0.1,0,0.64
17,25,0.1,42,0.5
17,25,0.1,99,0.59
17,25,0.2,0,0.615
17,25,0.2,42,0.555
17,25,0.2,99,0.6
17,25,0.3,0,0.61
17,25,0.3,42,0.5566666666666666
17,25,0.3,99,0.55
17,25,0.4,0,0.58
17,25,0.4,42,0.5725
17,25,0.4,99,0.5525
17,26,0.1,0,0.63
17,26,0.1,42,0.5
17,26,0.1,99,0.61
17,26,0.2,0,0.61
17,26,0.2,42,0.565
17,26,0.2,99,0.61
17,26,0.3,0,0.6066666666666667
17,26,0.3,42,0.5666666666666667
17,26,0.3,99,0.5533333333333333
17,26,0.4,0,0.5625
17,26,0.4,42,0.56
17,26,0.4,99,0.5475
17,27,0.1,0,0.64
17,27,0.1,42,0.5
17,27,0.1,99,0.61
17,27,0.2,0,0.615
17,27,0.2,42,0.555
17,27,0.2,99,0.6
17,27,0.3,0,0.5866666666666667
17,27,0.3,42,0.55
17,27,0.3,99,0.5466666666666666
17,27,0.4,0,0.5625
17,27,0.4,42,0.5575
17,27,0.4,99,0.5475
17,28,0.1,0,0.64
17,28,0.1,42,0.46
17,28,0.1,99,0.61
17,28,0.2,0,0.62
17,28,0.2,42,0.55
17,28,0.2,99,0.59
17,28,0.3,0,0.5933333333333334
17,28,0.3,42,0.5633333333333334
17,28,0.3,99,0.55
17,28,0.4,0,0.5625
17,28,0.4,42,0.56
17,28,0.4,99,0.545
17,29,0.1,0,0.64
17,29,0.1,42,0.48
17,29,0.1,99,0.59
17,29,0.2,0,0.605
17,29,0.2,42,0.54
17,29,0.2,99,0.595
17,29,0.3,0,0.5833333333333334
17,29,0.3,42,0.5533333333333333
17,29,0.3,99,0.5466666666666666
17,29,0.4,0,0.5575
17,29,0.4,42,0.5675
17,29,0.4,99,0.5575
17,30,0.1,0,0.63
17,30,0.1,42,0.47
17,30,0.1,99,0.6
17,30,0.2,0,0.62
17,30,0.2,42,0.545
17,30,0.2,99,0.59
17,30,0.3,0,0.5766666666666667
17,30,0.3,42,0.5566666666666666
17,30,0.3,99,0.5433333333333333
17,30,0.4,0,0.5525
17,30,0.4,42,0.5525
17,30,0.4,99,0.535
18,1,0.1,0,0.63
18,1,0.1,42,0.54
18,1,0.1,99,0.6
18,1,0.2,0,0.595
18,1,0.2,42,0.56
18,1,0.2,99,0.62
18,1,0.3,0,0.59
18,1,0.3,42,0.5633333333333334
18,1,0.3,99,0.6
18,1,0.4,0,0.585
18,1,0.4,42,0.5625
18,1,0.4,99,0.615
18,2,0.1,0,0.63
18,2,0.1,42,0.53
18,2,0.1,99,0.61
18,2,0.2,0,0.58
18,2,0.2,42,0.55
18,2,0.2,99,0.63
18,2,0.3,0,0.58
18,2,0.3,42,0.5633333333333334
18,2,0.3,99,0.6133333333333333
18,2,0.4,0,0.5625
18,2,0.4,42,0.5775
18,2,0.4,99,0.6225
18,3,0.1,0,0.61
18,3,0.1,42,0.52
18,3,0.1,99,0.68
18,3,0.2,0,0.6
18,3,0.2,42,0.56
18,3,0.2,99,0.675
18,3,0.3,0,0.61
18,3,0.3,42,0.5766666666666667
18,3,0.3,99,0.6133333333333333
18,3,0.4,0,0.6
18,3,0.4,42,0.5825
18,3,0.4,99,0.63
18,4,0.1,0,0.61
18,4,0.1,42,0.56
18,4,0.1,99,0.66
18,4,0.2,0,0.65
18,4,0.2,42,0.555
18,4,0.2,99,0.665
18,4,0.3,0,0.63
18,4,0.3,42,0.5733333333333334
18,4,0.3,99,0.64
18,4,0.4,0,0.6125
18,4,0.4,42,0.585
18,4,0.4,99,0.645
18,5,0.1,0,0.63
18,5,0.1,42,0.58
18,5,0.1,99,0.67
18,5,0.2,0,0.655
18,5,0.2,42,0.58
18,5,0.2,99,0.655
18,5,0.3,0,0.6533333333333333
18,5,0.3,42,0.6033333333333334
18,5,0.3,99,0.61
18,5,0.4,0,0.6325
18,5,0.4,42,0.61
18,5,0.4,99,0.6375
18,6,0.1,0,0.6
18,6,0.1,42,0.56
18,6,0.1,99,0.68
18,6,0.2,0,0.65
18,6,0.2,42,0.575
18,6,0.2,99,0.64
18,6,0.3,0,0.6633333333333333
18,6,0.3,42,0.58
18,6,0.3,99,0.6
18,6,0.4,0,0.6325
18,6,0.4,42,0.595
18,6,0.4,99,0.625
18,7,0.1,0,0.59
18,7,0.1,42,0.58
18,7,0.1,99,0.68
18,7,0.2,0,0.665
18,7,0.2,42,0.575
18,7,0.2,99,0.635
18,7,0.3,0,0.6533333333333333
18,7,0.3,42,0.59
18,7,0.3,99,0.6
18,7,0.4,0,0.605
18,7,0.4,42,0.58
18,7,0.4,99,0.6275
18,8,0.1,0,0.64
18,8,0.1,42,0.56
18,8,0.1,99,0.66
18,8,0.2,0,0.675
18,8,0.2,42,0.575
18,8,0.2,99,0.63
18,8,0.3,0,0.6666666666666666
18,8,0.3,42,0.5866666666666667
18,8,0.3,99,0.59
18,8,0.4,0,0.615
18,8,0.4,42,0.575
18,8,0.4,99,0.61
18,9,0.1,0,0.65
18,9,0.1,42,0.58
18,9,0.1,99,0.63
18,9,0.2,0,0.675
18,9,0.2,42,0.575
18,9,0.2,99,0.645
18,9,0.3,0,0.66
18,9,0.3,42,0.5933333333333334
18,9,0.3,99,0.59
18,9,0.4,0,0.6025
18,9,0.4,42,0.5875
18,9,0.4,99,0.6225
18,10,0.1,0,0.63
18,10,0.1,42,0.54
18,10,0.1,99,0.62
18,10,0.2,0,0.68
18,10,0.2,42,0.56
18,10,0.2,99,0.63
18,10,0.3,0,0.66
18,10,0.3,42,0.61
18,10,0.3,99,0.59
18,10,0.4,0,0.6
18,10,0.4,42,0.615
18,10,0.4,99,0.6075
18,11,0.1,0,0.66
18,11,0.1,42,0.53
18,11,0.1,99,0.61
18,11,0.2,0,0.68
18,11,0.2,42,0.595
18,11,0.2,99,0.62
18,11,0.3,0,0.64
18,11,0.3,42,0.6133333333333333
18,11,0.3,99,0.5833333333333334
18,11,0.4,0,0.595
18,11,0.4,42,0.605
18,11,0.4,99,0.6025
18,12,0.1,0,0.69
18,12,0.1,42,0.54
18,12,0.1,99,0.65
18,12,0.2,0,0.65
18,12,0.2,42,0.585
18,12,0.2,99,0.62
18,12,0.3,0,0.6233333333333333
18,12,0.3,42,0.6
18,12,0.3,99,0.5833333333333334
18,12,0.4,0,0.5775
18,12,0.4,42,0.59
18,12,0.4,99,0.5875
18,13,0.1,0,0.63
18,13,0.1,42,0.5
18,13,0.1,99,0.62
18,13,0.2,0,0.64
18,13,0.2,42,0.575
18,13,0.2,99,0.62
18,13,0.3,0,0.64
18,13,0.3,42,0.6033333333333334
18,13,0.3,99,0.57
18,13,0.4,0,0.585
18,13,0.4,42,0.595
18,13,0.4,99,0.58
18,14,0.1,0,0.63
18,14,0.1,42,0.51
18,14,0.1,99,0.61
18,14,0.2,0,0.65
18,14,0.2,42,0.57
18,14,0.2,99,0.62
18,14,0.3,0,0.6433333333333333
18,14,0.3,42,0.5833333333333334
18,14,0.3,99,0.57
18,14,0.4,0,0.5875
18,14,0.4,42,0.58
18,14,0.4,99,0.59
18,15,0.1,0,0.64
18,15,0.1,42,0.53
18,15,0.1,99,0.6
18,15,0.2,0,0.655
18,15,0.2,42,0.61
18,15,0.2,99,0.625
18,15,0.3,0,0.6333333333333333
18,15,0.3,42,0.5933333333333334
18,15,0.3,99,0.5766666666666667
18,15,0.4,0,0.5775
18,15,0.4,42,0.57
18,15,0.4,99,0.595
18,16,0.1,0,0.63
18,16,0.1,42,0.55
18,16,0.1,99,0.6
18,16,0.2,0,0.65
18,16,0.2,42,0.59
18,16,0.2,99,0.625
18,16,0.3,0,0.64
18,16,0.3,42,0.6
18,16,0.3,99,0.57
18,16,0.4,0,0.59
18,16,0.4,42,0.5675
18,16,0.4,99,0.595
18,17,0.1,0,0.62
18,17,0.1,42,0.56
18,17,0.1,99,0.62
18,17,0.2,0,0.65
18,17,0.2,42,0.57
18,17,0.2,99,0.63
18,17,0.3,0,0.64
18,17,0.3,42,0.57
18,17,0.3,99,0.58
18,17,0.4,0,0.6025
18,17,0.4,42,0.57
18,17,0.4,99,0.58
18,18,0.1,0,0.63
18,18,0.1,42,0.55
18,18,0.1,99,0.64
18,18,0.2,0,0.63
18,18,0.2,42,0.545
18,18,0.2,99,0.605
18,18,0.3,0,0.63
18,18,0.3,42,0.5666666666666667
18,18,0.3,99,0.5566666666666666
18,18,0.4,0,0.5825
18,18,0.4,42,0.555
18,18,0.4,99,0.5675
18,19,0.1,0,0.66
18,19,0.1,42,0.56
18,19,0.1,99,0.66
18,19,0.2,0,0.645
18,19,0.2,42,0.58
18,19,0.2,99,0.62
18,19,0.3,0,0.6233333333333333
18,19,0.3,42,0.57
18,19,0.3,99,0.56
18,19,0.4,0,0.585
18,19,0.4,42,0.57
18,19,0.4,99,0.5725
18,20,0.1,0,0.61
18,20,0.1,42,0.53
18,20,0.1,99,0.62
18,20,0.2,0,0.625
18,20,0.2,42,0.58
18,20,0.2,99,0.615
18,20,0.3,0,0.61
18,20,0.3,42,0.5633333333333334
18,20,0.3,99,0.55
18,20,0.4,0,0.5875
18,20,0.4,42,0.5625
18,20,0.4,99,0.5725
18,21,0.1,0,0.64
18,21,0.1,42,0.52
18,21,0.1,99,0.62
18,21,0.2,0,0.62
18,21,0.2,42,0.595
18,21,0.2,99,0.595
18,21,0.3,0,0.6133333333333333
18,21,0.3,42,0.5733333333333334
18,21,0.3,99,0.5633333333333334
18,21,0.4,0,0.5725
18,21,0.4,42,0.5675
18,21,0.4,99,0.5575
18,22,0.1,0,0.65
18,22,0.1,42,0.52
18,22,0.1,99,0.58
18,22,0.2,0,0.62
18,22,0.2,42,0.575
18,22,0.2,99,0.6
18,22,0.3,0,0.6
18,22,0.3,42,0.57
18,22,0.3,99,0.5666666666666667
18,22,0.4,0,0.57
18,22,0.4,42,0.565
18,22,0.4,99,0.56
18,23,0.1,0,0.65
18,23,0.1,42,0.51
18,23,0.1,99,0.58
18,23,0.2,0,0.62
18,23,0.2,42,0.58
18,23,0.2,99,0.635
18,23,0.3,0,0.6066666666666667
18,23,0.3,42,0.57
18,23,0.3,99,0.56
18,23,0.4,0,0.575
18,23,0.4,42,0.56
18,23,0.4,99,0.555
18,24,0.1,0,0.66
18,24,0.1,42,0.51
18,24,0.1,99,0.59
18,24,0.2,0,0.625
18,24,0.2,42,0.585
18,24,0.2,99,0.64
18,24,0.3,0,0.61
18,24,0.3,42,0.57
18,24,0.3,99,0.5566666666666666
18,24,0.4,0,0.5775
18,24,0.4,42,0.5425
18,24,0.4,99,0.5525
18,25,0.1,0,0.66
18,25,0.1,42,0.49
18,25,0.1,99,0.58
18,25,0.2,0,0.635
18,25,0.2,42,0.565
18,25,0.2,99,0.615
18,25,0.3,0,0.6
18,25,0.3,42,0.5566666666666666
18,25,0.3,99,0.5466666666666666
18,25,0.4,0,0.57
18,25,0.4,42,0.5525
18,25,0.4,99,0.55
18,26,0.1,0,0.63
18,26,0.1,42,0.48
18,26,0.1,99,0.56
18,26,0.2,0,0.625
18,26,0.2,42,0.555
18,26,0.2,99,0.615
18,26,0.3,0,0.5933333333333334
18,26,0.3,42,0.5566666666666666
18,26,0.3,99,0.5433333333333333
18,26,0.4,0,0.5675
18,26,0.4,42,0.56
18,26,0.4,99,0.565
18,27,0.1,0,0.67
18,27,0.1,42,0.48
18,27,0.1,99,0.62
18,27,0.2,0,0.61
18,27,0.2,42,0.56
18,27,0.2,99,0.61
18,27,0.3,0,0.5966666666666667
18,27,0.3,42,0.5566666666666666
18,27,0.3,99,0.5466666666666666
18,27,0.4,0,0.555
18,27,0.4,42,0.55
18,27,0.4,99,0.5625
18,28,0.1,0,0.65
18,28,0.1,42,0.49
18,28,0.1,99,0.6
18,28,0.2,0,0.61
18,28,0.2,42,0.56
18,28,0.2,99,0.575
18,28,0.3,0,0.5833333333333334
18,28,0.3,42,0.55
18,28,0.3,99,0.55
18,28,0.4,0,0.5675
18,28,0.4,42,0.5625
18,28,0.4,99,0.565
18,29,0.1,0,0.65
18,29,0.1,42,0.51
18,29,0.1,99,0.6
18,29,0.2,0,0.615
18,29,0.2,42,0.545
18,29,0.2,99,0.565
18,29,0.3,0,0.6033333333333334
18,29,0.3,42,0.5533333333333333
18,29,0.3,99,0.55
18,29,0.4,0,0.565
18,29,0.4,42,0.565
18,29,0.4,99,0.56
18,30,0.1,0,0.65
18,30,0.1,42,0.48
18,30,0.1,99,0.6
18,30,0.2,0,0.625
18,30,0.2,42,0.55
18,30,0.2,99,0.57
18,30,0.3,0,0.5833333333333334
18,30,0.3,42,0.5533333333333333
18,30,0.3,99,0.5466666666666666
18,30,0.4,0,0.5525
18,30,0.4,42,0.565
18,30,0.4,99,0.54
19,1,0.1,0,0.67
19,1,0.1,42,0.56
19,1,0.1,99,0.63
19,1,0.2,0,0.63
19,1,0.2,42,0.585
19,1,0.2,99,0.66
19,1,0.3,0,0.6066666666666667
19,1,0.3,42,0.5933333333333334
19,1,0.3,99,0.6066666666666667
19,1,0.4,0,0.6175
19,1,0.4,42,0.585
19,1,0.4,99,0.61
19,2,0.1,0,0.6
19,2,0.1,42,0.53
19,2,0.1,99,0.61
19,2,0.2,0,0.585
19,2,0.2,42,0.53
19,2,0.2,99,0.63
19,2,0.3,0,0.5633333333333334
19,2,0.3,42,0.5733333333333334
19,2,0.3,99,0.5866666666666667
19,2,0.4,0,0.5625
19,2,0.4,42,0.5775
19,2,0.4,99,0.5925
19,3,0.1,0,0.68
19,3,0.1,42,0.56
19,3,0.1,99,0.62
19,3,0.2,0,0.645
19,3,0.2,42,0.56
19,3,0.2,99,0.65
19,3,0.3,0,0.6266666666666667
19,3,0.3,42,0.5666666666666667
19,3,0.3,99,0.6
19,3,0.4,0,0.6025
19,3,0.4,42,0.5575
19,3,0.4,99,0.61
19,4,0.1,0,0.66
19,4,0.1,42,0.54
19,4,0.1,99,0.65
19,4,0.2,0,0.69
19,4,0.2,42,0.565
19,4,0.2,99,0.67
19,4,0.3,0,0.66
19,4,0.3,42,0.55
19,4,0.3,99,0.6033333333333334
19,4,0.4,0,0.6225
19,4,0.4,42,0.58
19,4,0.4,99,0.6125
19,5,0.1,0,0.73
19,5,0.1,42,0.54
19,5,0.1,99,0.66
19,5,0.2,0,0.68
19,5,0.2,42,0.575
19,5,0.2,99,0.665
19,5,0.3,0,0.66
19,5,0.3,42,0.6
19,5,0.3,99,0.5966666666666667
19,5,0.4,0,0.625
19,5,0.4,42,0.59
19,5,0.4,99,0.6125
19,6,0.1,0,0.67
19,6,0.1,42,0.55
19,6,0.1,99,0.66
19,6,0.2,0,0.685
19,6,0.2,42,0.575
19,6,0.2,99,0.645
19,6,0.3,0,0.6633333333333333
19,6,0.3,42,0.58
19,6,0.3,99,0.59
19,6,0.4,0,0.6125
19,6,0.4,42,0.5775
19,6,0.4,99,0.62
19,7,0.1,0,0.63
19,7,0.1,42,0.52
19,7,0.1,99,0.67
19,7,0.2,0,0.665
19,7,0.2,42,0.575
19,7,0.2,99,0.635
19,7,0.3,0,0.6433333333333333
19,7,0.3,42,0.5733333333333334
19,7,0.3,99,0.6233333333333333
19,7,0.4,0,0.6
19,7,0.4,42,0.5825
19,7,0.4,99,0.6375
19,8,0.1,0,0.67
19,8,0.1,42,0.54
19,8,0.1,99,0.65
19,8,0.2,0,0.67
19,8,0.2,42,0.59
19,8,0.2,99,0.655
19,8,0.3,0,0.64
19,8,0.3,42,0.59
19,8,0.3,99,0.62
19,8,0.4,0,0.62
19,8,0.4,42,0.59
19,8,0.4,99,0.6225
19,9,0.1,0,0.66
19,9,0.1,42,0.51
19,9,0.1,99,0.64
19,9,0.2,0,0.655
19,9,0.2,42,0.58
19,9,0.2,99,0.665
19,9,0.3,0,0.6466666666666666
19,9,0.3,42,0.6066666666666667
19,9,0.3,99,0.6133333333333333
19,9,0.4,0,0.6125
19,9,0.4,42,0.585
19,9,0.4,99,0.615
19,10,0.1,0,0.69
19,10,0.1,42,0.54
19,10,0.1,99,0.65
19,10,0.2,0,0.665
19,10,0.2,42,0.585
19,10,0.2,99,0.655
19,10,0.3,0,0.65
19,10,0.3,42,0.6033333333333334
19,10,0.3,99,0.5866666666666667
19,10,0.4,0,0.6125
19,10,0.4,42,0.5825
19,10,0.4,99,0.595
19,11,0.1,0,0.67
19,11,0.1,42,0.53
19,11,0.1,99,0.66
19,11,0.2,0,0.665
19,11,0.2,42,0.575
19,11,0.2,99,0.66
19,11,0.3,0,0.64
19,11,0.3,42,0.5933333333333334
19,11,0.3,99,0.59
19,11,0.4,0,0.6125
19,11,0.4,42,0.5875
19,11,0.4,99,0.605
19,12,0.1,0,0.66
19,12,0.1,42,0.54
19,12,0.1,99,0.67
19,12,0.2,0,0.64
19,12,0.2,42,0.57
19,12,0.2,99,0.68
19,12,0.3,0,0.66
19,12,0.3,42,0.6066666666666667
19,12,0.3,99,0.57
19,12,0.4,0,0.6075
19,12,0.4,42,0.5825
19,12,0.4,99,0.59
19,13,0.1,0,0.65
19,13,0.1,42,0.51
19,13,0.1,99,0.66
19,13,0.2,0,0.64
19,13,0.2,42,0.565
19,13,0.2,99,0.65
19,13,0.3,0,0.6466666666666666
19,13,0.3,42,0.5866666666666667
19,13,0.3,99,0.5666666666666667
19,13,0.4,0,0.6025
19,13,0.4,42,0.5575
19,13,0.4,99,0.605
19,14,0.1,0,0.66
19,14,0.1,42,0.54
19,14,0.1,99,0.67
19,14,0.2,0,0.64
19,14,0.2,42,0.585
19,14,0.2,99,0.63
19,14,0.3,0,0.66
19,14,0.3,42,0.6066666666666667
19,14,0.3,99,0.5566666666666666
19,14,0.4,0,0.595
19,14,0.4,42,0.5575
19,14,0.4,99,0.5925
19,15,0.1,0,0.68
19,15,0.1,42,0.54
19,15,0.1,99,0.66
19,15,0.2,0,0.65
19,15,0.2,42,0.585
19,15,0.2,99,0.635
19,15,0.3,0,0.6466666666666666
19,15,0.3,42,0.6
19,15,0.3,99,0.5466666666666666
19,15,0.4,0,0.5825
19,15,0.4,42,0.5475
19,15,0.4,99,0.5875
19,16,0.1,0,0.67
19,16,0.1,42,0.55
19,16,0.1,99,0.65
19,16,0.2,0,0.64
19,16,0.2,42,0.575
19,16,0.2,99,0.625
19,16,0.3,0,0.6266666666666667
19,16,0.3,42,0.6033333333333334
19,16,0.3,99,0.56
19,16,0.4,0,0.5825
19,16,0.4,42,0.5775
19,16,0.4,99,0.565
19,17,0.1,0,0.67
19,17,0.1,42,0.55
19,17,0.1,99,0.65
19,17,0.2,0,0.625
19,17,0.2,42,0.565
19,17,0.2,99,0.625
19,17,0.3,0,0.63
19,17,0.3,42,0.5833333333333334
19,17,0.3,99,0.5533333333333333
19,17,0.4,0,0.57
19,17,0.4,42,0.5625
19,17,0.4,99,0.565
19,18,0.1,0,0.65
19,18,0.1,42,0.53
19,18,0.1,99,0.64
19,18,0.2,0,0.64
19,18,0.2,42,0.57
19,18,0.2,99,0.625
19,18,0.3,0,0.5966666666666667
19,18,0.3,42,0.59
19,18,0.3,99,0.56
19,18,0.4,0,0.575
19,18,0.4,42,0.5675
19,18,0.4,99,0.5675
19,19,0.1,0,0.64
19,19,0.1,42,0.53
19,19,0.1,99,0.66
19,19,0.2,0,0.635
19,19,0.2,42,0.565
19,19,0.2,99,0.625
19,19,0.3,0,0.6066666666666667
19,19,0.3,42,0.5933333333333334
19,19,0.3,99,0.56
19,19,0.4,0,0.5725
19,19,0.4,42,0.57
19,19,0.4,99,0.5675
19,20,0.1,0,0.64
19,20,0.1,42,0.55
19,20,0.1,99,0.63
19,20,0.2,0,0.63
19,20,0.2,42,0.585
19,20,0.2,99,0.625
19,20,0.3,0,0.6166666666666667
19,20,0.3,42,0.5833333333333334
19,20,0.3,99,0.5566666666666666
19,20,0.4,0,0.575
19,20,0.4,42,0.5625
19,20,0.4,99,0.5625
19,21,0.1,0,0.66
19,21,0.1,42,0.53
19,21,0.1,99,0.64
19,21,0.2,0,0.63
19,21,0.2,42,0.58
19,21,0.2,99,0.605
19,21,0.3,0,0.6
19,21,0.3,42,0.58
19,21,0.3,99,0.5533333333333333
19,21,0.4,0,0.5725
19,21,0.4,42,0.5575
19,21,0.4,99,0.5675
19,22,0.1,0,0.67
19,22,0.1,42,0.56
19,22,0.1,99,0.64
19,22,0.2,0,0.62
19,22,0.2,42,0.57
19,22,0.2,99,0.605
19,22,0.3,0,0.6
19,22,0.3,42,0.59
19,22,0.3,99,0.5533333333333333
19,22,0.4,0,0.5675
19,22,0.4,42,0.5725
19,22,0.4,99,0.5525
19,23,0.1,0,0.67
19,23,0.1,42,0.5
19,23,0.1,99,0.62
19,23,0.2,0,0.615
19,23,0.2,42,0.55
19,23,0.2,99,0.615
19,23,0.3,0,0.6033333333333334
19,23,0.3,42,0.5666666666666667
19,23,0.3,99,0.5666666666666667
19,23,0.4,0,0.5675
19,23,0.4,42,0.5725
19,23,0.4,99,0.5575
19,24,0.1,0,0.66
19,24,0.1,42,0.47
19,24,0.1,99,0.6
19,24,0.2,0,0.615
19,24,0.2,42,0.565
19,24,0.2,99,0.61
19,24,0.3,0,0.6033333333333334
19,24,0.3,42,0.5666666666666667
19,24,0.3,99,0.57
19,24,0.4,0,0.57
19,24,0.4,42,0.5675
19,24,0.4,99,0.545
19,25,0.1,0,0.67
19,25,0.1,42,0.46
19,25,0.1,99,0.59
19,25,0.2,0,0.63
19,25,0.2,42,0.56
19,25,0.2,99,0.6
19,25,0.3,0,0.6033333333333334
19,25,0.3,42,0.6
19,25,0.3,99,0.5566666666666666
19,25,0.4,0,0.5775
19,25,0.4,42,0.565
19,25,0.4,99,0.5475
19,26,0.1,0,0.66
19,26,0.1,42,0.47
19,26,0.1,99,0.59
19,26,0.2,0,0.615
19,26,0.2,42,0.57
19,26,0.2,99,0.61
19,26,0.3,0,0.6033333333333334
19,26,0.3,42,0.5766666666666667
19,26,0.3,99,0.55
19,26,0.4,0,0.5775
19,26,0.4,42,0.5625
19,26,0.4,99,0.5425
19,27,0.1,0,0.66
19,27,0.1,42,0.47
19,27,0.1,99,0.58
19,27,0.2,0,0.62
19,27,0.2,42,0.555
19,27,0.2,99,0.61
19,27,0.3,0,0.5966666666666667
19,27,0.3,42,0.5666666666666667
19,27,0.3,99,0.5466666666666666
19,27,0.4,0,0.545
19,27,0.4,42,0.55
19,27,0.4,99,0.535
19,28,0.1,0,0.67
19,28,0.1,42,0.51
19,28,0.1,99,0.58
19,28,0.2,0,0.6
19,28,0.2,42,0.585
19,28,0.2,99,0.6
19,28,0.3,0,0.59
19,28,0.3,42,0.5633333333333334
19,28,0.3,99,0.53
19,28,0.4,0,0.545
19,28,0.4,42,0.5525
19,28,0.4,99,0.5225
19,29,0.1,0,0.66
19,29,0.1,42,0.48
19,29,0.1,99,0.56
19,29,0.2,0,0.595
19,29,0.2,42,0.57
19,29,0.2,99,0.595
19,29,0.3,0,0.5666666666666667
19,29,0.3,42,0.5633333333333334
19,29,0.3,99,0.5233333333333333
19,29,0.4,0,0.535
19,29,0.4,42,0.56
19,29,0.4,99,0.5275
19,30,0.1,0,0.69
19,30,0.1,42,0.46
19,30,0.1,99,0.54
19,30,0.2,0,0.62
19,30,0.2,42,0.55
19,30,0.2,99,0.605
19,30,0.3,0,0.56
19,30,0.3,42,0.5666666666666667
19,30,0.3,99,0.52
19,30,0.4,0,0.5325
19,30,0.4,42,0.55
19,30,0.4,99,0.51
20,1,0.1,0,0.7
20,1,0.1,42,0.55
20,1,0.1,99,0.66
20,1,0.2,0,0.635
20,1,0.2,42,0.575
20,1,0.2,99,0.665
20,1,0.3,0,0.6233333333333333
20,1,0.3,42,0.5666666666666667
20,1,0.3,99,0.6133333333333333
20,1,0.4,0,0.6225
20,1,0.4,42,0.5775
20,1,0.4,99,0.6125
20,2,0.1,0,0.67
20,2,0.1,42,0.51
20,2,0.1,99,0.63
20,2,0.2,0,0.6
20,2,0.2,42,0.53
20,2,0.2,99,0.625
20,2,0.3,0,0.5866666666666667
20,2,0.3,42,0.54
20,2,0.3,99,0.5833333333333334
20,2,0.4,0,0.555
20,2,0.4,42,0.5575
20,2,0.4,99,0.595
20,3,0.1,0,0.68
20,3,0.1,42,0.59
20,3,0.1,99,0.63
20,3,0.2,0,0.645
20,3,0.2,42,0.59
20,3,0.2,99,0.645
20,3,0.3,0,0.6266666666666667
20,3,0.3,42,0.5733333333333334
20,3,0.3,99,0.5866666666666667
20,3,0.4,0,0.6075
20,3,0.4,42,0.5625
20,3,0.4,99,0.6
20,4,0.1,0,0.67
20,4,0.1,42,0.56
20,4,0.1,99,0.68
20,4,0.2,0,0.675
20,4,0.2,42,0.56
20,4,0.2,99,0.685
20,4,0.3,0,0.6533333333333333
20,4,0.3,42,0.5633333333333334
20,4,0.3,99,0.6133333333333333
20,4,0.4,0,0.605
20,4,0.4,42,0.5525
20,4,0.4,99,0.6375
20,5,0.1,0,0.72
20,5,0.1,42,0.58
20,5,0.1,99,0.66
20,5,0.2,0,0.665
20,5,0.2,42,0.585
20,5,0.2,99,0.65
20,5,0.3,0,0.6433333333333333
20,5,0.3,42,0.5833333333333334
20,5,0.3,99,0.5933333333333334
20,5,0.4,0,0.5975
20,5,0.4,42,0.58
20,5,0.4,99,0.6225
20,6,0.1,0,0.65
20,6,0.1,42,0.52
20,6,0.1,99,0.64
20,6,0.2,0,0.65
20,6,0.2,42,0.58
20,6,0.2,99,0.655
20,6,0.3,0,0.64
20,6,0.3,42,0.5633333333333334
20,6,0.3,99,0.6266666666666667
20,6,0.4,0,0.62
20,6,0.4,42,0.5725
20,6,0.4,99,0.62
20,7,0.1,0,0.68
20,7,0.1,42,0.54
20,7,0.1,99,0.65
20,7,0.2,0,0.66
20,7,0.2,42,0.555
20,7,0.2,99,0.655
20,7,0.3,0,0.65
20,7,0.3,42,0.5633333333333334
20,7,0.3,99,0.6233333333333333
20,7,0.4,0,0.6075
20,7,0.4,42,0.56
20,7,0.4,99,0.6175
20,8,0.1,0,0.63
20,8,0.1,42,0.53
20,8,0.1,99,0.67
20,8,0.2,0,0.625
20,8,0.2,42,0.535
20,8,0.2,99,0.665
20,8,0.3,0,0.65
20,8,0.3,42,0.56
20,8,0.3,99,0.6133333333333333
20,8,0.4,0,0.61
20,8,0.4,42,0.5925
20,8,0.4,99,0.6075
20,9,0.1,0,0.65
20,9,0.1,42,0.53
20,9,0.1,99,0.68
20,9,0.2,0,0.635
20,9,0.2,42,0.555
20,9,0.2,99,0.67
20,9,0.3,0,0.6333333333333333
20,9,0.3,42,0.5933333333333334
20,9,0.3,99,0.59
20,9,0.4,0,0.605
20,9,0.4,42,0.59
20,9,0.4,99,0.6075
20,10,0.1,0,0.67
20,10,0.1,42,0.5
20,10,0.1,99,0.68
20,10,0.2,0,0.64
20,10,0.2,42,0.565
20,10,0.2,99,0.65
20,10,0.3,0,0.61
20,10,0.3,42,0.58
20,10,0.3,99,0.59
20,10,0.4,0,0.6025
20,10,0.4,42,0.5875
20,10,0.4,99,0.6025
20,11,0.1,0,0.65
20,11,0.1,42,0.52
20,11,0.1,99,0.64
20,11,0.2,0,0.64
20,11,0.2,42,0.57
20,11,0.2,99,0.63
20,11,0.3,0,0.6233333333333333
20,11,0.3,42,0.58
20,11,0.3,99,0.5833333333333334
20,11,0.4,0,0.61
20,11,0.4,42,0.5775
20,11,0.4,99,0.61
20,12,0.1,0,0.65
20,12,0.1,42,0.55
20,12,0.1,99,0.62
20,12,0.2,0,0.645
20,12,0.2,42,0.58
20,12,0.2,99,0.63
20,12,0.3,0,0.6266666666666667
20,12,0.3,42,0.58
20,12,0.3,99,0.58
20,12,0.4,0,0.61
20,12,0.4,42,0.58
20,12,0.4,99,0.605
20,13,0.1,0,0.65
20,13,0.1,42,0.52
20,13,0.1,99,0.65
20,13,0.2,0,0.635
20,13,0.2,42,0.545
20,13,0.2,99,0.65
20,13,0.3,0,0.6266666666666667
20,13,0.3,42,0.5733333333333334
20,13,0.3,99,0.5766666666666667
20,13,0.4,0,0.575
20,13,0.4,42,0.56
20,13,0.4,99,0.6025
20,14,0.1,0,0.66
20,14,0.1,42,0.54
20,14,0.1,99,0.65
20,14,0.2,0,0.63
20,14,0.2,42,0.57
20,14,0.2,99,0.65
20,14,0.3,0,0.6033333333333334
20,14,0.3,42,0.5866666666666667
20,14,0.3,99,0.5933333333333334
20,14,0.4,0,0.5775
20,14,0.4,42,0.5525
20,14,0.4,99,0.5875
20,15,0.1,0,0.68
20,15,0.1,42,0.5
20,15,0.1,99,0.65
20,15,0.2,0,0.62
20,15,0.2,42,0.56
20,15,0.2,99,0.655
20,15,0.3,0,0.59
20,15,0.3,42,0.5933333333333334
20,15,0.3,99,0.6
20,15,0.4,0,0.585
20,15,0.4,42,0.555
20,15,0.4,99,0.5925
20,16,0.1,0,0.69
20,16,0.1,42,0.51
20,16,0.1,99,0.66
20,16,0.2,0,0.615
20,16,0.2,42,0.57
20,16,0.2,99,0.64
20,16,0.3,0,0.6066666666666667
20,16,0.3,42,0.5766666666666667
20,16,0.3,99,0.5833333333333334
20,16,0.4,0,0.5925
20,16,0.4,42,0.5775
20,16,0.4,99,0.5775
20,17,0.1,0,0.67
20,17,0.1,42,0.52
20,17,0.1,99,0.68
20,17,0.2,0,0.605
20,17,0.2,42,0.56
20,17,0.2,99,0.635
20,17,0.3,0,0.58
20,17,0.3,42,0.58
20,17,0.3,99,0.5766666666666667
20,17,0.4,0,0.5775
20,17,0.4,42,0.575
20,17,0.4,99,0.5625
20,18,0.1,0,0.67
20,18,0.1,42,0.51
20,18,0.1,99,0.66
20,18,0.2,0,0.605
20,18,0.2,42,0.59
20,18,0.2,99,0.645
20,18,0.3,0,0.5833333333333334
20,18,0.3,42,0.5933333333333334
20,18,0.3,99,0.5666666666666667
20,18,0.4,0,0.5675
20,18,0.4,42,0.57
20,18,0.4,99,0.5675
20,19,0.1,0,0.68
20,19,0.1,42,0.51
20,19,0.1,99,0.65
20,19,0.2,0,0.605
20,19,0.2,42,0.595
20,19,0.2,99,0.625
20,19,0.3,0,0.5833333333333334
20,19,0.3,42,0.59
20,19,0.3,99,0.5666666666666667
20,19,0.4,0,0.565
20,19,0.4,42,0.56
20,19,0.4,99,0.5625
20,20,0.1,0,0.68
20,20,0.1,42,0.51
20,20,0.1,99,0.65
20,20,0.2,0,0.595
20,20,0.2,42,0.565
20,20,0.2,99,0.62
20,20,0.3,0,0.59
20,20,0.3,42,0.5833333333333334
20,20,0.3,99,0.5566666666666666
20,20,0.4,0,0.565
20,20,0.4,42,0.5575
20,20,0.4,99,0.565
20,21,0.1,0,0.69
20,21,0.1,42,0.49
20,21,0.1,99,0.65
20,21,0.2,0,0.605
20,21,0.2,42,0.585
20,21,0.2,99,0.595
20,21,0.3,0,0.59
20,21,0.3,42,0.59
20,21,0.3,99,0.57
20,21,0.4,0,0.5675
20,21,0.4,42,0.5475
20,21,0.4,99,0.5475
20,22,0.1,0,0.71
20,22,0.1,42,0.48
20,22,0.1,99,0.63
20,22,0.2,0,0.615
20,22,0.2,42,0.565
20,22,0.2,99,0.595
20,22,0.3,0,0.5966666666666667
20,22,0.3,42,0.58
20,22,0.3,99,0.5666666666666667
20,22,0.4,0,0.5725
20,22,0.4,42,0.55
20,22,0.4,99,0.565
20,23,0.1,0,0.7
20,23,0.1,42,0.52
20,23,0.1,99,0.62
20,23,0.2,0,0.6
20,23,0.2,42,0.56
20,23,0.2,99,0.595
20,23,0.3,0,0.5733333333333334
20,23,0.3,42,0.5733333333333334
20,23,0.3,99,0.5633333333333334
20,23,0.4,0,0.5675
20,23,0.4,42,0.565
20,23,0.4,99,0.57
20,24,0.1,0,0.7
20,24,0.1,42,0.51
20,24,0.1,99,0.6
20,24,0.2,0,0.605
20,24,0.2,42,0.555
20,24,0.2,99,0.6
20,24,0.3,0,0.5966666666666667
20,24,0.3,42,0.5733333333333334
20,24,0.3,99,0.57
20,24,0.4,0,0.555
20,24,0.4,42,0.5675
20,24,0.4,99,0.565
20,25,0.1,0,0.7
20,25,0.1,42,0.49
20,25,0.1,99,0.6
20,25,0.2,0,0.605
20,25,0.2,42,0.55
20,25,0.2,99,0.6
20,25,0.3,0,0.58
20,25,0.3,42,0.58
20,25,0.3,99,0.5566666666666666
20,25,0.4,0,0.555
20,25,0.4,42,0.5525
20,25,0.4,99,0.5525
20,26,0.1,0,0.69
20,26,0.1,42,0.49
20,26,0.1,99,0.57
20,26,0.2,0,0.605
20,26,0.2,42,0.565
20,26,0.2,99,0.595
20,26,0.3,0,0.5766666666666667
20,26,0.3,42,0.5733333333333334
20,26,0.3,99,0.5633333333333334
20,26,0.4,0,0.565
20,26,0.4,42,0.54
20,26,0.4,99,0.5475
20,27,0.1,0,0.66
20,27,0.1,42,0.49
20,27,0.1,99,0.58
20,27,0.2,0,0.59
20,27,0.2,42,0.56
20,27,0.2,99,0.6
20,27,0.3,0,0.5766666666666667
20,27,0.3,42,0.57
20,27,0.3,99,0.5466666666666666
20,27,0.4,0,0.55
20,27,0.4,42,0.5475
20,27,0.4,99,0.55
20,28,0.1,0,0.67
20,28,0.1,42,0.49
20,28,0.1,99,0.59
20,28,0.2,0,0.59
20,28,0.2,42,0.55
20,28,0.2,99,0.595
20,28,0.3,0,0.57
20,28,0.3,42,0.5733333333333334
20,28,0.3,99,0.5433333333333333
20,28,0.4,0,0.55
20,28,0.4,42,0.555
20,28,0.4,99,0.5475
20,29,0.1,0,0.66
20,29,0.1,42,0.51
20,29,0.1,99,0.59
20,29,0.2,0,0.59
20,29,0.2,42,0.545
20,29,0.2,99,0.6
20,29,0.3,0,0.5766666666666667
20,29,0.3,42,0.5533333333333333
20,29,0.3,99,0.54
20,29,0.4,0,0.53
20,29,0.4,42,0.535
20,29,0.4,99,0.525
20,30,0.1,0,0.68
20,30,0.1,42,0.51
20,30,0.1,99,0.6
20,30,0.2,0,0.585
20,30,0.2,42,0.55
20,30,0.2,99,0.585
20,30,0.3,0,0.58
20,30,0.3,42,0.5566666666666666
20,30,0.3,99,0.53
20,30,0.4,0,0.5225
20,30,0.4,42,0.535
20,30,0.4,99,0.5225
